visitor_id,avg_ctr,click_count,impression_count
1,0.9524,20,21
2,0.7857,11,14
3,0.6471,22,34
4,0.5714,16,28
5,0.7115,37,52
6,0.6087,14,23
7,0.3585,19,53
8,0.6714,47,70
9,1.0,2,2
10,0.8889,8,9
11,0.8732,62,71
12,0.5278,19,36
13,0.5645,35,62
14,0.7308,38,52
15,0.2653,13,49
16,0.5833,7,12
17,0.5,3,6
18,0.625,10,16
19,0.6327,31,49
20,0.4286,3,7
21,0.6471,22,34
22,0.5806,18,31
23,0.7097,22,31
24,0.5327,57,107
25,0.7857,33,42
26,0.3934,24,61
27,0.75,12,16
28,0.2188,7,32
29,0.4407,78,177
30,0.2,2,10
31,0.375,3,8
32,0.4028,29,72
33,0.5,4,8
34,0.6667,62,93
35,0.7037,19,27
36,0.1667,1,6
38,0.5135,38,74
39,0.5789,11,19
40,0.3846,5,13
41,0.8235,14,17
42,0.8462,11,13
43,0.7143,15,21
44,1.0,10,10
45,0.4545,5,11
46,0.4828,56,116
47,0.28,7,25
48,0.7031,45,64
49,0.7273,8,11
50,0.9231,24,26
51,0.8,12,15
52,0.4,8,20
53,0.7857,55,70
54,0.4586,61,133
55,0.875,7,8
56,0.4783,22,46
57,0.8571,6,7
58,0.8777,122,139
59,0.7,7,10
60,0.7333,11,15
61,0.5,15,30
62,1.0,8,8
63,0.75,9,12
64,0.8438,27,32
65,0.875,7,8
66,0.6667,14,21
67,0.7895,15,19
68,0.4062,13,32
69,0.2304,44,191
70,0.4286,15,35
71,1.0,2,2
72,0.7778,21,27
73,0.5263,20,38
74,1.0,18,18
75,0.7021,33,47
76,0.625,5,8
77,0.5,9,18
78,0.75,9,12
79,0.8,4,5
80,0.5,9,18
81,1.0,5,5
82,1.0,19,19
83,0.7778,7,9
84,0.7222,26,36
85,1.0,12,12
86,0.6,3,5
87,0.2571,9,35
88,0.234,11,47
89,0.8571,6,7
90,0.7429,26,35
91,0.5486,79,144
92,0.5,2,4
93,0.6182,34,55
94,0.6,3,5
95,0.3478,8,23
96,0.6667,24,36
97,0.4167,5,12
98,1.0,8,8
99,0.9,9,10
100,0.5,24,48
101,0.4878,60,123
102,0.8824,15,17
103,0.5556,5,9
104,0.2346,61,260
105,0.6364,14,22
106,0.8333,5,6
107,0.5714,4,7
108,0.2778,25,90
109,0.5484,17,31
110,0.7619,16,21
111,1.0,4,4
112,0.8182,18,22
113,0.6818,15,22
114,0.5957,28,47
115,0.3846,5,13
116,0.1826,44,241
117,0.8,28,35
118,0.8333,5,6
119,0.6333,19,30
120,0.4583,22,48
121,0.7857,11,14
122,0.7353,25,34
123,0.1429,3,21
124,0.6235,53,85
125,0.0,0,1
126,0.3871,12,31
127,0.7353,50,68
128,0.4231,11,26
129,0.3103,9,29
130,0.4311,72,167
131,0.0519,4,77
132,0.6429,45,70
133,0.8158,31,38
134,0.2638,43,163
135,0.5349,23,43
136,1.0,5,5
137,0.5909,39,66
138,0.7778,7,9
139,0.1667,2,12
140,0.6807,81,119
141,0.6,6,10
142,0.375,24,64
143,0.5484,17,31
144,0.5667,17,30
145,0.6667,4,6
146,0.4091,9,22
147,0.5714,36,63
148,0.5714,24,42
149,0.3929,11,28
150,0.0,0,4
151,0.4118,7,17
152,0.7073,29,41
153,0.8444,38,45
154,0.8108,30,37
155,0.5,5,10
156,0.5628,224,398
157,0.4583,11,24
158,0.4158,79,190
159,0.76,19,25
160,0.3333,51,153
161,0.1429,1,7
162,0.6087,14,23
163,1.0,10,10
164,0.7,49,70
165,0.1518,17,112
166,0.5,2,4
167,0.5,4,8
168,1.0,21,21
169,0.5714,24,42
170,0.7778,42,54
171,0.7143,5,7
172,0.2222,8,36
173,0.2,1,5
174,0.5,1,2
175,0.6786,19,28
176,0.8,4,5
177,0.6,3,5
178,1.0,13,13
179,0.25,1,4
180,0.6667,4,6
181,0.8889,8,9
182,1.0,1,1
183,0.3529,18,51
184,0.4844,93,192
185,0.4706,8,17
186,0.3559,21,59
187,1.0,7,7
188,0.1806,13,72
189,0.9189,34,37
190,0.8889,8,9
191,0.75,6,8
192,0.4615,6,13
193,0.0,0,3
194,0.8333,5,6
195,0.4,2,5
196,0.5,1,2
197,1.0,6,6
198,1.0,3,3
199,0.4444,8,18
200,0.5,39,78
201,0.9167,11,12
202,0.2093,18,86
203,0.4615,6,13
204,0.8571,18,21
205,0.48,24,50
206,0.7037,19,27
207,0.2222,4,18
208,0.6907,134,194
209,0.7857,11,14
211,0.7727,17,22
212,0.6154,8,13
213,1.0,6,6
214,0.5172,15,29
215,0.4375,14,32
216,0.5952,25,42
217,0.375,3,8
218,0.9167,22,24
219,0.0,0,2
220,0.7273,32,44
221,0.5,11,22
222,0.7,7,10
223,0.0,0,1
224,0.5556,15,27
225,0.463,25,54
226,0.8,4,5
227,0.2857,2,7
228,0.4,14,35
229,0.3898,23,59
230,0.66,33,50
231,0.5185,14,27
232,0.9268,38,41
233,0.2857,20,70
234,0.3333,10,30
235,0.48,12,25
236,0.8333,5,6
237,0.9074,49,54
238,0.6212,41,66
239,0.9583,46,48
240,0.6429,18,28
241,0.9524,20,21
242,0.5538,36,65
243,0.55,11,20
244,0.8393,47,56
245,0.8438,108,128
246,0.5455,6,11
247,0.4586,61,133
248,0.7826,18,23
249,0.6731,35,52
250,0.0,0,6
251,0.6496,89,137
252,0.8333,20,24
253,0.5833,7,12
254,0.6316,24,38
255,0.7059,12,17
256,0.7692,10,13
257,0.5556,5,9
258,0.4694,23,49
259,0.3077,16,52
260,0.4286,9,21
261,0.2609,6,23
262,0.8333,10,12
263,0.4746,28,59
264,0.5667,17,30
265,0.3684,7,19
266,0.5294,9,17
267,0.875,14,16
268,0.7778,7,9
269,0.3542,17,48
270,0.9231,24,26
271,0.3562,26,73
272,0.5882,10,17
273,0.4615,6,13
274,0.1364,3,22
275,1.0,16,16
276,0.2222,2,9
277,0.8571,6,7
278,0.5532,52,94
279,0.8235,28,34
280,0.96,48,50
281,0.7143,5,7
282,0.8,4,5
283,0.6552,57,87
284,0.68,17,25
285,0.6471,22,34
286,0.5156,33,64
287,0.8,16,20
288,0.3235,11,34
289,0.6875,11,16
290,0.65,13,20
291,0.6667,2,3
292,0.3171,26,82
293,0.4706,8,17
294,0.5957,84,141
295,0.159,31,195
296,0.72,18,25
297,0.3333,1,3
298,0.2896,86,297
299,0.2308,3,13
300,0.8571,6,7
302,1.0,3,3
303,0.641,25,39
304,0.8182,9,11
305,0.75,6,8
306,0.5556,15,27
307,0.85,17,20
308,0.5625,9,16
309,0.6413,59,92
310,0.6944,25,36
311,0.2857,26,91
312,0.7143,10,14
313,0.4783,11,23
314,0.9333,14,15
315,0.5909,13,22
316,0.5152,17,33
317,0.6667,36,54
318,0.5625,9,16
319,0.75,9,12
320,0.9,9,10
321,0.7273,8,11
322,0.6667,4,6
323,0.5,2,4
324,0.3421,13,38
325,0.5,9,18
326,0.2105,4,19
327,0.5833,14,24
328,0.3,6,20
329,0.7391,17,23
330,0.1955,43,220
331,0.4031,52,129
332,0.3261,15,46
333,0.6792,36,53
334,0.3147,45,143
335,0.7812,25,32
336,0.4,14,35
337,0.9333,28,30
338,0.8125,13,16
339,0.92,23,25
340,0.7778,14,18
341,0.0,0,7
342,0.875,7,8
343,0.3415,14,41
344,0.7045,31,44
345,0.4286,3,7
346,0.6667,12,18
347,0.4948,48,97
348,0.918,56,61
349,0.5,16,32
350,0.3571,5,14
351,0.8889,8,9
352,0.6562,21,32
353,1.0,8,8
354,0.5,17,34
355,0.375,3,8
356,1.0,4,4
357,1.0,7,7
358,0.3846,20,52
359,0.8125,117,144
360,1.0,55,55
361,0.9231,24,26
362,1.0,4,4
363,0.4545,5,11
364,0.0,0,4
365,0.377,23,61
366,0.439,18,41
367,0.3525,43,122
368,0.3621,21,58
369,0.6667,6,9
370,0.9811,52,53
371,1.0,3,3
372,0.8571,18,21
373,0.5385,7,13
374,0.5769,45,78
375,0.8784,65,74
376,0.75,9,12
377,0.5041,62,123
378,0.6774,42,62
379,0.5385,7,13
380,0.6522,15,23
381,0.6615,43,65
382,1.0,3,3
383,0.2857,2,7
384,0.7143,5,7
385,0.6667,8,12
386,0.7258,45,62
387,0.9322,55,59
388,0.1835,20,109
389,0.3445,41,119
390,0.6092,53,87
391,0.625,10,16
392,0.75,3,4
393,0.5,10,20
394,0.758,119,157
395,0.7143,10,14
396,0.3333,2,6
397,0.7027,26,37
398,0.7143,5,7
399,0.8485,28,33
400,1.0,11,11
401,0.7594,101,133
402,0.7778,21,27
403,0.6667,2,3
404,0.1667,1,6
405,0.5714,4,7
406,0.1053,10,95
407,0.9167,22,24
408,1.0,3,3
409,0.8103,47,58
410,0.875,7,8
411,0.7037,19,27
412,0.4242,14,33
413,0.5932,70,118
414,0.5846,38,65
415,0.5789,33,57
416,0.6818,30,44
417,0.3411,44,129
418,0.7692,10,13
419,1.0,11,11
420,0.625,5,8
421,0.4324,48,111
422,0.4615,36,78
423,0.8462,11,13
424,0.3393,57,168
425,0.9362,44,47
426,0.8824,15,17
427,0.3651,46,126
428,0.4615,6,13
429,0.9286,13,14
430,0.5147,35,68
431,0.6,12,20
432,0.8889,8,9
433,0.6829,28,41
434,1.0,2,2
435,0.2537,34,134
436,0.8,24,30
437,0.6154,16,26
438,0.1266,10,79
439,0.8,8,10
440,0.8108,30,37
441,0.75,9,12
442,0.7778,7,9
443,0.5789,22,38
444,0.4902,25,51
445,0.5753,42,73
446,0.7143,30,42
447,0.5455,6,11
448,0.5714,28,49
449,0.6522,15,23
450,0.3333,9,27
451,0.5,22,44
452,0.5882,20,34
453,0.5909,39,66
454,0.4,2,5
455,0.3571,10,28
456,0.5882,10,17
457,0.5402,47,87
458,0.6667,2,3
459,0.9286,13,14
460,0.0,0,4
461,0.5164,63,122
462,0.619,52,84
463,0.675,54,80
464,0.3333,2,6
465,0.7308,95,130
466,0.7586,22,29
467,0.4545,5,11
468,0.8,4,5
469,0.5192,27,52
470,0.4,2,5
471,0.6667,52,78
472,1.0,19,19
473,0.6308,41,65
474,0.8158,31,38
475,0.6842,26,38
476,0.7857,11,14
477,0.4,2,5
478,0.7727,17,22
479,0.3556,32,90
480,0.25,2,8
481,0.3721,16,43
482,1.0,31,31
483,0.6061,20,33
484,0.7778,7,9
485,0.0667,3,45
486,0.9062,29,32
487,0.5455,6,11
488,0.3906,25,64
489,0.4688,45,96
490,0.5205,38,73
491,0.697,23,33
492,0.5278,38,72
493,0.2143,3,14
494,0.6571,23,35
495,0.5833,7,12
496,0.7838,29,37
497,0.5769,15,26
498,0.2857,2,7
499,0.6667,4,6
500,0.9677,30,31
501,0.4444,8,18
502,0.8,8,10
503,0.625,15,24
504,0.6596,31,47
505,0.9375,15,16
506,0.4412,15,34
507,0.4286,3,7
508,0.875,49,56
509,0.7398,91,123
510,0.5,3,6
511,0.5,3,6
512,0.8974,35,39
513,0.6667,2,3
514,0.5217,24,46
515,0.5965,34,57
516,0.5238,66,126
517,0.6098,25,41
518,0.5263,30,57
519,0.4,2,5
520,0.913,42,46
521,0.6786,19,28
522,1.0,3,3
523,0.7,7,10
524,0.3846,10,26
525,0.75,15,20
526,0.4,6,15
527,1.0,1,1
528,0.6667,2,3
529,0.0,0,2
530,0.2857,4,14
531,0.5,10,20
532,0.8333,5,6
533,0.8889,24,27
534,0.7778,7,9
535,1.0,1,1
536,0.2727,18,66
537,0.9,9,10
538,0.55,11,20
539,1.0,8,8
540,0.9231,12,13
541,1.0,8,8
542,0.5652,13,23
543,0.6216,23,37
544,0.1176,4,34
545,0.3365,35,104
546,0.6585,54,82
547,0.4211,8,19
548,0.4783,22,46
549,0.7551,37,49
550,0.4706,8,17
551,0.5556,5,9
552,0.6304,29,46
553,0.6613,41,62
554,0.4375,42,96
555,0.6429,9,14
556,0.5185,14,27
557,0.4727,26,55
558,0.6296,17,27
559,0.9167,11,12
560,0.5,11,22
561,1.0,4,4
562,0.8,12,15
563,0.875,14,16
564,0.4444,4,9
565,0.7273,16,22
566,0.6,3,5
567,0.8333,5,6
568,0.7778,28,36
569,0.3793,22,58
570,0.9,9,10
571,0.54,27,50
572,0.6475,90,139
573,0.9412,16,17
574,0.0952,2,21
575,0.5385,7,13
576,0.6842,13,19
577,0.7368,14,19
578,0.6842,52,76
579,0.2884,62,215
580,0.8,4,5
581,0.7692,10,13
582,0.7273,8,11
583,1.0,2,2
584,0.9286,26,28
585,0.7222,13,18
586,0.3827,62,162
587,0.4699,86,183
588,0.8148,22,27
589,1.0,8,8
590,0.6111,11,18
591,0.7027,26,37
592,0.7333,22,30
593,0.8304,142,171
594,0.6047,26,43
595,0.5833,7,12
596,1.0,9,9
597,0.7391,17,23
598,0.7619,16,21
599,0.3333,2,6
600,0.7037,57,81
601,0.6545,125,191
602,0.75,6,8
603,0.5111,69,135
604,0.3818,21,55
605,1.0,10,10
606,0.6154,8,13
607,0.3636,12,33
608,0.5,2,4
609,0.5238,44,84
610,0.4,58,145
611,0.68,51,75
612,0.5,1,2
613,1.0,2,2
614,0.4792,69,144
615,1.0,1,1
616,0.25,2,8
617,1.0,6,6
618,1.0,5,5
619,0.7833,47,60
620,0.6757,25,37
621,1.0,5,5
623,0.3429,12,35
624,0.4,8,20
625,0.8333,5,6
626,0.7778,7,9
627,0.5306,26,49
628,0.7843,40,51
629,0.4286,3,7
630,0.7576,25,33
631,0.6774,42,62
632,0.3143,66,210
633,0.6923,9,13
634,0.5263,10,19
635,0.9125,73,80
636,0.4286,3,7
637,0.4268,35,82
638,0.4444,4,9
639,1.0,8,8
640,0.2553,12,47
641,0.8,4,5
642,0.5952,25,42
643,0.4921,31,63
644,0.3,3,10
645,0.6364,7,11
646,0.3111,14,45
647,0.8333,10,12
648,0.4286,72,168
649,0.5484,17,31
650,0.6774,21,31
651,0.8333,10,12
652,0.875,21,24
653,1.0,8,8
654,0.85,17,20
655,1.0,9,9
656,0.6098,25,41
657,0.5556,5,9
658,0.6774,42,62
659,0.7667,23,30
660,0.5714,20,35
661,0.6667,22,33
662,0.6744,29,43
663,0.6437,56,87
664,0.9231,36,39
665,0.4545,15,33
666,0.7045,31,44
667,0.5333,16,30
668,1.0,2,2
669,0.625,5,8
670,0.48,12,25
671,1.0,18,18
672,0.7692,20,26
673,0.6512,28,43
674,0.725,29,40
675,0.5417,65,120
676,0.8333,5,6
677,0.5,18,36
678,0.5543,51,92
679,0.2609,6,23
680,0.6364,14,22
681,0.48,12,25
682,0.7619,16,21
683,0.45,18,40
684,0.7143,20,28
685,0.8667,26,30
686,0.2714,19,70
687,0.8,4,5
688,0.597,80,134
689,0.6552,57,87
690,0.7407,20,27
691,0.8182,9,11
692,1.0,1,1
693,0.6842,13,19
694,0.8478,39,46
695,0.5,3,6
696,0.6842,13,19
697,0.6667,6,9
698,0.8621,25,29
699,0.55,33,60
700,0.5217,24,46
701,0.5,4,8
702,0.2832,32,113
703,0.8571,6,7
704,0.4308,28,65
705,0.3733,28,75
706,0.75,12,16
707,0.0,0,5
708,0.4706,8,17
709,0.3333,1,3
710,0.7835,76,97
711,0.5385,14,26
712,0.2857,2,7
713,0.6667,2,3
714,0.7308,19,26
715,0.8571,6,7
716,1.0,3,3
717,0.76,95,125
718,0.5,1,2
719,0.7143,10,14
720,0.8696,20,23
721,0.5602,107,191
722,0.7174,33,46
723,0.3333,2,6
724,0.9677,30,31
725,0.7872,74,94
726,0.7568,28,37
727,0.8036,45,56
728,0.5,11,22
729,0.4857,34,70
730,0.5714,4,7
731,0.75,9,12
732,0.775,31,40
733,0.5217,48,92
734,1.0,6,6
735,0.8056,29,36
736,0.625,25,40
737,0.6364,35,55
738,0.7069,41,58
739,0.8462,55,65
740,0.3714,26,70
741,0.5683,154,271
742,0.9259,25,27
743,0.45,9,20
744,0.6692,87,130
745,0.7895,15,19
746,0.4444,4,9
747,0.75,3,4
748,0.6667,8,12
749,0.3646,35,96
750,0.1988,34,171
751,0.7143,15,21
752,0.8,4,5
753,0.4615,6,13
754,0.128,21,164
755,0.7692,10,13
756,0.625,5,8
757,0.75,12,16
758,0.64,16,25
759,0.64,16,25
760,0.4504,59,131
761,0.2387,37,155
762,0.2778,5,18
763,0.64,16,25
764,0.25,1,4
765,0.6667,4,6
766,0.6232,43,69
767,0.875,7,8
768,0.4025,64,159
769,0.4067,61,150
770,0.8158,31,38
771,0.7308,19,26
772,0.5385,7,13
773,0.4242,14,33
774,0.5909,13,22
775,0.5537,201,363
776,0.7551,37,49
777,0.7333,66,90
778,0.6545,36,55
779,0.8718,34,39
780,0.75,6,8
781,0.375,18,48
782,0.4918,30,61
783,0.8947,34,38
784,0.7273,16,22
785,0.75,12,16
786,0.2759,8,29
787,0.7451,38,51
788,0.9167,11,12
789,0.9091,10,11
790,0.8889,16,18
791,0.5556,5,9
792,0.8085,38,47
793,0.7959,39,49
794,0.8,4,5
795,0.7551,37,49
796,0.4384,32,73
797,0.8667,26,30
798,0.9,18,20
799,0.5789,11,19
800,1.0,5,5
801,1.0,3,3
802,0.78,117,150
803,0.0,0,3
804,0.8372,36,43
805,0.5,11,22
806,0.8571,18,21
807,0.6667,14,21
808,0.9,9,10
809,0.1852,10,54
810,0.8,16,20
811,0.8235,14,17
812,0.2881,51,177
813,1.0,8,8
814,0.7105,54,76
815,1.0,4,4
816,0.7177,89,124
817,0.6053,23,38
818,0.5517,16,29
819,0.875,7,8
820,1.0,10,10
821,0.4444,28,63
822,0.7,14,20
823,0.575,23,40
824,0.6047,26,43
825,0.6667,2,3
826,0.625,5,8
827,1.0,22,22
828,0.8,8,10
829,0.9697,32,33
830,0.8,4,5
831,0.6486,24,37
832,1.0,3,3
833,0.5745,27,47
834,0.5556,5,9
835,0.8333,5,6
836,0.75,3,4
837,0.5,1,2
838,0.4286,6,14
839,0.6176,21,34
840,0.1569,32,204
841,0.8095,17,21
842,0.8889,8,9
843,0.5714,20,35
844,1.0,2,2
845,1.0,3,3
846,0.4157,37,89
847,0.6966,62,89
848,0.3684,21,57
849,0.3889,7,18
850,0.6087,14,23
851,1.0,7,7
852,0.8947,17,19
853,0.5701,61,107
854,0.5455,6,11
855,0.5,2,4
856,0.4286,3,7
857,0.434,23,53
858,0.1538,2,13
859,0.3182,7,22
860,0.5818,32,55
861,1.0,2,2
862,0.7778,7,9
863,0.7647,13,17
864,0.6364,7,11
865,0.8462,11,13
867,0.1818,2,11
868,0.8636,38,44
869,0.4239,39,92
870,0.6552,19,29
871,0.303,10,33
872,0.8523,75,88
873,0.4237,25,59
874,0.0,0,8
875,0.4737,18,38
876,0.0,0,1
877,0.5,1,2
878,0.625,15,24
879,0.875,14,16
880,0.7,7,10
881,0.4444,4,9
882,0.9524,20,21
883,0.9333,14,15
884,0.4286,3,7
885,0.8814,52,59
886,0.6286,22,35
887,1.0,3,3
888,0.7,7,10
889,0.6923,18,26
890,0.9231,12,13
891,0.7368,14,19
892,0.525,84,160
893,0.8333,20,24
894,1.0,13,13
895,0.7895,15,19
896,0.2857,2,7
897,0.619,13,21
898,0.9,18,20
899,0.3548,11,31
900,0.775,31,40
901,0.5,5,10
902,0.8049,33,41
903,0.2026,125,617
904,0.56,14,25
905,0.375,3,8
906,0.3077,4,13
907,0.3448,10,29
908,0.5,44,88
909,0.7,14,20
910,0.8974,105,117
911,0.5938,19,32
912,0.875,7,8
913,0.9231,12,13
914,1.0,6,6
915,0.7778,14,18
916,0.5536,31,56
917,0.5,2,4
918,0.5385,42,78
919,0.8333,10,12
920,0.2261,26,115
922,0.5,2,4
923,0.8333,15,18
924,1.0,11,11
925,0.4464,50,112
926,0.8636,19,22
927,0.8,4,5
928,0.25,18,72
929,0.5902,36,61
930,0.3469,17,49
931,0.8571,6,7
932,0.5263,20,38
933,0.9286,13,14
934,0.5,27,54
935,0.537,58,108
936,0.5909,39,66
937,0.8,8,10
938,0.5,2,4
939,0.6129,19,31
940,0.6471,11,17
941,0.8113,43,53
942,0.5,16,32
943,0.3924,31,79
944,0.25,1,4
945,0.3636,20,55
946,0.5,3,6
947,0.8077,63,78
948,0.2857,2,7
949,0.7222,13,18
950,0.125,3,24
951,0.7308,19,26
952,1.0,12,12
953,0.8667,13,15
954,0.6792,36,53
955,0.2649,49,185
956,0.4906,26,53
957,0.1111,1,9
958,1.0,1,1
959,0.3438,11,32
960,0.5065,39,77
961,0.2333,7,30
962,0.2,1,5
963,0.5,10,20
964,0.8462,22,26
965,0.7143,15,21
966,0.5833,14,24
967,0.4615,6,13
968,0.5333,8,15
969,0.9184,45,49
970,0.4683,59,126
971,0.5,84,168
972,0.4074,11,27
973,0.8125,13,16
974,0.5333,8,15
975,0.5952,25,42
976,0.6667,2,3
977,0.4146,17,41
978,0.3913,36,92
979,0.875,7,8
980,0.3766,29,77
981,0.6667,6,9
982,0.343,118,344
983,0.3091,17,55
984,0.7162,53,74
985,1.0,9,9
986,0.6036,102,169
987,0.7561,31,41
988,0.8571,12,14
989,0.5,26,52
990,1.0,13,13
991,1.0,3,3
992,1.0,3,3
993,0.7143,15,21
994,0.8235,28,34
995,0.4062,26,64
996,0.6429,27,42
997,1.0,2,2
998,0.8214,23,28
999,0.2917,7,24
1000,0.5,1,2
1001,0.4598,40,87
1002,0.5,6,12
1003,0.7931,23,29
1004,0.8,4,5
1005,0.5,12,24
1006,0.7895,15,19
1007,0.3812,61,160
1008,0.6154,16,26
1009,0.1667,1,6
1010,0.5,5,10
1011,0.3901,55,141
1012,0.3077,8,26
1013,0.625,10,16
1014,0.2,1,5
1015,0.75,42,56
1016,0.5,16,32
1017,0.7857,11,14
1018,0.5778,26,45
1019,0.7195,59,82
1020,0.8462,11,13
1021,0.8571,6,7
1022,0.8889,24,27
1023,0.8824,15,17
1024,0.5128,20,39
1025,1.0,9,9
1026,0.4727,26,55
1027,0.6667,4,6
1028,0.871,27,31
1029,0.7826,18,23
1030,0.8675,72,83
1031,0.7647,13,17
1032,0.5,2,4
1033,0.8,4,5
1034,0.9167,11,12
1035,0.5854,24,41
1036,1.0,8,8
1037,0.5,12,24
1038,0.5625,27,48
1039,0.5294,9,17
1040,0.5238,22,42
1041,0.86,43,50
1042,0.8333,40,48
1043,0.4762,10,21
1044,0.623,38,61
1045,0.6159,85,138
1046,0.88,22,25
1047,0.5429,19,35
1048,0.7,49,70
1049,0.3333,4,12
1050,0.2857,10,35
1051,0.5789,11,19
1052,0.7222,78,108
1053,0.9375,15,16
1054,0.9231,24,26
1055,0.2308,9,39
1056,0.5,5,10
1057,0.5,51,102
1058,0.3407,46,135
1059,0.68,17,25
1060,0.8182,9,11
1061,0.3333,10,30
1062,0.7143,10,14
1063,0.7429,26,35
1064,0.4286,9,21
1065,0.6857,24,35
1066,0.4815,13,27
1067,0.6667,2,3
1068,0.9107,102,112
1069,0.3043,7,23
1070,0.5588,19,34
1071,0.8889,16,18
1072,0.5263,10,19
1073,0.4337,36,83
1074,0.6875,11,16
1075,0.52,13,25
1076,1.0,6,6
1077,0.5714,4,7
1078,0.6842,13,19
1079,0.5556,5,9
1080,0.3273,18,55
1081,0.5128,20,39
1082,0.6744,29,43
1083,0.6875,11,16
1084,0.6667,6,9
1085,0.7478,86,115
1086,0.5,1,2
1087,0.4769,31,65
1088,0.3721,16,43
1089,1.0,9,9
1090,0.3077,4,13
1091,0.625,5,8
1092,0.625,5,8
1093,0.5698,49,86
1094,0.3333,1,3
1095,0.5342,86,161
1096,1.0,10,10
1097,0.5714,4,7
1098,0.5897,23,39
1099,0.3333,12,36
1100,0.375,18,48
1101,0.3333,10,30
1102,0.4933,37,75
1103,0.75,9,12
1104,0.6364,7,11
1105,0.6486,72,111
1106,0.8462,11,13
1107,0.4225,30,71
1108,0.7727,17,22
1109,0.4762,10,21
1110,1.0,4,4
1111,0.6923,9,13
1112,0.375,9,24
1113,0.2,2,10
1114,0.3684,35,95
1115,0.4857,17,35
1116,0.5906,75,127
1117,0.7284,59,81
1118,0.5263,10,19
1119,0.8286,29,35
1120,0.1765,3,17
1121,0.6667,6,9
1122,0.5,11,22
1123,0.9048,38,42
1124,0.8333,5,6
1125,0.5556,5,9
1126,0.3433,23,67
1127,0.6667,2,3
1128,0.7143,5,7
1129,0.8571,6,7
1130,0.4444,4,9
1131,0.6944,25,36
1132,0.9,9,10
1133,0.62,31,50
1134,0.25,4,16
1135,0.5,84,168
1136,0.6765,23,34
1137,0.8333,5,6
1138,0.5238,11,21
1139,0.2973,11,37
1140,0.6786,57,84
1141,0.9074,49,54
1143,0.4857,34,70
1144,0.5574,34,61
1145,1.0,21,21
1146,1.0,7,7
1147,0.7931,23,29
1148,0.6923,9,13
1149,0.75,3,4
1150,0.9375,15,16
1151,0.76,19,25
1152,0.3571,5,14
1153,0.8333,5,6
1154,0.4304,34,79
1155,0.5577,58,104
1156,0.75,15,20
1157,0.0,0,2
1158,0.7576,25,33
1159,0.9211,35,38
1160,0.3514,26,74
1161,0.8,4,5
1162,0.7333,11,15
1163,0.4028,29,72
1164,0.5217,12,23
1165,0.5175,74,143
1166,0.7091,39,55
1167,0.6154,16,26
1168,0.8889,8,9
1169,0.8667,13,15
1170,0.3,9,30
1171,0.4,2,5
1172,0.3846,5,13
1173,0.7568,28,37
1174,0.4135,43,104
1175,0.629,39,62
1176,0.7333,11,15
1177,0.5455,6,11
1178,0.5278,19,36
1179,0.625,15,24
1180,0.44,11,25
1181,0.3924,31,79
1182,1.0,6,6
1183,0.5238,11,21
1184,0.7209,31,43
1185,0.6279,108,172
1186,0.2889,13,45
1187,0.7447,35,47
1188,0.6875,22,32
1189,0.6667,4,6
1190,0.5328,65,122
1191,0.5366,22,41
1192,0.5,3,6
1193,0.625,5,8
1194,0.875,7,8
1195,0.4375,7,16
1196,0.0,0,2
1197,0.7391,17,23
1198,0.8367,41,49
1199,0.3,3,10
1200,0.5942,82,138
1201,1.0,5,5
1202,0.8333,15,18
1203,0.3043,7,23
1204,0.4,10,25
1205,0.3333,1,3
1206,1.0,13,13
1207,0.3671,29,79
1208,0.6,21,35
1209,0.7439,61,82
1210,0.4048,17,42
1211,1.0,1,1
1212,0.6491,37,57
1213,0.6,9,15
1214,0.7143,20,28
1215,0.5862,17,29
1216,0.7308,19,26
1217,0.8333,5,6
1218,0.1837,9,49
1219,0.4,20,50
1220,0.4688,15,32
1221,0.7,7,10
1222,0.7519,97,129
1223,0.4459,33,74
1224,0.5714,4,7
1225,0.4615,6,13
1226,0.7647,13,17
1227,0.9111,41,45
1228,0.814,35,43
1229,0.5556,5,9
1230,0.4967,75,151
1231,0.0,0,2
1232,0.4286,33,77
1233,0.8776,43,49
1234,0.9167,11,12
1235,0.8077,21,26
1236,0.8571,6,7
1237,0.5,17,34
1238,0.6552,19,29
1239,1.0,6,6
1240,1.0,1,1
1241,0.8947,17,19
1242,0.5714,24,42
1243,0.6667,22,33
1244,0.8182,90,110
1245,0.2778,5,18
1246,0.8889,8,9
1247,0.4658,34,73
1248,0.8182,45,55
1249,0.75,15,20
1250,0.5974,46,77
1251,1.0,11,11
1252,0.7843,40,51
1253,1.0,5,5
1254,0.5918,29,49
1255,0.75,6,8
1256,0.8696,20,23
1257,1.0,5,5
1258,0.5882,10,17
1259,0.6747,56,83
1260,0.5152,34,66
1261,0.9512,39,41
1262,0.75,6,8
1263,1.0,3,3
1264,0.3333,14,42
1265,0.72,18,25
1266,0.8333,20,24
1267,0.75,66,88
1268,0.8158,31,38
1269,0.4,2,5
1270,0.7672,89,116
1271,0.6316,12,19
1272,0.8462,11,13
1273,0.7,7,10
1274,0.8605,37,43
1275,0.4,2,5
1276,0.4694,46,98
1277,0.9167,11,12
1278,0.75,3,4
1279,0.6538,17,26
1280,0.307,66,215
1281,0.4286,24,56
1282,0.7674,33,43
1283,0.4359,17,39
1284,0.9048,57,63
1285,0.7143,5,7
1286,0.75,9,12
1287,0.617,29,47
1288,0.766,36,47
1289,0.4444,4,9
1290,0.7692,50,65
1291,1.0,10,10
1292,0.3333,2,6
1293,0.8,4,5
1294,0.4194,13,31
1295,0.6471,11,17
1296,0.5628,103,183
1297,0.9167,22,24
1298,0.625,15,24
1299,0.6364,7,11
1300,0.6,6,10
1301,0.1538,30,195
1302,0.77,77,100
1303,0.625,5,8
1304,0.5882,20,34
1305,0.75,30,40
1306,0.75,9,12
1307,0.7321,41,56
1308,0.4118,21,51
1309,0.6203,49,79
1310,0.5667,17,30
1311,0.7778,28,36
1312,0.6111,66,108
1313,0.8519,69,81
1314,1.0,4,4
1315,0.5882,10,17
1316,0.0,0,8
1317,0.5667,34,60
1318,0.4286,3,7
1319,1.0,2,2
1320,0.625,10,16
1321,0.7143,5,7
1322,0.5,31,62
1323,0.6864,116,169
1324,0.5,18,36
1325,0.5185,14,27
1326,0.6357,82,129
1327,0.5172,15,29
1328,0.4222,19,45
1329,0.2419,15,62
1330,0.6875,11,16
1331,0.875,14,16
1332,0.7143,20,28
1333,0.25,1,4
1334,0.6479,46,71
1335,0.8667,13,15
1336,0.75,3,4
1337,0.0,0,8
1338,0.6122,30,49
1339,0.8219,60,73
1340,0.5,5,10
1341,0.449,22,49
1342,0.8,4,5
1343,0.5385,7,13
1344,1.0,4,4
1345,0.7,7,10
1346,0.5652,13,23
1347,0.7857,11,14
1348,0.8148,44,54
1349,0.6364,7,11
1350,0.464,58,125
1351,0.75,3,4
1352,0.697,23,33
1353,0.5,1,2
1354,0.2,2,10
1355,1.0,1,1
1356,0.88,22,25
1357,0.381,24,63
1358,0.8,16,20
1359,0.3766,29,77
1360,1.0,7,7
1361,0.8056,29,36
1362,0.8043,37,46
1363,0.0,0,1
1364,0.6071,17,28
1365,0.5231,34,65
1366,0.4,2,5
1367,0.4714,66,140
1368,0.9,18,20
1369,0.3622,46,127
1370,0.7143,10,14
1371,0.8889,16,18
1372,0.7292,105,144
1373,0.75,3,4
1374,0.5,30,60
1375,0.8182,9,11
1376,0.9265,126,136
1377,0.5789,11,19
1378,0.7391,102,138
1379,0.4,10,25
1380,0.4706,16,34
1381,0.6944,25,36
1382,0.7805,32,41
1383,0.8824,30,34
1384,0.9412,16,17
1385,0.6667,8,12
1386,0.8772,50,57
1387,0.6316,24,38
1388,0.8333,5,6
1389,0.5161,16,31
1390,1.0,2,2
1391,0.5854,24,41
1392,0.5333,32,60
1393,0.7826,18,23
1394,0.3333,1,3
1395,0.6316,12,19
1396,0.6667,12,18
1397,1.0,1,1
1398,1.0,15,15
1399,0.4688,15,32
1400,0.549,28,51
1401,0.3438,11,32
1402,0.5556,20,36
1403,0.2375,19,80
1404,0.6,18,30
1405,0.5172,15,29
1406,0.4375,14,32
1407,0.4524,19,42
1408,0.5,1,2
1409,0.8824,15,17
1410,0.75,3,4
1411,0.5922,122,206
1412,0.5849,31,53
1413,0.5882,10,17
1414,0.4,4,10
1415,0.7647,26,34
1416,0.9167,11,12
1417,0.486,52,107
1418,0.7714,27,35
1419,0.8538,111,130
1420,0.75,12,16
1421,0.3125,40,128
1422,0.3188,22,69
1423,0.5053,48,95
1425,0.6667,6,9
1426,0.5294,27,51
1427,0.6667,2,3
1428,0.5,1,2
1429,0.4,18,45
1430,0.7667,46,60
1431,0.5,1,2
1432,0.3333,1,3
1433,0.6889,31,45
1434,0.75,3,4
1435,0.8333,40,48
1436,0.2922,45,154
1437,0.4786,67,140
1438,0.4348,10,23
1439,0.7391,17,23
1440,0.6786,38,56
1441,0.75,9,12
1442,0.6119,41,67
1443,0.4167,5,12
1444,0.7143,35,49
1445,0.619,13,21
1446,0.3636,16,44
1447,1.0,3,3
1448,0.3333,1,3
1449,0.875,7,8
1450,0.4632,44,95
1451,0.6667,2,3
1452,0.8,4,5
1453,0.807,46,57
1454,0.7619,16,21
1455,0.9412,16,17
1456,0.5909,13,22
1457,0.6164,45,73
1458,0.5909,26,44
1459,0.7857,22,28
1460,0.5714,32,56
1461,0.25,2,8
1462,0.5,2,4
1463,0.5714,4,7
1464,0.8261,19,23
1465,0.5,6,12
1466,0.5745,27,47
1467,0.3333,3,9
1468,0.8,8,10
1469,1.0,4,4
1470,0.4828,28,58
1471,0.8889,8,9
1472,0.7349,61,83
1473,0.8182,9,11
1474,0.8119,82,101
1475,0.3636,4,11
1476,0.8182,18,22
1477,0.7143,5,7
1478,0.9167,11,12
1479,1.0,6,6
1480,0.7778,14,18
1481,0.6452,20,31
1482,0.9231,12,13
1483,0.6667,12,18
1484,0.1061,7,66
1485,0.5,2,4
1486,1.0,12,12
1487,0.7143,5,7
1488,0.5,15,30
1489,0.6154,24,39
1490,0.75,3,4
1491,0.6102,36,59
1492,0.3333,7,21
1493,0.6667,4,6
1494,0.5616,41,73
1495,0.6667,2,3
1496,0.6154,8,13
1497,0.6,3,5
1498,0.75,42,56
1499,0.6364,21,33
1500,0.8947,17,19
1501,0.75,3,4
1502,0.7,21,30
1503,1.0,12,12
1504,0.8333,5,6
1505,0.4182,23,55
1506,0.7872,37,47
1507,0.4042,97,240
1508,0.6176,42,68
1509,0.6383,30,47
1510,0.5789,11,19
1511,0.1818,2,11
1512,0.6029,41,68
1513,0.7143,5,7
1514,0.4554,46,101
1515,0.6146,59,96
1516,0.108,19,176
1517,1.0,6,6
1518,0.9123,52,57
1519,0.3043,14,46
1521,0.4516,14,31
1522,0.8,8,10
1523,0.2683,22,82
1524,0.5,1,2
1525,0.623,38,61
1526,0.5455,12,22
1527,1.0,2,2
1528,0.7674,33,43
1529,0.8056,29,36
1530,0.7571,53,70
1531,0.4643,13,28
1532,0.6579,25,38
1533,0.7727,34,44
1534,0.5238,11,21
1535,1.0,3,3
1536,1.0,5,5
1537,0.8333,85,102
1538,0.4444,8,18
1539,1.0,12,12
1540,0.5208,25,48
1541,0.6667,2,3
1542,0.8,8,10
1543,0.7143,5,7
1544,0.3258,29,89
1545,0.6833,41,60
1546,0.4375,14,32
1547,0.2903,54,186
1548,0.4205,37,88
1549,0.45,9,20
1550,0.3659,15,41
1551,0.8,4,5
1552,0.4324,16,37
1553,0.7308,19,26
1554,0.8571,24,28
1555,0.1913,35,183
1556,0.6471,22,34
1557,0.3182,14,44
1558,1.0,5,5
1559,0.7778,7,9
1560,0.5547,71,128
1561,0.75,6,8
1562,0.9643,27,28
1563,0.5,3,6
1564,0.7143,20,28
1565,0.72,18,25
1566,0.4467,67,150
1567,0.5672,38,67
1568,0.4946,46,93
1569,0.6923,9,13
1570,0.6452,20,31
1571,0.1881,19,101
1572,0.875,7,8
1573,0.6939,34,49
1574,0.44,11,25
1575,0.6875,22,32
1576,0.6,3,5
1577,0.6154,8,13
1578,0.5455,12,22
1579,0.6667,36,54
1580,0.25,3,12
1581,0.4697,31,66
1582,0.6,3,5
1583,0.5833,14,24
1584,0.9574,45,47
1585,0.2222,2,9
1586,0.6486,24,37
1587,0.6667,42,63
1588,0.6837,67,98
1589,0.5385,7,13
1590,0.8571,12,14
1591,0.6364,7,11
1592,0.475,19,40
1593,0.6667,8,12
1594,0.6667,2,3
1595,0.4135,55,133
1596,0.4,4,10
1597,0.875,7,8
1598,0.8,4,5
1599,0.3333,3,9
1600,0.456,57,125
1601,0.5429,38,70
1602,0.9123,52,57
1603,0.7,21,30
1604,0.3671,29,79
1605,0.6,12,20
1606,0.8571,18,21
1607,0.4516,14,31
1608,0.5882,50,85
1609,0.9412,16,17
1610,0.7931,23,29
1611,0.7143,5,7
1612,0.7778,14,18
1613,0.5,2,4
1614,0.6667,2,3
1615,0.5938,19,32
1616,0.3402,33,97
1617,0.097,13,134
1618,0.6667,6,9
1619,0.6,12,20
1620,0.766,36,47
1621,0.7755,38,49
1622,0.4688,15,32
1623,0.9,9,10
1624,0.4444,4,9
1625,0.4211,32,76
1626,0.2308,15,65
1627,0.7432,55,74
1628,0.3721,16,43
1629,0.5625,36,64
1630,0.8421,16,19
1631,0.625,15,24
1632,0.5312,51,96
1633,0.6667,14,21
1634,0.8333,5,6
1635,0.0159,1,63
1636,0.5789,22,38
1637,0.4444,12,27
1638,0.6503,119,183
1639,1.0,5,5
1640,0.2414,7,29
1641,0.8235,14,17
1642,1.0,2,2
1643,0.3556,48,135
1644,0.6327,31,49
1645,0.537,58,108
1646,0.5,4,8
1647,0.4286,12,28
1648,0.5,1,2
1649,0.5676,42,74
1650,0.7619,16,21
1651,0.7037,19,27
1652,0.7273,8,11
1653,0.8421,48,57
1654,0.6667,14,21
1655,0.5833,14,24
1656,0.4444,12,27
1657,0.3704,10,27
1658,0.5439,31,57
1659,0.5278,19,36
1660,0.0,0,1
1661,0.7949,31,39
1662,0.2708,13,48
1663,0.5,3,6
1664,0.0,0,1
1665,0.7727,34,44
1666,0.3387,21,62
1667,0.7213,88,122
1668,0.6774,21,31
1669,0.7241,21,29
1670,0.3333,9,27
1671,0.4107,23,56
1672,0.8673,85,98
1673,0.1429,1,7
1674,0.8571,6,7
1675,0.7,7,10
1676,0.7097,44,62
1677,0.4615,18,39
1678,0.3232,32,99
1679,0.4375,7,16
1680,0.25,1,4
1681,0.05,5,100
1682,0.2955,13,44
1683,0.8,4,5
1685,0.4653,47,101
1686,0.7797,46,59
1687,0.7143,5,7
1688,0.8,16,20
1689,0.8974,70,78
1690,0.65,13,20
1691,1.0,6,6
1692,0.5556,5,9
1693,0.72,18,25
1694,0.5278,19,36
1695,0.4783,11,23
1696,0.8333,10,12
1697,0.7273,8,11
1698,0.3945,43,109
1699,0.5179,29,56
1700,0.6364,14,22
1701,0.5,1,2
1702,0.3881,26,67
1703,0.5909,13,22
1704,0.5714,4,7
1705,0.72,18,25
1706,0.3137,16,51
1707,0.68,34,50
1708,0.7458,44,59
1709,0.2414,7,29
1710,0.625,5,8
1711,0.9167,11,12
1712,0.3571,5,14
1713,1.0,8,8
1714,0.8667,13,15
1715,0.439,72,164
1716,0.7407,40,54
1717,0.6,18,30
1718,0.9,72,80
1719,0.6,18,30
1720,0.3333,2,6
1721,0.0,0,2
1722,0.875,21,24
1723,0.1373,7,51
1724,0.6364,7,11
1725,0.3548,11,31
1726,0.5312,34,64
1727,0.5455,12,22
1728,1.0,35,35
1729,0.5213,98,188
1730,0.75,15,20
1731,0.5833,7,12
1732,0.9231,36,39
1733,0.5,6,12
1734,1.0,16,16
1735,0.5769,15,26
1736,0.6667,38,57
1737,1.0,8,8
1738,0.6923,9,13
1739,1.0,2,2
1740,0.1304,3,23
1741,0.5203,64,123
1742,0.6667,2,3
1743,0.4444,8,18
1744,0.5517,16,29
1745,0.2533,19,75
1746,0.84,42,50
1747,0.3548,11,31
1748,0.5153,84,163
1749,0.7358,39,53
1750,0.8438,54,64
1751,0.5714,12,21
1752,0.5676,21,37
1753,0.4029,56,139
1754,0.5,11,22
1755,0.5856,65,111
1756,0.7273,8,11
1757,0.5294,18,34
1758,0.8378,31,37
1759,0.375,12,32
1760,0.5,3,6
1761,0.8571,6,7
1762,0.8462,11,13
1763,0.618,110,178
1764,0.5897,23,39
1765,0.625,5,8
1766,0.4,8,20
1767,0.5217,12,23
1768,0.6429,9,14
1769,0.3333,3,9
1770,1.0,14,14
1771,0.4098,75,183
1772,0.7895,15,19
1773,0.7273,16,22
1774,0.8235,14,17
1775,0.7895,30,38
1776,0.5909,26,44
1777,0.6091,67,110
1778,0.2857,2,7
1779,0.5229,57,109
1780,0.7424,49,66
1781,0.4118,7,17
1782,0.4,2,5
1783,0.4444,4,9
1784,0.6364,7,11
1785,0.5,1,2
1786,0.875,14,16
1787,1.0,4,4
1788,0.75,3,4
1789,0.5556,50,90
1790,0.7308,19,26
1791,0.7692,10,13
1792,0.4677,29,62
1793,0.4762,10,21
1794,0.5,4,8
1795,0.0,0,1
1796,0.75,3,4
1797,0.3636,4,11
1798,0.5263,10,19
1799,0.6,9,15
1800,0.7368,28,38
1801,1.0,9,9
1802,0.875,7,8
1803,0.8529,29,34
1804,0.5,3,6
1806,0.5,34,68
1807,0.6835,54,79
1808,0.1687,14,83
1809,1.0,23,23
1810,0.5745,27,47
1811,0.5577,29,52
1812,0.7143,55,77
1813,0.6413,59,92
1814,0.8387,26,31
1815,0.7561,31,41
1816,0.6667,6,9
1817,0.88,22,25
1818,0.0,0,1
1819,0.7407,20,27
1820,0.5,25,50
1821,0.6,3,5
1822,0.0,0,1
1823,0.7333,11,15
1824,0.3636,4,11
1825,0.8333,50,60
1826,0.9231,24,26
1827,0.7083,17,24
1828,0.2979,28,94
1829,0.8776,43,49
1830,0.4483,26,58
1831,0.4891,45,92
1832,0.6667,2,3
1833,0.3438,22,64
1834,0.5,10,20
1835,0.8571,54,63
1836,0.7111,32,45
1837,0.9333,56,60
1838,0.8214,23,28
1839,0.7222,26,36
1840,0.625,15,24
1841,0.25,1,4
1842,0.8,12,15
1843,0.3333,3,9
1844,0.4051,32,79
1845,0.5726,71,124
1846,0.7143,5,7
1847,0.5849,31,53
1848,0.9286,13,14
1849,0.5284,149,282
1850,0.2391,11,46
1851,0.6056,43,71
1852,1.0,4,4
1853,1.0,5,5
1854,0.609,81,133
1855,0.3657,49,134
1856,1.0,5,5
1857,1.0,4,4
1858,0.3103,18,58
1859,0.6296,17,27
1860,0.375,3,8
1861,0.88,22,25
1862,0.8333,25,30
1863,0.6923,9,13
1864,0.5471,93,170
1865,0.1667,1,6
1866,0.4333,13,30
1867,0.8182,9,11
1868,0.5146,53,103
1869,0.4271,82,192
1870,0.7826,18,23
1871,0.25,3,12
1872,1.0,4,4
1873,0.4062,13,32
1874,0.75,9,12
1875,0.8636,19,22
1876,0.3604,40,111
1877,0.4167,5,12
1878,0.5,1,2
1879,0.375,3,8
1880,0.4211,16,38
1881,0.5579,53,95
1882,0.7857,11,14
1883,0.7143,10,14
1884,0.55,11,20
1885,0.8904,65,73
1886,0.7619,16,21
1887,0.3295,29,88
1888,0.5714,8,14
1889,0.7797,46,59
1890,0.3725,19,51
1891,0.619,39,63
1892,0.2333,14,60
1893,0.8,28,35
1894,0.8333,35,42
1895,1.0,6,6
1896,0.7119,42,59
1897,0.9032,28,31
1898,1.0,2,2
1899,0.6923,9,13
1900,0.2857,2,7
1901,0.4333,13,30
1902,0.78,39,50
1903,1.0,6,6
1904,0.3208,34,106
1905,0.4286,21,49
1906,0.6796,70,103
1907,0.875,7,8
1908,0.461,71,154
1909,0.9333,14,15
1910,0.5714,4,7
1911,0.4,2,5
1912,0.6667,38,57
1913,0.72,18,25
1914,1.0,5,5
1915,0.7667,23,30
1916,0.6667,12,18
1917,0.2,4,20
1918,0.5385,21,39
1919,0.9322,55,59
1920,1.0,5,5
1921,0.6667,2,3
1922,0.6364,14,22
1923,1.0,3,3
1924,0.8571,6,7
1925,0.9057,48,53
1926,0.5652,13,23
1927,0.5714,12,21
1928,0.7025,85,121
1929,0.8333,5,6
1930,0.8302,44,53
1931,0.4735,295,623
1932,0.6667,4,6
1933,1.0,3,3
1934,1.0,4,4
1935,0.6053,23,38
1936,0.7,7,10
1937,0.8,76,95
1938,0.625,10,16
1939,0.3,3,10
1940,0.7143,5,7
1941,0.8,12,15
1942,0.3455,85,246
1943,0.8,8,10
1944,0.7143,5,7
1945,0.8519,23,27
1946,1.0,1,1
1947,0.7553,71,94
1948,1.0,2,2
1949,0.6667,4,6
1950,0.7778,7,9
1951,0.7778,35,45
1952,0.6316,12,19
1953,0.4808,25,52
1954,0.75,6,8
1955,0.5593,33,59
1956,0.5208,25,48
1957,0.9167,11,12
1958,1.0,7,7
1959,0.6,24,40
1960,0.8462,11,13
1961,0.6,3,5
1962,0.3333,1,3
1963,0.8933,67,75
1964,0.6552,19,29
1965,0.5385,7,13
1966,0.6919,119,172
1967,0.6667,8,12
1968,1.0,1,1
1969,0.8103,47,58
1970,0.5806,36,62
1971,0.64,16,25
1972,0.5371,152,283
1973,0.7143,45,63
1974,0.5263,10,19
1975,0.4375,21,48
1976,0.625,5,8
1977,0.5714,8,14
1978,1.0,7,7
1979,1.0,10,10
1980,0.9118,31,34
1981,1.0,2,2
1982,0.7083,17,24
1983,0.2093,45,215
1984,0.6389,46,72
1985,0.4255,40,94
1986,0.9524,20,21
1987,0.9167,11,12
1988,0.7407,20,27
1989,0.5806,18,31
1990,0.1429,2,14
1991,1.0,1,1
1992,0.4286,9,21
1993,0.1765,6,34
1995,0.4091,9,22
1996,1.0,2,2
1997,0.6957,16,23
1998,0.84,21,25
1999,1.0,3,3
2000,0.6786,19,28
2001,0.7059,60,85
2002,0.3846,15,39
2003,0.4706,24,51
2004,0.75,63,84
2005,0.5952,50,84
2006,0.1736,21,121
2007,0.6667,4,6
2008,0.6119,41,67
2009,0.3333,4,12
2010,0.8571,36,42
2011,0.7,42,60
2012,0.7778,7,9
2013,0.7436,29,39
2014,0.4545,25,55
2015,0.8462,55,65
2016,0.5,1,2
2017,0.5882,10,17
2018,0.4,2,5
2019,0.6,42,70
2020,0.4,2,5
2021,0.5,1,2
2022,0.6596,31,47
2023,0.8,4,5
2024,0.7959,39,49
2025,0.4444,8,18
2026,0.8235,14,17
2027,0.65,13,20
2028,0.2727,6,22
2029,0.4727,26,55
2030,0.5806,18,31
2031,0.6176,21,34
2032,0.9524,20,21
2033,0.5278,19,36
2034,0.5897,23,39
2035,0.6667,14,21
2036,0.8696,20,23
2037,0.8667,13,15
2038,0.531,60,113
2039,0.8889,8,9
2040,1.0,5,5
2041,0.4444,4,9
2042,0.6579,25,38
2043,0.6463,53,82
2044,0.6,9,15
2045,0.0,0,7
2046,0.6579,25,38
2047,0.6989,65,93
2048,0.5882,10,17
2049,0.3333,8,24
2050,0.8182,18,22
2051,0.6818,45,66
2052,0.875,14,16
2053,0.5625,9,16
2054,0.4,4,10
2055,0.625,5,8
2056,0.4872,19,39
2057,1.0,6,6
2058,0.4054,15,37
2059,0.0,0,1
2060,0.3404,16,47
2061,0.5789,22,38
2062,0.8276,48,58
2063,0.6667,2,3
2064,0.5224,35,67
2065,0.42,21,50
2066,0.2353,16,68
2067,0.6154,16,26
2068,0.8636,57,66
2069,0.8333,5,6
2070,0.7,14,20
2071,0.6439,85,132
2072,0.5176,44,85
2073,0.3,3,10
2074,1.0,2,2
2075,0.4091,18,44
2076,0.3704,10,27
2077,1.0,3,3
2078,1.0,2,2
2079,0.5,3,6
2080,0.4938,40,81
2081,0.7363,67,91
2082,0.7213,44,61
2083,0.3577,49,137
2084,0.0196,1,51
2085,0.7273,16,22
2086,1.0,3,3
2087,0.8333,5,6
2088,0.3614,30,83
2089,1.0,28,28
2090,0.5,22,44
2091,0.9091,10,11
2092,0.7619,16,21
2093,1.0,6,6
2094,0.4598,40,87
2095,0.98,49,50
2096,0.7273,8,11
2097,0.75,3,4
2098,0.5189,96,185
2099,0.6987,109,156
2100,0.3143,11,35
2101,0.2308,9,39
2102,0.2857,2,7
2103,0.5714,4,7
2104,0.75,27,36
2105,0.3333,1,3
2106,1.0,5,5
2107,0.8,60,75
2108,0.9091,10,11
2109,0.8974,35,39
2110,0.6,3,5
2111,1.0,6,6
2112,0.5,2,4
2113,0.4215,51,121
2114,0.8889,16,18
2115,0.5,12,24
2116,0.4286,6,14
2117,0.2899,20,69
2118,0.48,24,50
2119,0.3107,32,103
2120,0.7333,22,30
2121,0.3827,31,81
2122,0.5,6,12
2123,1.0,6,6
2124,1.0,4,4
2125,0.6667,4,6
2126,0.6727,37,55
2127,0.5513,43,78
2128,0.6071,17,28
2129,0.5349,23,43
2130,0.4211,16,38
2131,0.5385,7,13
2132,0.1429,1,7
2133,0.3333,1,3
2134,0.5238,11,21
2135,0.8,4,5
2136,1.0,47,47
2137,1.0,20,20
2138,0.5529,47,85
2139,0.6857,24,35
2140,0.7113,69,97
2141,1.0,5,5
2142,0.6364,14,22
2143,0.8,32,40
2144,0.4545,5,11
2145,0.6852,37,54
2146,0.4,8,20
2147,0.3137,32,102
2148,0.3077,4,13
2149,0.3714,13,35
2150,0.7436,29,39
2151,0.6607,37,56
2152,0.2083,5,24
2153,0.75,33,44
2154,1.0,1,1
2155,0.3091,34,110
2156,0.6667,24,36
2157,0.6,12,20
2158,0.761,121,159
2159,0.6667,30,45
2160,0.6522,15,23
2161,0.8793,102,116
2162,0.44,44,100
2163,0.5244,43,82
2164,0.4222,19,45
2165,0.5385,7,13
2166,0.7692,10,13
2167,0.6111,11,18
2168,0.6875,11,16
2169,0.6364,14,22
2170,0.9375,15,16
2171,0.6763,94,139
2172,0.7647,13,17
2173,0.0,0,3
2174,0.7468,59,79
2175,0.8947,17,19
2176,0.84,21,25
2177,0.7826,18,23
2178,0.3333,1,3
2179,0.0,0,3
2180,1.0,19,19
2181,0.7143,10,14
2182,0.6667,2,3
2183,0.5,20,40
2184,0.6479,46,71
2185,0.5455,6,11
2186,0.75,3,4
2187,0.5417,26,48
2188,0.8654,45,52
2189,1.0,1,1
2190,0.6667,4,6
2191,0.19,57,300
2192,0.7778,14,18
2193,0.25,10,40
2194,0.75,3,4
2195,0.7045,31,44
2196,0.8,4,5
2197,0.8276,24,29
2198,0.4592,45,98
2199,0.5789,11,19
2200,0.614,35,57
2201,0.8182,9,11
2202,0.4545,20,44
2203,0.8095,17,21
2204,0.5,21,42
2205,1.0,3,3
2206,0.8049,33,41
2207,0.4,2,5
2208,0.7143,10,14
2209,0.6792,72,106
2210,1.0,45,45
2211,0.8,4,5
2212,0.4643,26,56
2213,0.9231,12,13
2214,0.3846,20,52
2215,0.7442,32,43
2216,0.4286,12,28
2217,0.525,42,80
2218,0.75,3,4
2219,0.8095,17,21
2220,0.2857,2,7
2221,0.6111,22,36
2222,0.5833,35,60
2223,1.0,6,6
2224,0.9524,20,21
2225,0.2889,13,45
2226,0.8491,45,53
2227,0.8571,30,35
2228,1.0,10,10
2229,0.1792,38,212
2230,0.75,12,16
2231,1.0,5,5
2232,0.4762,80,168
2233,0.4779,54,113
2234,0.5172,30,58
2235,0.9,9,10
2236,0.2273,5,22
2237,0.9091,20,22
2238,0.875,21,24
2239,0.4545,25,55
2240,0.8571,6,7
2241,0.6667,30,45
2242,0.7083,85,120
2243,0.6494,50,77
2244,0.7297,27,37
2245,0.4828,14,29
2246,0.9259,50,54
2247,0.4762,20,42
2248,0.75,30,40
2249,0.0,0,2
2250,0.6364,14,22
2251,0.5,1,2
2252,0.8421,16,19
2253,0.5882,20,34
2254,0.5577,29,52
2255,0.3,3,10
2256,0.3099,22,71
2257,0.3333,35,105
2258,0.4337,36,83
2259,0.5748,73,127
2260,0.8889,16,18
2261,0.2815,85,302
2262,0.8571,6,7
2263,0.7778,35,45
2264,1.0,3,3
2265,0.6154,8,13
2266,0.6667,6,9
2267,0.625,5,8
2268,0.8,16,20
2269,0.5781,37,64
2270,0.5957,56,94
2271,0.28,7,25
2272,0.7143,25,35
2273,0.5588,57,102
2274,0.8644,51,59
2275,0.1765,9,51
2276,0.4,14,35
2277,0.5714,12,21
2278,0.9508,58,61
2279,0.4444,4,9
2280,1.0,26,26
2281,0.119,10,84
2282,0.6667,2,3
2283,0.7895,15,19
2284,0.3548,11,31
2285,0.2727,21,77
2286,0.44,22,50
2287,1.0,5,5
2288,0.2564,10,39
2289,0.65,52,80
2290,0.375,9,24
2291,0.6818,15,22
2292,0.84,21,25
2293,0.5,9,18
2294,0.5714,12,21
2295,0.55,11,20
2296,0.2581,16,62
2297,0.32,8,25
2298,0.5,4,8
2299,0.7333,22,30
2300,0.3333,2,6
2301,0.8571,12,14
2302,0.7018,40,57
2303,0.6316,12,19
2304,0.4444,8,18
2306,0.6667,44,66
2307,0.9375,30,32
2308,0.7,7,10
2309,1.0,13,13
2310,0.6897,20,29
2311,0.7562,121,160
2312,0.6667,18,27
2313,0.5571,39,70
2314,0.8529,29,34
2315,0.5682,25,44
2316,0.3333,2,6
2317,0.3571,5,14
2318,0.7778,7,9
2319,0.875,7,8
2320,0.6053,23,38
2321,0.3284,22,67
2322,0.6512,28,43
2323,0.3107,32,103
2324,0.2258,21,93
2325,0.7241,21,29
2326,0.6667,2,3
2327,0.5405,20,37
2328,0.625,5,8
2329,0.6,3,5
2330,0.48,36,75
2331,0.3077,12,39
2332,0.5,25,50
2333,0.9474,36,38
2334,0.0,0,1
2335,0.7619,16,21
2336,0.8,4,5
2337,0.7797,46,59
2338,0.5,14,28
2339,0.381,8,21
2340,0.6667,2,3
2341,0.5185,28,54
2342,0.8889,8,9
2343,0.9512,39,41
2344,0.6912,94,136
2345,0.8889,8,9
2346,0.5,13,26
2347,1.0,10,10
2348,0.6667,4,6
2349,0.8395,136,162
2350,0.4928,34,69
2351,0.7391,17,23
2352,0.549,56,102
2353,0.9167,11,12
2354,0.6829,28,41
2355,0.3784,14,37
2356,0.75,6,8
2357,0.6087,14,23
2358,0.3684,14,38
2359,0.4783,11,23
2360,0.5306,26,49
2361,0.3107,32,103
2362,0.2742,17,62
2363,0.35,7,20
2364,0.5769,15,26
2365,0.6,12,20
2366,0.7619,32,42
2367,0.5763,34,59
2368,0.6212,41,66
2369,1.0,1,1
2370,0.5472,29,53
2371,0.3577,44,123
2372,0.6286,22,35
2373,0.6364,21,33
2374,0.2628,36,137
2375,1.0,2,2
2376,0.8571,6,7
2377,0.7333,11,15
2378,0.6304,145,230
2379,0.5,3,6
2380,0.5281,47,89
2381,0.8889,8,9
2382,0.4902,25,51
2383,0.9333,14,15
2384,0.6842,13,19
2385,0.5769,15,26
2386,0.51,51,100
2387,0.38,19,50
2388,0.2059,7,34
2389,0.5,24,48
2390,0.35,7,20
2391,1.0,8,8
2392,0.7222,13,18
2393,0.8929,25,28
2394,0.6875,22,32
2395,0.7647,39,51
2396,0.5,15,30
2397,0.7627,180,236
2398,0.3592,51,142
2399,0.3143,22,70
2400,0.6364,7,11
2401,0.3333,1,3
2402,1.0,12,12
2403,0.4444,4,9
2404,0.4074,11,27
2405,0.8824,15,17
2406,0.3611,26,72
2407,0.8571,12,14
2408,1.0,12,12
2409,0.3797,60,158
2410,0.7143,15,21
2411,0.3333,1,3
2412,0.7662,59,77
2413,0.2581,8,31
2414,0.75,3,4
2415,0.6667,4,6
2416,0.3636,4,11
2417,0.625,10,16
2418,1.0,2,2
2419,0.6383,30,47
2420,0.8154,53,65
2421,1.0,7,7
2422,0.3103,9,29
2423,0.9545,21,22
2424,0.8906,171,192
2425,1.0,4,4
2426,0.381,8,21
2427,0.8033,49,61
2428,0.873,55,63
2429,0.6471,22,34
2430,0.4194,104,248
2431,0.8,8,10
2432,0.4857,17,35
2433,0.5143,54,105
2434,0.625,5,8
2435,0.8571,6,7
2436,0.8261,38,46
2437,0.3684,14,38
2438,0.4545,5,11
2439,0.6818,15,22
2440,0.6667,4,6
2441,0.7778,14,18
2442,0.6,3,5
2443,0.7442,32,43
2444,0.2838,21,74
2445,0.7143,15,21
2447,0.7895,15,19
2448,0.6,3,5
2449,0.0,0,1
2450,0.85,17,20
2451,0.3929,22,56
2452,0.3846,5,13
2453,0.6667,2,3
2454,0.7541,46,61
2455,0.2857,2,7
2456,0.8333,10,12
2457,0.0,0,6
2458,1.0,6,6
2459,0.5,23,46
2460,0.4286,3,7
2461,0.6667,2,3
2462,0.3542,17,48
2463,1.0,6,6
2464,0.7778,14,18
2465,0.697,23,33
2466,0.5,5,10
2467,0.8,8,10
2468,0.8387,52,62
2469,1.0,20,20
2470,0.7073,29,41
2472,0.7021,33,47
2473,0.5,5,10
2474,0.8182,27,33
2475,0.85,17,20
2476,0.5522,37,67
2477,0.4872,38,78
2478,1.0,7,7
2479,1.0,2,2
2480,0.6667,4,6
2481,0.5,24,48
2482,0.8125,13,16
2483,0.55,44,80
2484,0.5115,67,131
2485,0.3333,2,6
2486,0.4074,11,27
2487,0.381,16,42
2488,0.6812,47,69
2489,0.3333,2,6
2490,0.0,0,6
2491,1.0,1,1
2492,1.0,10,10
2493,0.5488,45,82
2494,0.7097,22,31
2495,0.5,1,2
2496,0.3333,5,15
2497,0.4444,8,18
2498,1.0,3,3
2499,0.4706,8,17
2500,0.75,3,4
2501,1.0,5,5
2502,0.4298,49,114
2503,0.9286,13,14
2504,0.6296,17,27
2505,0.4026,31,77
2506,0.2188,7,32
2507,0.6737,64,95
2508,0.4375,28,64
2509,0.7955,35,44
2510,0.625,5,8
2511,0.8571,24,28
2512,0.6667,30,45
2513,0.3175,20,63
2514,0.9157,76,83
2515,0.6078,31,51
2516,0.6667,22,33
2517,0.7358,39,53
2518,0.3963,65,164
2519,0.7857,11,14
2520,0.6341,26,41
2521,0.6,3,5
2522,0.8,4,5
2523,0.5698,49,86
2524,0.619,13,21
2525,1.0,18,18
2526,0.25,2,8
2527,0.4419,19,43
2528,0.8947,17,19
2529,0.9636,53,55
2530,0.4,4,10
2531,1.0,4,4
2532,0.5,11,22
2533,0.5278,19,36
2534,0.5,4,8
2535,1.0,1,1
2536,1.0,13,13
2537,0.4444,4,9
2538,0.8182,9,11
2539,0.9231,12,13
2540,0.5705,85,149
2541,0.0,0,1
2542,0.5714,8,14
2543,0.4697,31,66
2544,0.8415,69,82
2545,0.7647,39,51
2546,0.2609,12,46
2547,0.4444,4,9
2548,0.3333,1,3
2549,0.5287,46,87
2550,0.5593,33,59
2551,0.8,4,5
2552,0.5556,5,9
2553,0.5652,13,23
2554,0.6914,56,81
2555,0.8286,29,35
2556,0.8,20,25
2557,0.7778,7,9
2558,0.8228,65,79
2559,0.2222,2,9
2560,0.8,4,5
2561,1.0,23,23
2562,0.3143,11,35
2563,0.3333,1,3
2564,0.7391,17,23
2565,0.8824,30,34
2566,0.25,1,4
2567,0.5,4,8
2568,0.3714,52,140
2569,0.6667,2,3
2570,0.725,29,40
2571,0.75,9,12
2572,0.6957,16,23
2573,0.8542,41,48
2574,0.7368,14,19
2575,0.7119,42,59
2576,0.2432,18,74
2577,0.37,37,100
2578,0.75,3,4
2579,0.4615,6,13
2580,0.6994,114,163
2581,0.4667,14,30
2582,0.5152,17,33
2583,0.7027,26,37
2584,0.7759,45,58
2585,0.4194,13,31
2586,0.7647,26,34
2587,0.5,10,20
2588,0.0,0,4
2589,0.6667,2,3
2590,0.9512,39,41
2591,0.88,22,25
2592,1.0,1,1
2593,0.5,2,4
2594,0.4667,21,45
2595,0.8684,33,38
2596,0.875,14,16
2597,0.8333,5,6
2598,0.4524,19,42
2599,0.8788,29,33
2600,0.1667,2,12
2601,0.4118,7,17
2602,0.3286,23,70
2603,0.5,2,4
2604,0.5385,7,13
2605,0.7705,47,61
2606,0.6552,38,58
2607,0.7059,12,17
2608,0.425,17,40
2609,0.6667,12,18
2610,1.0,9,9
2611,0.25,17,68
2612,0.2959,29,98
2613,0.0,0,1
2614,0.2823,35,124
2615,0.6,3,5
2616,0.6731,35,52
2617,0.8571,6,7
2618,0.6154,8,13
2619,0.875,7,8
2620,0.9667,29,30
2621,0.7222,13,18
2622,0.5294,9,17
2623,0.5,9,18
2624,0.65,13,20
2625,0.7843,40,51
2626,0.8824,15,17
2627,0.2174,5,23
2628,0.8333,5,6
2629,0.8333,5,6
2630,0.5,1,2
2631,0.463,25,54
2632,0.6667,6,9
2633,0.6234,48,77
2634,1.0,3,3
2635,0.6538,17,26
2636,0.6571,23,35
2637,0.9565,22,23
2638,0.4677,29,62
2639,0.8421,16,19
2640,0.9,45,50
2641,0.75,15,20
2642,0.0,0,3
2643,0.1931,50,259
2644,0.6087,42,69
2645,0.8,4,5
2646,0.2421,23,95
2647,0.4712,49,104
2648,0.4444,4,9
2649,0.5405,80,148
2650,0.9296,66,71
2651,0.0,0,2
2652,0.8,16,20
2653,0.5,38,76
2654,0.8571,42,49
2655,0.5625,18,32
2656,0.5273,58,110
2657,0.53,115,217
2658,0.5082,62,122
2659,0.7895,15,19
2660,0.2188,7,32
2661,0.9362,44,47
2662,0.8824,15,17
2663,0.5,17,34
2664,0.3333,3,9
2665,0.875,7,8
2666,0.8889,8,9
2667,0.2727,6,22
2668,0.5455,6,11
2669,0.6818,120,176
2670,0.6585,27,41
2671,0.2254,32,142
2672,0.3333,16,48
2673,0.375,3,8
2674,0.5714,4,7
2675,0.4,40,100
2676,0.4545,10,22
2677,0.3704,10,27
2678,0.5,36,72
2679,1.0,4,4
2680,0.6957,16,23
2681,0.9474,18,19
2682,0.7805,32,41
2683,0.7297,27,37
2684,0.8723,41,47
2685,0.6667,2,3
2686,0.8372,36,43
2688,0.625,5,8
2689,0.5294,9,17
2690,0.6226,33,53
2691,0.5263,40,76
2692,0.725,29,40
2693,0.7143,10,14
2694,0.595,72,121
2695,0.7619,16,21
2696,0.6316,24,38
2697,0.8333,10,12
2698,0.541,33,61
2699,0.9231,12,13
2700,0.7727,17,22
2701,0.2105,4,19
2702,0.75,42,56
2703,0.9189,34,37
2704,0.3889,7,18
2705,0.6538,17,26
2706,0.7759,45,58
2707,0.6,24,40
2708,0.9,9,10
2709,0.6471,22,34
2710,0.2222,8,36
2711,0.5839,94,161
2712,0.977,85,87
2713,1.0,33,33
2714,1.0,2,2
2715,0.7273,8,11
2716,0.6,9,15
2717,0.3529,6,17
2718,0.7358,117,159
2719,0.9189,34,37
2720,0.536,67,125
2721,0.875,7,8
2722,0.6341,26,41
2723,0.8636,38,44
2724,0.2955,13,44
2725,0.6667,2,3
2726,0.8,4,5
2727,0.5,4,8
2728,0.5714,20,35
2729,0.7812,25,32
2730,1.0,4,4
2731,0.8462,11,13
2732,0.438,60,137
2733,0.3684,7,19
2734,0.3125,40,128
2735,0.1695,20,118
2736,0.8824,45,51
2737,0.7333,11,15
2738,0.45,9,20
2739,1.0,10,10
2740,0.6534,115,176
2741,0.7018,40,57
2742,0.7105,27,38
2743,0.6389,23,36
2744,0.8571,6,7
2745,0.4237,25,59
2746,0.1923,5,26
2747,0.0,0,4
2748,0.7333,11,15
2749,0.6471,22,34
2750,0.6667,10,15
2751,0.7647,26,34
2752,0.4706,8,17
2753,0.2031,13,64
2754,0.5,3,6
2755,0.4129,64,155
2756,0.5619,59,105
2757,0.8013,121,151
2758,0.6939,34,49
2759,0.8889,16,18
2760,0.4571,16,35
2761,0.7333,11,15
2762,0.671,155,231
2763,0.4286,3,7
2764,0.9643,27,28
2765,0.7273,8,11
2766,0.3846,5,13
2767,0.5556,5,9
2768,0.6618,45,68
2769,0.875,7,8
2770,0.2623,16,61
2771,1.0,22,22
2772,0.5309,86,162
2773,0.4386,25,57
2774,0.625,5,8
2775,1.0,2,2
2776,0.7172,71,99
2777,0.8372,36,43
2778,0.3922,20,51
2779,0.48,12,25
2780,0.5619,59,105
2781,0.6364,7,11
2782,0.8929,25,28
2783,0.6364,28,44
2784,0.4048,17,42
2785,1.0,10,10
2786,0.1667,1,6
2787,0.6353,54,85
2788,0.8056,29,36
2789,0.8571,6,7
2790,0.8,8,10
2791,1.0,5,5
2792,0.5278,19,36
2793,0.5571,39,70
2794,0.5714,8,14
2795,0.4419,19,43
2796,0.2222,2,9
2797,1.0,1,1
2798,0.2381,5,21
2799,0.0,0,2
2800,0.75,3,4
2801,0.6053,23,38
2802,1.0,21,21
2803,0.7,7,10
2804,0.4746,28,59
2805,0.6,3,5
2806,1.0,8,8
2807,0.5556,20,36
2808,0.9167,11,12
2809,0.8846,23,26
2810,0.825,33,40
2811,0.4051,32,79
2812,0.8133,61,75
2813,0.7436,29,39
2814,0.7,21,30
2815,0.6667,18,27
2816,0.8421,32,38
2817,0.75,9,12
2818,0.7586,22,29
2819,0.8667,13,15
2820,0.7,7,10
2821,0.5556,10,18
2822,0.525,42,80
2823,0.95,19,20
2824,0.1667,1,6
2825,0.7857,22,28
2826,0.5319,25,47
2827,0.3529,6,17
2828,0.8333,5,6
2829,0.875,14,16
2830,0.6593,60,91
2831,0.25,3,12
2832,0.7273,16,22
2833,0.4762,30,63
2834,0.7059,36,51
2835,0.7551,37,49
2836,0.3768,26,69
2837,0.6923,36,52
2838,0.9091,10,11
2839,0.537,29,54
2840,0.8333,10,12
2841,0.5638,53,94
2842,0.3731,25,67
2843,0.4483,65,145
2844,0.6,6,10
2845,0.8235,14,17
2846,1.0,5,5
2847,0.7619,16,21
2848,0.7879,26,33
2849,0.5556,5,9
2850,1.0,2,2
2851,0.62,31,50
2852,1.0,6,6
2853,0.5714,4,7
2854,0.7692,10,13
2855,0.7719,44,57
2856,0.6,27,45
2857,0.6053,23,38
2858,0.4286,18,42
2859,0.5882,10,17
2860,0.6167,37,60
2861,0.35,7,20
2862,0.3333,62,186
2863,0.5517,16,29
2864,0.626,77,123
2865,0.9091,10,11
2866,0.5411,158,292
2867,0.7143,10,14
2868,0.4327,45,104
2869,0.913,21,23
2870,0.2143,3,14
2871,0.5122,21,41
2872,1.0,5,5
2873,0.9,9,10
2874,0.6364,14,22
2875,0.5839,80,137
2876,0.8182,9,11
2877,0.9512,39,41
2878,0.0,0,1
2879,0.5,1,2
2880,0.8571,6,7
2881,0.5455,6,11
2882,0.3,15,50
2883,0.5849,31,53
2884,0.35,7,20
2885,0.7143,30,42
2886,0.2703,10,37
2887,0.2414,7,29
2888,0.65,13,20
2889,0.2571,9,35
2890,0.2097,13,62
2891,0.4918,30,61
2892,0.5294,72,136
2893,0.6875,22,32
2894,0.7179,28,39
2895,0.8696,20,23
2896,0.0,0,6
2897,0.7778,49,63
2898,0.9783,45,46
2899,0.8163,40,49
2900,0.5618,50,89
2901,0.5294,9,17
2902,0.6471,88,136
2903,0.8049,66,82
2904,0.2174,5,23
2905,0.875,21,24
2906,0.5455,6,11
2907,0.8462,11,13
2908,1.0,13,13
2909,0.3881,26,67
2910,0.6667,22,33
2911,0.3333,1,3
2912,0.6724,39,58
2913,0.6061,20,33
2914,0.4675,36,77
2915,0.6983,81,116
2916,0.7843,40,51
2917,0.2,1,5
2918,0.75,48,64
2919,0.3258,43,132
2920,0.5714,4,7
2921,0.5405,20,37
2922,0.8125,26,32
2923,0.7045,31,44
2924,0.8148,22,27
2925,0.5714,52,91
2926,0.6429,36,56
2927,0.7885,41,52
2928,0.4103,16,39
2929,0.8333,5,6
2930,0.7596,79,104
2931,1.0,15,15
2932,0.58,29,50
2933,0.9286,13,14
2934,0.697,23,33
2935,0.7333,22,30
2936,0.5833,7,12
2937,0.5366,110,205
2938,0.4,2,5
2939,0.4583,11,24
2940,0.5455,12,22
2941,1.0,4,4
2942,0.6923,63,91
2943,0.8667,13,15
2944,0.3,6,20
2945,0.6377,88,138
2946,0.4833,29,60
2947,0.8,40,50
2948,0.6204,67,108
2949,1.0,2,2
2950,0.7018,40,57
2951,1.0,6,6
2952,0.7273,16,22
2953,1.0,4,4
2954,0.2857,2,7
2955,0.5325,41,77
2956,0.2857,2,7
2957,0.7368,14,19
2958,0.1772,14,79
2959,0.6824,58,85
2960,0.5789,11,19
2961,0.6667,6,9
2962,0.2222,2,9
2963,0.7143,10,14
2964,0.7143,30,42
2965,1.0,10,10
2966,0.8372,36,43
2967,0.2979,14,47
2968,0.3462,9,26
2969,1.0,19,19
2970,0.6667,26,39
2971,0.6981,37,53
2972,0.4509,78,173
2973,0.75,12,16
2974,0.4902,25,51
2975,0.3333,2,6
2976,0.0,0,3
2977,0.5,2,4
2978,0.5,19,38
2979,0.6479,46,71
2980,0.6,3,5
2981,0.7143,5,7
2982,0.5856,65,111
2983,0.4681,44,94
2984,0.9333,14,15
2985,0.4,8,20
2986,0.4286,12,28
2987,0.3171,13,41
2988,0.7426,75,101
2989,0.7586,22,29
2990,0.4615,18,39
2991,0.4444,12,27
2992,0.8163,40,49
2993,0.5714,8,14
2994,0.35,7,20
2995,0.4615,30,65
2996,0.1,1,10
2997,0.5172,15,29
2998,0.4286,6,14
2999,0.5357,15,28
3000,0.9667,29,30
3001,0.6875,11,16
3002,0.75,6,8
3003,0.8125,13,16
3004,0.8333,15,18
3005,0.3333,6,18
3006,1.0,4,4
3007,0.8571,6,7
3008,0.1892,7,37
3009,0.8,4,5
3010,0.75,9,12
3011,0.4667,63,135
3012,0.0,0,5
3013,0.3647,31,85
3014,0.8462,11,13
3015,0.6667,8,12
3016,0.9091,10,11
3017,0.9,18,20
3018,0.5833,21,36
3019,0.4286,3,7
3020,0.8539,76,89
3021,0.6667,4,6
3022,0.6471,11,17
3023,0.5,5,10
3024,0.6071,51,84
3025,0.5114,45,88
3026,0.5556,5,9
3028,0.6667,4,6
3029,0.5,7,14
3030,0.25,1,4
3031,0.2623,16,61
3032,0.619,26,42
3033,0.7228,73,101
3034,0.0,0,2
3035,0.6875,22,32
3036,0.5,2,4
3037,0.6111,22,36
3038,0.8333,5,6
3039,0.5094,27,53
3040,0.7463,50,67
3041,0.8095,17,21
3042,0.633,69,109
3043,0.4333,13,30
3044,1.0,5,5
3045,0.5758,19,33
3046,1.0,3,3
3047,0.547,64,117
3048,0.4194,13,31
3049,0.7551,37,49
3050,0.9474,18,19
3051,0.6087,42,69
3052,0.0645,12,186
3053,0.2865,53,185
3054,0.7,21,30
3055,0.9286,13,14
3056,0.3261,15,46
3057,0.7833,47,60
3058,0.6129,57,93
3059,0.8,8,10
3060,0.7368,28,38
3061,0.625,10,16
3062,0.4062,13,32
3063,1.0,6,6
3064,0.7273,16,22
3065,0.7222,26,36
3066,0.7037,19,27
3067,0.3333,3,9
3068,0.7759,90,116
3069,0.4783,22,46
3070,0.6739,31,46
3071,0.759,63,83
3072,0.6786,57,84
3073,0.549,28,51
3074,0.619,26,42
3075,0.8182,18,22
3076,0.5962,31,52
3077,0.4583,11,24
3078,0.4286,3,7
3079,0.5897,23,39
3080,0.6923,18,26
3081,0.6508,41,63
3082,0.1852,5,27
3083,0.5,6,12
3084,0.3333,1,3
3085,0.8333,40,48
3086,0.6207,90,145
3087,0.7778,14,18
3088,0.6667,18,27
3089,1.0,12,12
3090,0.55,11,20
3091,0.875,7,8
3092,0.7864,81,103
3093,0.4,4,10
3094,0.8228,65,79
3095,0.8571,6,7
3096,0.8,4,5
3097,0.5385,7,13
3098,0.3043,7,23
3099,0.6857,24,35
3100,0.0,0,1
3101,0.5918,29,49
3102,0.4118,7,17
3103,0.6,3,5
3104,0.75,6,8
3105,0.3214,9,28
3106,0.6667,40,60
3107,0.4898,24,49
3108,0.3889,14,36
3109,0.314,65,207
3110,0.8571,12,14
3111,0.6471,33,51
3112,0.6,3,5
3113,0.3929,11,28
3114,0.6,6,10
3115,0.6061,20,33
3116,0.3333,4,12
3117,0.8182,18,22
3118,0.6667,8,12
3119,1.0,2,2
3120,0.1765,3,17
3121,0.6667,2,3
3122,0.75,3,4
3123,0.5217,12,23
3124,0.7273,8,11
3125,0.5074,69,136
3126,0.9143,32,35
3127,0.3415,14,41
3128,0.5405,20,37
3129,0.1818,2,11
3130,0.3333,1,3
3131,0.4043,38,94
3132,0.875,21,24
3133,0.6522,15,23
3134,0.7917,19,24
3135,0.6765,23,34
3136,0.22,11,50
3137,1.0,1,1
3138,0.6415,34,53
3139,0.6,3,5
3140,0.3333,8,24
3141,0.6,6,10
3142,0.5263,20,38
3143,0.875,7,8
3144,0.619,13,21
3145,0.589,43,73
3146,0.8667,26,30
3147,0.8462,22,26
3148,0.4634,38,82
3149,0.8571,48,56
3150,0.5455,6,11
3151,0.5385,7,13
3152,0.625,20,32
3153,0.5,5,10
3154,0.3529,6,17
3155,0.6667,12,18
3156,1.0,6,6
3157,0.679,55,81
3158,0.55,11,20
3159,0.6667,2,3
3160,0.475,19,40
3161,0.2778,10,36
3162,0.5333,16,30
3163,0.9524,40,42
3164,0.7917,19,24
3165,0.505,51,101
3166,0.9516,59,62
3167,0.4038,21,52
3168,0.5,6,12
3169,0.4138,12,29
3170,0.8966,26,29
3171,0.6257,107,171
3172,0.4234,47,111
3173,0.3814,37,97
3174,0.3191,15,47
3175,1.0,1,1
3176,0.4444,16,36
3177,0.549,28,51
3178,0.6471,33,51
3179,0.4043,57,141
3180,0.2,4,20
3181,0.6,15,25
3182,0.8889,24,27
3183,1.0,3,3
3184,0.6692,87,130
3185,0.8333,20,24
3186,0.8571,30,35
3187,0.3478,16,46
3188,0.6667,4,6
3189,0.5647,48,85
3190,0.5,3,6
3191,0.5893,33,56
3192,0.4867,128,263
3193,0.0,0,2
3194,0.4222,19,45
3195,0.4211,64,152
3196,0.4773,21,44
3197,0.5808,133,229
3198,0.5,3,6
3199,0.3627,70,193
3200,1.0,4,4
3201,0.4222,38,90
3202,0.5478,126,230
3203,0.5455,12,22
3204,0.8,12,15
3205,0.6429,9,14
3206,0.85,17,20
3207,0.52,91,175
3208,0.6981,37,53
3209,0.3333,2,6
3210,0.7778,63,81
3211,0.5957,28,47
3212,0.85,17,20
3213,0.4286,21,49
3214,0.6,3,5
3215,1.0,6,6
3216,0.9,9,10
3217,0.3125,5,16
3218,0.3404,48,141
3219,0.7241,21,29
3220,0.5,3,6
3221,0.7632,29,38
3222,0.6154,8,13
3223,0.3333,8,24
3224,0.7209,31,43
3225,0.234,22,94
3226,0.65,13,20
3227,0.7345,130,177
3228,0.8378,31,37
3229,0.8,4,5
3230,0.4516,14,31
3231,0.4111,37,90
3233,0.7297,27,37
3234,0.2,6,30
3235,0.5,3,6
3236,0.5441,74,136
3237,0.5294,36,68
3238,0.6207,18,29
3239,0.9091,30,33
3240,0.9545,21,22
3241,1.0,34,34
3242,0.6667,2,3
3243,1.0,5,5
3244,0.8333,15,18
3245,0.6056,43,71
3246,0.8,4,5
3247,0.7,7,10
3248,0.875,7,8
3249,0.4276,65,152
3250,0.7143,10,14
3251,0.8161,71,87
3252,0.85,17,20
3253,0.6216,23,37
3254,0.6111,11,18
3255,0.8056,29,36
3256,0.6765,23,34
3257,0.5362,37,69
3258,0.3333,2,6
3259,0.4112,81,197
3260,0.75,45,60
3262,0.6056,43,71
3263,0.8158,31,38
3264,0.4881,82,168
3265,0.8462,22,26
3266,0.8824,15,17
3267,0.7857,11,14
3268,0.7708,74,96
3269,0.5865,61,104
3270,1.0,2,2
3271,0.75,24,32
3272,0.5,16,32
3273,0.2911,62,213
3274,0.5745,27,47
3275,0.7174,33,46
3276,0.6,3,5
3277,0.4298,49,114
3278,0.8,8,10
3279,0.8571,12,14
3280,0.413,19,46
3281,0.5079,32,63
3282,1.0,22,22
3283,0.5,24,48
3284,0.7619,160,210
3285,0.5286,37,70
3286,0.4898,24,49
3287,0.6667,12,18
3288,0.5417,26,48
3289,0.4959,122,246
3290,1.0,9,9
3291,0.5207,63,121
3292,1.0,7,7
3293,0.4314,44,102
3294,1.0,14,14
3295,0.6822,73,107
3296,0.9706,33,34
3297,0.75,3,4
3298,0.4545,5,11
3299,0.4643,13,28
3300,0.5714,12,21
3301,0.6667,12,18
3302,0.6389,23,36
3303,0.75,3,4
3304,0.5,3,6
3305,0.8889,8,9
3306,0.4667,7,15
3307,0.5556,5,9
3308,0.2857,2,7
3309,0.4615,42,91
3310,0.9,9,10
3311,0.2308,12,52
3312,0.625,5,8
3313,0.3947,15,38
3314,0.1667,2,12
3315,0.5641,22,39
3316,0.462,73,158
3317,1.0,12,12
3318,0.2725,94,345
3319,0.3889,14,36
3320,0.5882,20,34
3321,0.3279,20,61
3322,0.52,13,25
3323,0.8846,23,26
3324,0.8333,10,12
3325,0.3235,11,34
3326,1.0,4,4
3327,0.6875,11,16
3328,0.6364,21,33
3329,0.575,23,40
3330,0.5806,18,31
3331,0.9091,10,11
3332,1.0,7,7
3333,0.4286,18,42
3334,1.0,8,8
3335,0.5,5,10
3336,1.0,9,9
3337,0.5,2,4
3338,0.2331,31,133
3339,0.3333,2,6
3340,0.8043,111,138
3341,0.6667,2,3
3342,1.0,6,6
3343,0.5333,40,75
3344,0.6939,34,49
3345,0.8214,23,28
3346,0.6296,17,27
3347,0.9231,12,13
3348,0.75,45,60
3349,0.3333,8,24
3350,0.4737,9,19
3351,0.7143,5,7
3352,0.2988,75,251
3353,0.619,26,42
3354,1.0,9,9
3355,0.5,2,4
3356,0.4773,42,88
3357,0.5714,4,7
3358,0.8889,8,9
3359,0.95,19,20
3360,0.4028,58,144
3361,0.875,7,8
3362,1.0,3,3
3363,0.5833,7,12
3364,0.9545,63,66
3365,0.9091,20,22
3366,0.5,3,6
3367,1.0,3,3
3368,1.0,14,14
3369,0.7895,30,38
3370,0.4231,11,26
3371,0.4328,29,67
3372,0.5862,17,29
3373,0.9231,12,13
3374,0.7143,10,14
3375,0.4,2,5
3376,0.8265,81,98
3377,0.5652,13,23
3378,0.8,4,5
3379,0.3671,29,79
3380,0.3846,10,26
3381,0.6316,12,19
3382,0.5385,21,39
3383,0.875,7,8
3384,0.7619,48,63
3385,0.4444,4,9
3386,0.6,3,5
3387,0.6667,4,6
3388,0.4,4,10
3389,0.6531,32,49
3390,0.75,6,8
3391,0.7647,26,34
3392,1.0,18,18
3393,0.7111,32,45
3394,0.75,27,36
3395,0.4667,14,30
3396,1.0,5,5
3397,0.29,67,231
3398,0.814,35,43
3399,0.3939,13,33
3400,0.4694,23,49
3401,0.375,3,8
3402,0.925,74,80
3403,0.9375,45,48
3404,0.7407,20,27
3405,0.76,19,25
3406,0.6111,44,72
3407,0.7083,51,72
3408,0.76,38,50
3409,1.0,12,12
3410,0.5833,35,60
3411,0.3333,4,12
3412,0.5263,20,38
3413,1.0,6,6
3414,0.5,3,6
3415,0.5833,21,36
3416,0.6129,19,31
3417,0.6,18,30
3418,0.0,0,5
3419,0.7778,14,18
3420,0.25,2,8
3421,0.6875,11,16
3422,0.8182,9,11
3423,0.5135,19,37
3424,0.3187,29,91
3425,1.0,4,4
3426,0.5294,18,34
3427,0.3958,38,96
3428,0.6331,88,139
3429,0.9062,29,32
3430,0.6222,28,45
3431,0.7419,23,31
3432,0.8333,5,6
3433,0.6216,23,37
3434,0.2308,6,26
3435,0.7391,17,23
3436,0.5909,13,22
3437,0.6667,6,9
3438,1.0,2,2
3439,0.3012,25,83
3440,0.7097,22,31
3441,0.7907,34,43
3442,0.65,13,20
3443,0.4912,28,57
3444,0.6667,2,3
3445,0.75,24,32
3446,0.7778,14,18
3447,0.7273,8,11
3448,0.8846,23,26
3449,0.7778,7,9
3450,0.2174,35,161
3451,0.6,9,15
3452,0.7143,5,7
3453,0.3,3,10
3455,0.6667,38,57
3456,0.7143,15,21
3457,0.6465,64,99
3458,0.2857,2,7
3459,0.5263,20,38
3460,0.3667,11,30
3461,0.6091,67,110
3462,0.6,15,25
3463,0.3333,2,6
3464,0.5,6,12
3465,1.0,12,12
3466,0.3667,11,30
3467,0.9524,20,21
3468,0.5,2,4
3469,0.5132,39,76
3470,0.8571,18,21
3471,0.3171,13,41
3472,1.0,14,14
3473,0.6,3,5
3474,0.3548,11,31
3475,0.375,3,8
3476,0.6176,21,34
3477,0.0,0,7
3478,0.8571,6,7
3479,0.4286,3,7
3480,0.7273,8,11
3481,0.4286,3,7
3483,0.7059,12,17
3484,0.4643,13,28
3485,0.6875,22,32
3486,0.8148,22,27
3487,0.6338,90,142
3488,0.8276,24,29
3489,0.3333,9,27
3490,0.4912,56,114
3491,0.8113,43,53
3492,0.96,24,25
3493,0.8571,6,7
3494,0.5833,7,12
3495,0.5517,16,29
3496,0.5385,7,13
3497,0.3529,12,34
3498,0.4118,7,17
3499,0.3019,16,53
3500,1.0,4,4
3501,0.6923,18,26
3502,0.7143,5,7
3503,0.9231,12,13
3504,0.8641,89,103
3505,0.4688,30,64
3506,0.4746,28,59
3507,0.8333,5,6
3508,0.4328,29,67
3509,0.3684,14,38
3510,0.6667,8,12
3511,1.0,2,2
3512,0.3478,8,23
3513,0.299,61,204
3514,0.7191,64,89
3515,0.7832,112,143
3516,0.1585,13,82
3517,0.3837,33,86
3518,0.6471,22,34
3519,1.0,2,2
3520,0.7976,67,84
3521,1.0,4,4
3522,1.0,7,7
3523,0.3333,2,6
3524,0.6316,12,19
3525,1.0,6,6
3527,0.9,18,20
3528,0.4778,43,90
3529,0.8571,18,21
3530,0.7701,67,87
3531,0.8889,8,9
3532,0.1719,22,128
3533,0.7273,8,11
3534,0.7348,97,132
3535,0.6667,8,12
3536,0.6154,8,13
3537,0.8281,53,64
3538,0.2752,30,109
3539,0.5172,15,29
3540,0.5,41,82
3541,0.6,3,5
3542,0.85,17,20
3543,0.7647,13,17
3544,0.6154,16,26
3545,0.7667,23,30
3546,0.1212,4,33
3547,0.6389,23,36
3548,0.4444,12,27
3549,0.5417,13,24
3550,0.6629,59,89
3551,0.5333,32,60
3552,0.3333,17,51
3553,0.4062,13,32
3554,0.56,42,75
3555,0.5,2,4
3556,0.8788,29,33
3557,0.6667,6,9
3558,0.4783,11,23
3559,0.4516,14,31
3560,0.7692,10,13
3561,1.0,1,1
3562,0.625,5,8
3563,0.5385,7,13
3564,0.8,8,10
3565,0.1964,11,56
3566,0.6875,11,16
3567,0.8636,19,22
3568,0.3529,6,17
3569,0.7222,13,18
3570,0.2569,28,109
3571,0.8387,26,31
3572,0.717,38,53
3573,0.3492,22,63
3574,0.65,13,20
3575,0.6,27,45
3576,0.4756,107,225
3577,0.82,41,50
3578,0.6667,22,33
3579,0.6857,24,35
3580,0.66,33,50
3581,0.4444,4,9
3582,0.5,2,4
3583,0.4717,25,53
3584,0.2,1,5
3585,0.6038,32,53
3586,0.6559,61,93
3587,1.0,10,10
3588,0.6296,17,27
3589,0.51,51,100
3590,1.0,7,7
3591,1.0,7,7
3592,0.2714,19,70
3593,0.7444,67,90
3594,0.4143,29,70
3595,0.6471,11,17
3596,0.3973,29,73
3597,0.4133,31,75
3598,0.7273,24,33
3599,0.5714,4,7
3600,0.4247,31,73
3601,0.75,9,12
3602,0.5,3,6
3603,0.6667,6,9
3604,0.4677,29,62
3605,0.8,16,20
3606,0.8049,33,41
3607,0.2333,7,30
3608,0.4865,18,37
3609,0.4615,78,169
3610,1.0,5,5
3611,0.72,18,25
3612,0.4793,58,121
3613,0.4211,24,57
3614,0.7273,8,11
3615,1.0,3,3
3616,0.68,17,25
3617,0.9041,66,73
3618,0.5545,112,202
3619,0.2,1,5
3620,0.5,3,6
3621,0.4051,32,79
3622,0.8276,24,29
3623,0.6522,30,46
3624,0.7143,5,7
3625,0.771,101,131
3626,0.9545,21,22
3627,0.75,3,4
3628,0.4884,42,86
3629,0.6447,98,152
3630,0.6444,29,45
3631,0.4286,6,14
3632,1.0,6,6
3633,0.5253,52,99
3634,1.0,6,6
3635,0.5455,18,33
3636,0.45,9,20
3638,0.0,0,1
3639,0.913,63,69
3640,0.625,5,8
3641,0.6957,48,69
3642,0.8824,15,17
3643,1.0,11,11
3644,0.7188,23,32
3645,0.6154,8,13
3646,0.3871,24,62
3647,0.4091,9,22
3648,0.9333,28,30
3649,0.0882,3,34
3650,0.2692,7,26
3651,0.4268,70,164
3652,0.8824,15,17
3653,1.0,18,18
3654,0.7778,35,45
3655,0.5758,19,33
3656,0.4848,16,33
3657,0.4545,5,11
3658,0.6923,18,26
3659,0.7805,32,41
3660,0.4167,45,108
3661,0.5,3,6
3662,0.625,5,8
3663,0.36,36,100
3664,0.5779,89,154
3665,0.5556,15,27
3666,0.5185,14,27
3667,0.7397,54,73
3668,1.0,2,2
3669,0.8889,8,9
3670,0.8475,50,59
3671,0.8261,38,46
3672,0.4,12,30
3673,0.1038,44,424
3674,0.6415,34,53
3675,1.0,2,2
3676,0.675,54,80
3677,0.5714,4,7
3678,0.4259,23,54
3679,1.0,4,4
3680,0.7982,91,114
3681,0.6415,68,106
3682,0.3529,6,17
3683,0.75,3,4
3684,0.6216,23,37
3685,0.878,36,41
3686,0.3611,13,36
3687,0.5882,10,17
3688,0.5263,10,19
3689,0.6667,6,9
3690,0.4595,17,37
3691,0.16,4,25
3692,0.6349,40,63
3693,0.8621,25,29
3694,1.0,4,4
3695,0.9,9,10
3696,0.4,2,5
3697,0.5658,43,76
3698,0.8667,13,15
3699,0.2,1,5
3700,0.5221,59,113
3701,0.1429,6,42
3702,1.0,9,9
3703,0.4535,39,86
3704,0.4663,97,208
3705,0.4906,52,106
3706,0.4146,17,41
3707,0.5,1,2
3708,0.8667,26,30
3709,0.5789,11,19
3710,0.5116,22,43
3711,0.375,12,32
3712,0.75,9,12
3713,0.4848,32,66
3714,1.0,4,4
3715,0.8571,12,14
3716,0.7,7,10
3717,0.6667,12,18
3718,0.7,7,10
3719,0.8276,24,29
3720,0.4706,40,85
3721,0.6667,4,6
3722,0.5849,31,53
3723,0.8571,6,7
3724,0.9706,33,34
3725,0.4,2,5
3726,0.2439,30,123
3727,0.4231,11,26
3728,0.375,9,24
3729,0.9375,15,16
3730,1.0,7,7
3731,0.9091,10,11
3732,0.4,4,10
3733,0.7727,17,22
3734,0.8462,11,13
3735,0.4286,12,28
3736,0.3684,7,19
3737,0.6148,83,135
3738,0.4412,15,34
3739,0.5385,7,13
3740,0.8333,30,36
3742,0.4286,3,7
3743,0.4133,93,225
3744,0.3846,20,52
3745,0.8986,62,69
3746,0.269,46,171
3747,0.8571,6,7
3748,0.7742,48,62
3749,0.7273,8,11
3750,0.7451,38,51
3751,0.6471,33,51
3752,0.68,17,25
3753,0.4474,17,38
3754,0.7778,14,18
3755,0.2459,15,61
3756,0.6,15,25
3757,0.7857,33,42
3758,0.5714,36,63
3759,0.7692,10,13
3760,0.75,39,52
3761,0.85,85,100
3762,0.449,22,49
3763,0.5455,6,11
3764,0.7742,24,31
3765,0.4286,9,21
3766,1.0,3,3
3767,0.4038,21,52
3768,0.7041,69,98
3769,0.5,3,6
3770,0.6667,2,3
3771,0.8182,9,11
3772,0.3846,5,13
3773,0.3235,22,68
3774,0.4167,30,72
3775,0.5918,58,98
3776,0.7561,31,41
3777,0.6957,16,23
3778,0.7407,20,27
3779,0.7465,53,71
3780,0.1754,10,57
3782,0.6,6,10
3783,0.4062,13,32
3784,0.5741,31,54
3785,0.3774,20,53
3786,0.1842,7,38
3787,0.875,7,8
3788,0.8065,25,31
3789,0.6667,2,3
3790,0.7857,22,28
3791,0.48,12,25
3792,0.2875,23,80
3793,0.8824,15,17
3794,0.7778,28,36
3795,0.1429,1,7
3796,0.7143,10,14
3797,0.4028,58,144
3798,0.875,7,8
3799,0.6364,28,44
3800,0.8837,38,43
3801,0.8,4,5
3802,0.8333,30,36
3803,0.3623,25,69
3804,0.5333,40,75
3805,0.4615,24,52
3806,0.4444,4,9
3807,0.8,8,10
3808,0.6,6,10
3809,0.3922,20,51
3810,0.1667,1,6
3811,0.6316,12,19
3812,0.25,2,8
3813,0.8571,6,7
3814,1.0,1,1
3815,0.6471,11,17
3816,0.6067,54,89
3817,0.8571,6,7
3818,0.6049,49,81
3819,0.3636,8,22
3821,0.8333,40,48
3822,0.6667,6,9
3823,0.24,6,25
3824,0.2727,6,22
3825,0.6667,12,18
3826,0.871,27,31
3827,0.6642,89,134
3828,0.9,27,30
3829,0.6,3,5
3830,0.8,4,5
3831,1.0,1,1
3832,0.7143,5,7
3833,0.5,21,42
3834,0.7059,12,17
3835,0.5714,8,14
3836,0.6667,4,6
3837,0.5714,4,7
3838,0.7,7,10
3839,0.6957,16,23
3840,0.7778,7,9
3841,1.0,2,2
3842,0.6977,30,43
3843,0.8837,38,43
3844,0.8571,6,7
3845,1.0,5,5
3846,1.0,18,18
3847,0.4444,8,18
3848,0.38,19,50
3849,0.5,4,8
3850,0.6154,16,26
3851,0.6702,63,94
3852,0.3611,13,36
3853,0.25,1,4
3854,0.4839,15,31
3855,0.375,15,40
3856,0.6222,28,45
3857,1.0,2,2
3858,0.3591,79,220
3859,0.4603,29,63
3860,0.7,7,10
3861,1.0,5,5
3862,0.3958,57,144
3863,0.6786,19,28
3864,0.5278,76,144
3866,0.5,5,10
3867,1.0,3,3
3868,0.9167,11,12
3869,0.9062,29,32
3870,0.6486,96,148
3871,0.9444,34,36
3872,0.5818,32,55
3873,0.4286,9,21
3874,0.5312,17,32
3875,0.125,1,8
3876,0.4265,29,68
3877,0.9231,12,13
3878,0.9,9,10
3879,0.8824,15,17
3880,0.9048,19,21
3881,0.6667,18,27
3882,0.2,3,15
3883,0.3333,14,42
3884,0.0,0,1
3885,0.6316,12,19
3886,0.5263,20,38
3887,0.2857,18,63
3888,0.1667,2,12
3889,0.4286,3,7
3890,0.75,150,200
3891,0.9,9,10
3892,0.7,7,10
3893,0.5,1,2
3894,0.6944,25,36
3895,0.9111,41,45
3896,0.68,17,25
3897,0.5263,10,19
3898,0.7,7,10
3899,0.6667,32,48
3900,0.7,14,20
3901,0.7778,28,36
3902,0.4762,10,21
3903,0.7143,35,49
3904,0.7381,31,42
3905,0.8571,12,14
3906,0.3333,2,6
3907,0.4263,107,251
3908,0.75,6,8
3909,0.4286,3,7
3910,0.7763,59,76
3911,0.3333,3,9
3912,0.587,27,46
3913,0.5,11,22
3914,1.0,3,3
3915,0.5833,21,36
3916,0.5938,57,96
3917,0.6471,11,17
3918,0.5,2,4
3919,0.7719,44,57
3920,0.7083,85,120
3921,0.125,2,16
3922,0.8286,29,35
3923,0.8,4,5
3924,0.8333,35,42
3925,0.8571,24,28
3926,0.9231,60,65
3927,0.1614,41,254
3928,0.7231,47,65
3929,0.3846,10,26
3930,0.56,28,50
3931,0.8,8,10
3932,0.9444,17,18
3933,0.3684,14,38
3934,0.4904,51,104
3935,0.9192,91,99
3936,0.6538,34,52
3937,0.8333,5,6
3938,0.641,25,39
3939,0.8387,52,62
3940,0.52,26,50
3941,0.8,12,15
3942,0.7,21,30
3943,0.2571,9,35
3944,0.8333,35,42
3945,1.0,2,2
3946,0.375,3,8
3947,0.5,4,8
3948,0.5217,84,161
3949,0.625,5,8
3950,0.2222,2,9
3951,0.619,52,84
3952,0.1429,1,7
3953,1.0,13,13
3954,0.4167,10,24
3955,0.9,9,10
3956,0.8205,32,39
3957,0.8286,29,35
3958,0.7692,20,26
3959,0.3043,7,23
3960,0.6607,37,56
3961,0.76,19,25
3962,0.6667,4,6
3963,0.95,19,20
3964,1.0,5,5
3965,0.3086,25,81
3966,0.2791,24,86
3967,0.7059,12,17
3968,0.8222,37,45
3969,0.9024,37,41
3970,0.9167,11,12
3971,0.7563,90,119
3973,0.1837,9,49
3974,1.0,9,9
3975,0.8,4,5
3976,0.578,63,109
3977,0.3143,22,70
3978,0.717,38,53
3979,1.0,3,3
3980,0.5652,26,46
3981,0.5098,26,51
3982,0.6346,33,52
3983,0.4681,44,94
3984,0.1546,15,97
3985,0.5357,15,28
3986,0.8481,67,79
3987,0.6,6,10
3988,0.4412,15,34
3989,0.9286,13,14
3990,0.4186,54,129
3991,0.6667,20,30
3992,0.5676,21,37
3993,0.3333,8,24
3994,0.4286,6,14
3995,0.7636,42,55
3996,0.4286,3,7
3997,0.8,4,5
3998,0.4519,47,104
3999,0.7213,44,61
4000,0.9286,26,28
4001,1.0,1,1
4002,1.0,16,16
4003,0.5778,26,45
4004,0.1111,2,18
4005,0.8889,48,54
4006,0.8095,17,21
4007,0.8,8,10
4008,0.3864,17,44
4009,0.75,27,36
4010,0.2759,8,29
4011,0.7727,17,22
4012,0.7632,29,38
4014,0.4286,12,28
4015,0.7,7,10
4016,0.6316,12,19
4017,0.6429,9,14
4018,0.5357,15,28
4019,0.35,7,20
4020,0.3551,38,107
4021,0.7647,13,17
4022,0.5965,34,57
4023,0.427,38,89
4024,0.6078,31,51
4025,0.5455,12,22
4026,0.7667,23,30
4027,0.9,9,10
4028,0.625,5,8
4029,0.7083,17,24
4030,0.8158,31,38
4031,0.4118,21,51
4032,0.9,45,50
4033,0.8125,13,16
4034,0.5048,53,105
4035,1.0,6,6
4036,0.4444,12,27
4037,0.8,16,20
4038,0.396,40,101
4039,0.5,9,18
4040,0.7538,49,65
4041,0.3182,7,22
4042,0.5833,7,12
4043,0.5263,10,19
4044,0.7337,124,169
4045,0.9333,14,15
4046,0.7143,15,21
4047,0.2105,8,38
4048,0.8519,23,27
4049,0.0,0,1
4050,0.7778,7,9
4051,1.0,20,20
4052,0.4412,15,34
4053,0.7778,42,54
4054,0.9375,15,16
4055,0.7674,66,86
4056,0.8696,20,23
4057,0.6389,23,36
4058,0.5,1,2
4059,0.2541,31,122
4060,0.7857,11,14
4061,0.2979,14,47
4062,0.8286,29,35
4063,0.75,15,20
4064,0.625,5,8
4065,0.3784,28,74
4066,0.425,34,80
4067,0.481,38,79
4068,0.5556,5,9
4069,0.5,2,4
4070,0.75,6,8
4071,0.4444,4,9
4072,0.5469,35,64
4073,0.8,16,20
4074,0.3125,10,32
4075,0.8444,38,45
4076,0.9474,18,19
4077,0.6667,2,3
4078,0.5385,14,26
4079,0.5385,7,13
4080,0.6515,43,66
4081,0.66,33,50
4082,0.5,2,4
4083,0.7073,58,82
4084,0.9115,175,192
4085,0.6522,30,46
4086,0.65,13,20
4087,0.7121,47,66
4088,0.9091,10,11
4089,0.8391,73,87
4090,0.3841,53,138
4091,0.4286,3,7
4092,0.3333,1,3
4093,0.875,7,8
4094,0.7692,10,13
4095,0.8571,6,7
4096,0.7612,51,67
4097,0.5789,22,38
4098,0.7778,7,9
4099,0.75,3,4
4100,0.6667,6,9
4101,0.6061,60,99
4102,0.8,4,5
4103,1.0,6,6
4104,1.0,4,4
4105,0.9444,17,18
4106,0.8,4,5
4107,0.4648,33,71
4108,0.7,7,10
4109,0.625,20,32
4110,0.4231,11,26
4111,0.5263,10,19
4112,0.3774,20,53
4113,0.2647,9,34
4114,0.5,59,118
4115,0.5758,19,33
4116,0.46,46,100
4117,0.3333,23,69
4118,0.6207,36,58
4119,0.4444,4,9
4120,0.6957,16,23
4122,1.0,5,5
4123,0.2692,7,26
4124,0.1538,2,13
4125,0.6667,44,66
4126,0.5926,16,27
4127,0.6484,59,91
4128,0.4068,24,59
4129,0.5487,107,195
4130,0.0,0,3
4131,0.5,1,2
4132,0.8958,43,48
4133,0.5469,169,309
4134,1.0,3,3
4135,0.4944,44,89
4136,0.9333,14,15
4137,0.875,14,16
4138,0.56,56,100
4139,0.8636,19,22
4140,0.1915,27,141
4141,0.8857,31,35
4142,0.2917,21,72
4143,0.7391,17,23
4144,0.875,7,8
4145,0.65,13,20
4146,0.6842,13,19
4147,0.5862,34,58
4148,0.5,1,2
4149,0.4375,14,32
4150,0.7534,110,146
4151,0.8333,10,12
4152,0.5,1,2
4153,0.85,17,20
4154,0.7895,15,19
4155,0.3023,26,86
4156,0.75,9,12
4157,0.7353,25,34
4158,0.6308,82,130
4159,0.6667,2,3
4160,0.3235,22,68
4161,0.8065,25,31
4162,0.4279,86,201
4163,0.5,1,2
4164,1.0,14,14
4165,0.8889,8,9
4166,0.7037,19,27
4167,0.1667,3,18
4168,0.697,23,33
4169,0.5556,15,27
4170,0.6316,12,19
4171,0.2642,14,53
4172,0.7297,54,74
4173,0.7241,21,29
4174,0.75,6,8
4175,0.6207,18,29
4176,0.5833,70,120
4177,0.8,12,15
4178,0.1522,7,46
4179,1.0,1,1
4180,0.7222,26,36
4181,0.7,14,20
4182,0.625,5,8
4183,0.7959,39,49
4184,0.3582,48,134
4185,0.6667,8,12
4186,0.7162,53,74
4187,0.84,21,25
4188,1.0,5,5
4189,0.6531,32,49
4190,0.6667,2,3
4191,0.3305,39,118
4192,0.1887,10,53
4193,0.6667,98,147
4194,0.6286,22,35
4195,1.0,3,3
4196,0.8214,23,28
4197,0.4615,18,39
4198,0.561,46,82
4199,0.5,19,38
4200,0.9189,34,37
4201,0.5143,18,35
4202,0.4444,4,9
4203,0.3506,27,77
4204,0.6875,11,16
4205,0.5,4,8
4206,0.3333,1,3
4207,0.4474,17,38
4208,0.6667,6,9
4209,0.4632,44,95
4210,1.0,10,10
4211,0.2258,7,31
4212,0.0,0,23
4213,0.7879,26,33
4214,0.7188,23,32
4215,0.8421,64,76
4216,1.0,4,4
4217,0.2537,34,134
4218,0.1923,5,26
4219,0.925,37,40
4220,0.6136,27,44
4221,0.7941,27,34
4222,0.75,195,260
4223,1.0,13,13
4224,0.9643,27,28
4225,0.625,10,16
4226,0.34,34,100
4227,0.3571,5,14
4228,0.2278,18,79
4229,0.1644,12,73
4230,0.6,3,5
4231,0.3636,8,22
4232,0.0,0,1
4233,0.6949,41,59
4234,0.9259,25,27
4235,0.6667,16,24
4236,0.4444,12,27
4237,0.6222,28,45
4238,0.5467,41,75
4239,0.5,2,4
4240,0.75,3,4
4241,0.4455,45,101
4242,0.7778,7,9
4243,0.57,57,100
4244,0.5702,65,114
4245,0.8,4,5
4246,0.9091,20,22
4247,0.3333,2,6
4248,0.5294,9,17
4249,0.6061,20,33
4250,0.2821,11,39
4251,0.4375,7,16
4252,0.8676,59,68
4253,0.4792,23,48
4254,0.7273,32,44
4255,0.6905,29,42
4256,0.3514,65,185
4257,0.6923,9,13
4258,0.85,17,20
4259,0.8571,6,7
4260,0.5,3,6
4261,0.6667,8,12
4262,1.0,1,1
4263,0.7917,19,24
4264,0.2727,3,11
4265,0.0,0,2
4266,0.5,4,8
4267,0.625,5,8
4268,0.75,21,28
4269,0.6667,2,3
4271,0.3333,1,3
4272,0.8358,56,67
4273,0.8,4,5
4274,0.9,9,10
4275,0.4259,46,108
4276,0.4096,68,166
4277,1.0,1,1
4278,0.6667,10,15
4279,0.913,21,23
4280,0.0,0,3
4281,0.9355,29,31
4282,0.7619,16,21
4283,0.4054,30,74
4284,0.8636,57,66
4285,0.4406,63,143
4286,1.0,2,2
4287,0.64,16,25
4288,0.6667,2,3
4289,1.0,1,1
4290,0.697,46,66
4291,1.0,9,9
4292,0.6757,25,37
4293,0.3929,11,28
4294,0.25,1,4
4295,0.5451,127,233
4296,0.5,15,30
4297,0.8235,14,17
4298,0.6,3,5
4299,0.8,4,5
4300,0.5,1,2
4301,0.4333,13,30
4302,0.66,66,100
4303,0.48,12,25
4304,0.3043,7,23
4305,0.6667,2,3
4306,0.36,9,25
4307,0.7037,57,81
4308,0.4343,76,175
4309,0.6071,17,28
4310,0.9231,12,13
4311,0.5076,67,132
4312,0.2857,6,21
4313,0.6395,55,86
4314,0.64,16,25
4315,0.25,1,4
4316,0.7826,18,23
4317,0.3333,3,9
4318,0.4,2,5
4319,0.375,12,32
4320,0.5556,10,18
4321,0.75,6,8
4322,0.3333,5,15
4323,0.5333,16,30
4324,0.9185,124,135
4325,0.8333,10,12
4326,0.7971,55,69
4327,0.75,60,80
4328,0.8,4,5
4329,0.2653,13,49
4330,0.7101,98,138
4331,0.6966,62,89
4332,0.7368,56,76
4333,0.466,48,103
4334,0.7368,14,19
4335,0.25,3,12
4336,0.6667,2,3
4337,0.4375,14,32
4338,0.4762,20,42
4339,0.1667,1,6
4340,0.8182,27,33
4341,0.2165,21,97
4342,0.6212,41,66
4343,0.8,8,10
4344,0.16,4,25
4345,0.0,0,1
4346,0.5217,12,23
4347,0.3389,61,180
4348,0.8889,8,9
4349,0.7895,15,19
4350,0.1636,9,55
4351,0.5556,5,9
4352,0.913,21,23
4353,0.8333,55,66
4354,0.6,3,5
4355,0.6667,4,6
4356,0.0,0,1
4357,0.28,21,75
4358,0.5674,181,319
4359,0.5882,10,17
4360,0.7895,15,19
4361,0.5,1,2
4362,0.8095,17,21
4363,0.2812,9,32
4364,0.3333,1,3
4365,0.274,20,73
4366,0.6491,37,57
4367,0.525,21,40
4368,0.3529,12,34
4369,0.8,36,45
4370,0.2923,38,130
4371,0.5949,47,79
4372,0.75,9,12
4373,0.6364,28,44
4374,0.661,39,59
4375,0.6429,9,14
4376,0.75,24,32
4377,0.4512,37,82
4378,0.5263,10,19
4379,0.7222,13,18
4380,1.0,7,7
4381,0.6129,19,31
4382,0.0,0,1
4383,0.5,10,20
4384,0.75,3,4
4385,0.4467,67,150
4386,0.8,4,5
4387,0.3333,8,24
4388,0.75,6,8
4389,0.8145,101,124
4390,0.9688,93,96
4391,0.4,10,25
4392,0.7164,48,67
4393,1.0,13,13
4394,0.7636,84,110
4395,0.72,36,50
4396,0.5,5,10
4397,0.4,2,5
4398,0.5,16,32
4399,0.7458,44,59
4400,0.875,7,8
4401,0.0,0,8
4402,0.8571,42,49
4403,0.7794,53,68
4404,1.0,35,35
4405,0.6429,9,14
4406,0.6897,20,29
4407,0.75,6,8
4408,0.8,4,5
4409,0.48,12,25
4410,0.3,15,50
4411,0.8571,24,28
4412,0.8571,6,7
4413,0.7619,32,42
4414,0.4286,12,28
4415,0.5,2,4
4416,0.625,5,8
4417,0.6786,57,84
4418,0.819,95,116
4419,0.5,28,56
4420,0.18,18,100
4421,0.5696,45,79
4422,0.5,3,6
4423,0.6667,126,189
4424,0.6875,11,16
4425,0.55,22,40
4426,0.4286,9,21
4427,0.125,1,8
4428,0.4167,60,144
4429,1.0,10,10
4430,1.0,3,3
4431,0.75,36,48
4432,0.5748,73,127
4433,1.0,7,7
4434,0.4789,34,71
4435,0.3962,21,53
4436,0.3667,55,150
4437,0.6522,15,23
4438,0.8125,26,32
4439,0.7347,36,49
4440,0.5385,14,26
4441,0.5,2,4
4442,0.4746,28,59
4443,0.5517,16,29
4444,0.3958,19,48
4445,0.0,0,3
4446,0.5758,19,33
4447,0.1905,4,21
4448,0.7273,8,11
4449,0.6875,11,16
4450,0.3968,50,126
4451,0.4605,35,76
4452,0.5735,39,68
4453,0.8704,47,54
4454,0.7273,8,11
4455,0.5,40,80
4456,0.65,13,20
4457,0.6825,86,126
4458,0.625,5,8
4459,0.8919,33,37
4460,1.0,7,7
4461,0.6667,6,9
4462,0.4667,14,30
4463,0.9167,11,12
4464,0.2857,2,7
4465,0.5577,29,52
4466,0.6,6,10
4467,0.8,16,20
4468,0.6667,2,3
4469,0.6216,23,37
4470,0.9231,12,13
4472,1.0,7,7
4473,0.0,0,6
4474,0.5897,23,39
4475,0.7727,34,44
4476,0.5946,22,37
4477,0.8056,29,36
4478,0.5091,28,55
4479,0.6667,2,3
4480,0.6286,44,70
4481,0.6818,45,66
4482,0.8261,38,46
4483,0.8269,43,52
4484,0.8889,8,9
4485,0.2273,10,44
4486,0.8154,53,65
4487,0.3,6,20
4488,0.4375,14,32
4489,0.9429,33,35
4490,0.75,3,4
4491,0.0,0,2
4492,0.6429,18,28
4493,0.3824,13,34
4494,0.4397,51,116
4495,0.5789,33,57
4496,0.569,33,58
4497,0.6275,32,51
4498,0.6522,15,23
4499,0.8667,13,15
4500,0.8333,100,120
4501,0.5577,29,52
4502,0.5,1,2
4503,0.5,1,2
4504,0.6364,7,11
4505,0.5714,20,35
4506,0.6471,11,17
4507,0.4779,130,272
4508,0.0,0,1
4509,0.6034,70,116
4510,0.5,2,4
4511,0.5472,29,53
4512,0.8,20,25
4513,0.8,4,5
4514,0.5667,34,60
4515,0.8333,5,6
4516,0.5,7,14
4517,0.587,27,46
4518,0.5357,15,28
4519,0.6981,37,53
4520,0.5294,18,34
4521,0.4,12,30
4522,0.9,9,10
4523,0.6,18,30
4524,0.7692,10,13
4525,0.5714,12,21
4526,0.6757,100,148
4527,0.8462,11,13
4528,0.75,48,64
4529,0.3034,71,234
4530,0.4737,36,76
4531,0.4876,98,201
4532,0.5312,34,64
4533,0.5214,73,140
4534,0.62,31,50
4535,0.6316,12,19
4536,0.1,1,10
4537,1.0,15,15
4538,0.6286,22,35
4539,0.5455,78,143
4540,0.6452,20,31
4541,0.9231,12,13
4542,0.9583,23,24
4543,0.8333,5,6
4544,0.6604,70,106
4545,0.75,18,24
4546,0.4348,10,23
4547,0.6,3,5
4548,0.4748,217,457
4549,0.619,52,84
4550,0.7179,28,39
4551,0.4667,42,90
4552,0.8182,18,22
4553,0.7115,37,52
4554,0.6667,14,21
4555,0.8947,17,19
4556,0.4946,46,93
4557,0.6429,18,28
4558,0.5375,43,80
4559,0.4286,3,7
4560,0.2727,3,11
4561,0.7273,8,11
4562,0.8913,41,46
4563,0.6364,63,99
4564,0.3654,19,52
4565,0.9683,61,63
4566,0.5641,22,39
4567,0.4876,59,121
4568,0.6667,6,9
4569,0.2353,24,102
4570,0.8158,31,38
4571,1.0,5,5
4572,0.8333,15,18
4573,0.75,3,4
4574,0.8077,21,26
4575,0.8312,64,77
4576,0.7778,7,9
4577,0.6957,16,23
4578,0.9524,20,21
4579,0.4,10,25
4580,0.6,12,20
4581,0.5176,44,85
4582,0.7273,16,22
4583,0.2985,20,67
4584,0.75,15,20
4585,0.4375,14,32
4586,0.7241,21,29
4587,0.3594,23,64
4588,0.5,5,10
4589,0.2188,7,32
4590,0.8182,27,33
4591,0.6078,31,51
4592,0.766,36,47
4593,0.5714,4,7
4594,0.7333,154,210
4595,0.6667,4,6
4596,0.5,1,2
4597,0.6364,21,33
4598,0.6918,101,146
4599,0.7917,19,24
4600,0.7397,54,73
4601,0.5556,15,27
4602,0.3913,9,23
4603,0.3191,30,94
4604,0.4118,14,34
4605,0.7083,17,24
4606,0.4786,56,117
4607,0.4227,41,97
4608,0.5556,5,9
4609,0.4211,8,19
4610,0.6,12,20
4611,0.5909,13,22
4612,0.4528,24,53
4613,0.7692,20,26
4614,0.75,15,20
4615,0.6885,42,61
4616,0.5,2,4
4617,0.625,15,24
4618,0.4857,17,35
4619,0.7,7,10
4620,0.5556,10,18
4621,0.875,7,8
4622,0.6842,13,19
4623,0.5,3,6
4624,0.3913,9,23
4625,0.6,3,5
4627,0.9,27,30
4628,0.66,33,50
4629,0.6296,34,54
4630,0.6471,22,34
4631,0.5455,24,44
4632,0.6,15,25
4633,0.3636,8,22
4634,0.6667,56,84
4635,0.4524,19,42
4636,0.7952,66,83
4637,0.3333,1,3
4638,0.4286,3,7
4639,0.5,4,8
4640,0.6429,9,14
4641,0.5714,44,77
4642,0.1762,34,193
4643,0.7273,8,11
4644,0.9333,42,45
4645,0.0,0,4
4646,0.381,8,21
4647,1.0,1,1
4648,0.902,46,51
4649,0.7457,129,173
4650,0.6818,15,22
4651,0.95,19,20
4652,0.8696,20,23
4653,1.0,7,7
4654,0.5714,20,35
4655,0.7037,19,27
4656,0.7273,8,11
4657,0.25,2,8
4658,0.7037,19,27
4659,0.5294,9,17
4660,0.7692,30,39
4661,0.7778,63,81
4662,0.4,8,20
4663,0.6389,23,36
4664,0.28,14,50
4665,0.5806,36,62
4666,0.7442,32,43
4667,0.5,3,6
4668,0.7,7,10
4669,0.2857,2,7
4670,0.6667,10,15
4671,0.6471,44,68
4672,0.8333,5,6
4673,0.7083,34,48
4674,0.7128,67,94
4675,0.75,6,8
4676,0.6,3,5
4677,0.6032,76,126
4678,0.5977,52,87
4679,0.6364,7,11
4680,0.1964,11,56
4681,1.0,2,2
4682,0.3721,16,43
4683,0.625,15,24
4684,0.875,14,16
4685,0.8889,16,18
4686,0.8727,48,55
4687,0.7407,20,27
4688,0.4898,24,49
4689,0.75,21,28
4690,1.0,2,2
4691,0.5,6,12
4692,0.0,0,3
4693,0.5306,26,49
4694,0.8,4,5
4695,0.4286,6,14
4696,0.6463,190,294
4697,0.5909,13,22
4698,0.4416,34,77
4699,0.5385,28,52
4700,0.7821,61,78
4701,0.8378,31,37
4702,0.3511,46,131
4703,0.2857,2,7
4704,0.7021,33,47
4705,0.8333,10,12
4706,0.7083,51,72
4707,0.8571,6,7
4708,0.75,6,8
4710,0.8276,24,29
4711,0.8182,9,11
4712,0.5,6,12
4713,0.4493,31,69
4714,0.4545,10,22
4715,0.125,3,24
4716,0.9286,13,14
4717,1.0,3,3
4718,0.8333,30,36
4719,0.6579,25,38
4720,0.8889,8,9
4721,0.4932,36,73
4722,0.5752,65,113
4723,0.7143,15,21
4724,1.0,4,4
4725,0.4752,48,101
4726,1.0,10,10
4727,0.75,15,20
4728,0.45,9,20
4729,0.5,18,36
4730,0.7692,10,13
4731,0.6,6,10
4732,0.6818,15,22
4733,0.6,12,20
4734,0.6774,21,31
4735,0.4182,23,55
4736,0.4876,59,121
4737,0.3333,7,21
4738,1.0,3,3
4739,0.7368,28,38
4740,0.8462,11,13
4741,0.4545,5,11
4742,0.7333,11,15
4743,0.8,4,5
4744,0.5263,10,19
4745,0.7308,57,78
4746,0.9,27,30
4747,0.8696,20,23
4748,0.4968,77,155
4749,1.0,6,6
4750,0.5,2,4
4751,0.5833,14,24
4752,1.0,8,8
4754,0.5714,16,28
4755,0.6667,6,9
4756,0.5,1,2
4757,0.9259,25,27
4758,0.6435,74,115
4759,0.562,68,121
4760,0.6061,100,165
4761,0.8571,12,14
4762,0.8889,8,9
4763,0.5,10,20
4764,0.8,8,10
4765,0.6949,82,118
4766,0.5882,20,34
4767,0.6364,21,33
4768,0.65,26,40
4769,0.4605,35,76
4770,1.0,8,8
4771,0.6154,24,39
4772,0.5047,54,107
4773,0.25,1,4
4774,0.75,6,8
4775,0.6129,19,31
4776,0.3521,25,71
4777,0.7671,56,73
4778,0.4524,19,42
4779,0.766,36,47
4780,0.4286,3,7
4781,0.7576,25,33
4782,0.3462,9,26
4783,0.8571,18,21
4784,0.8571,66,77
4785,0.4167,5,12
4786,0.65,52,80
4787,0.8182,9,11
4788,0.5882,30,51
4789,0.4,10,25
4790,0.7143,10,14
4791,0.7,14,20
4792,0.8333,20,24
4793,0.6081,45,74
4794,0.4565,21,46
4795,0.7059,12,17
4796,0.7143,5,7
4797,0.6218,74,119
4798,0.3077,12,39
4799,0.6333,19,30
4800,0.6571,23,35
4801,0.8364,46,55
4802,0.76,19,25
4803,0.7778,14,18
4804,0.5517,16,29
4805,0.5,5,10
4806,0.2,1,5
4807,0.3067,23,75
4808,0.7353,25,34
4809,0.6494,50,77
4810,0.325,26,80
4811,0.6571,23,35
4812,0.8077,21,26
4813,1.0,5,5
4814,0.3171,26,82
4815,0.5517,32,58
4816,0.875,7,8
4817,0.8,4,5
4818,0.6207,18,29
4819,0.7241,21,29
4820,0.7826,18,23
4821,0.5532,26,47
4822,0.9437,67,71
4823,0.3659,45,123
4824,0.35,7,20
4825,0.4545,10,22
4826,0.7917,19,24
4827,0.3,12,40
4828,0.1957,9,46
4829,0.6923,27,39
4830,0.4,2,5
4831,0.2336,32,137
4832,0.5634,40,71
4833,0.7742,24,31
4834,1.0,12,12
4835,0.5949,47,79
4836,0.7297,54,74
4837,0.4783,11,23
4838,0.6667,14,21
4839,0.5758,38,66
4840,0.85,34,40
4841,0.5208,25,48
4842,0.85,17,20
4843,0.4333,13,30
4844,1.0,11,11
4845,0.8,4,5
4846,0.375,18,48
4847,0.9167,11,12
4848,0.6471,33,51
4849,0.5556,5,9
4850,0.0,0,1
4851,0.8485,28,33
4852,0.3333,14,42
4853,1.0,11,11
4854,0.8824,15,17
4855,0.7471,65,87
4856,0.735,86,117
4857,0.814,35,43
4858,0.88,22,25
4859,0.6,3,5
4860,0.7838,29,37
4861,0.4605,35,76
4862,0.4286,15,35
4863,0.1111,2,18
4864,0.525,105,200
4865,0.7727,34,44
4866,0.6187,86,139
4867,0.8,4,5
4868,0.68,17,25
4869,0.0968,3,31
4870,0.6418,43,67
4871,0.7692,30,39
4872,0.75,12,16
4873,0.2812,9,32
4874,0.3,6,20
4875,0.3571,5,14
4876,0.4412,15,34
4877,0.913,21,23
4878,0.75,3,4
4879,0.4333,13,30
4880,0.9167,11,12
4881,0.65,13,20
4882,0.3333,1,3
4883,0.5,2,4
4884,0.548,97,177
4885,0.5345,31,58
4886,0.6364,14,22
4887,1.0,10,10
4888,0.7429,26,35
4889,0.5312,17,32
4890,0.2857,8,28
4891,0.5,6,12
4892,0.3394,74,218
4893,0.7115,37,52
4894,0.7838,29,37
4895,0.6129,19,31
4896,0.3279,20,61
4897,0.375,3,8
4898,0.625,5,8
4899,0.5,3,6
4900,0.7391,17,23
4901,0.2667,8,30
4902,0.5106,24,47
4903,0.1404,8,57
4904,0.6667,6,9
4905,0.5833,7,12
4906,0.6471,11,17
4907,0.7778,14,18
4908,0.0,0,7
4909,0.5625,9,16
4910,0.7,7,10
4911,0.4286,3,7
4912,0.8,8,10
4913,1.0,5,5
4914,0.3571,80,224
4915,1.0,7,7
4916,0.7416,66,89
4917,0.2333,7,30
4918,0.2742,17,62
4919,0.4412,15,34
4920,0.7553,71,94
4921,1.0,8,8
4922,0.449,22,49
4923,0.7027,26,37
4924,0.3295,29,88
4925,0.6471,11,17
4926,0.8,8,10
4927,0.3148,17,54
4928,0.7143,5,7
4929,0.4615,6,13
4930,0.7059,36,51
4931,0.6226,33,53
4932,0.6667,12,18
4933,0.9286,26,28
4934,0.6986,51,73
4935,0.4286,3,7
4936,0.3636,4,11
4937,0.6281,76,121
4938,0.9,9,10
4939,0.7,7,10
4940,0.7143,20,28
4941,0.8,40,50
4942,0.48,12,25
4943,0.6351,47,74
4944,0.6,3,5
4945,1.0,9,9
4946,0.5294,9,17
4947,0.75,3,4
4948,0.3519,19,54
4949,0.25,4,16
4950,0.5227,23,44
4951,0.6721,41,61
4952,0.925,37,40
4953,1.0,2,2
4954,0.8,16,20
4955,0.3016,19,63
4956,0.4219,27,64
4957,1.0,4,4
4958,0.5952,25,42
4959,0.7917,38,48
4960,0.7538,49,65
4961,0.359,42,117
4962,0.6935,43,62
4963,0.6842,26,38
4964,0.8235,14,17
4965,0.319,37,116
4966,0.5,10,20
4967,0.4302,77,179
4968,0.4795,70,146
4969,0.7556,34,45
4970,1.0,19,19
4971,1.0,3,3
4972,1.0,1,1
4973,0.7714,27,35
4974,0.4536,44,97
4975,0.6842,52,76
4976,0.5369,80,149
4977,0.6471,11,17
4978,0.3077,12,39
4979,0.6829,28,41
4980,0.8889,24,27
4981,0.2642,14,53
4982,0.95,38,40
4983,0.6,6,10
4984,1.0,6,6
4985,0.5741,31,54
4986,0.6167,37,60
4987,0.8,16,20
4988,0.5833,14,24
4989,0.3376,132,391
4990,0.7241,21,29
4991,0.6875,11,16
4992,0.8571,18,21
4993,0.5,4,8
4994,0.6154,8,13
4995,0.5349,23,43
4996,0.66,33,50
4997,0.5333,8,15
4998,0.68,34,50
4999,0.4265,29,68
5000,0.6147,67,109
5001,0.6667,4,6
5002,0.6812,47,69
5003,0.85,17,20
5004,0.7273,8,11
5005,0.8684,33,38
5006,0.3,3,10
5007,0.7,63,90
5008,1.0,3,3
5009,0.6667,4,6
5010,0.5152,17,33
5011,0.4886,43,88
5012,0.4359,17,39
5013,0.5,1,2
5014,0.8095,34,42
5015,0.6316,24,38
5016,0.3511,46,131
5017,0.6316,24,38
5018,0.9231,12,13
5019,0.4912,28,57
5020,0.5,3,6
5021,0.3372,58,172
5022,0.25,1,4
5023,0.7931,23,29
5024,1.0,6,6
5025,0.8333,5,6
5026,0.7333,22,30
5027,0.1667,1,6
5028,1.0,3,3
5029,0.0,0,6
5030,0.4919,61,124
5031,0.8077,42,52
5032,0.8333,15,18
5033,0.5714,28,49
5034,0.4444,20,45
5035,0.413,19,46
5036,0.3793,33,87
5037,0.6667,4,6
5038,0.2308,3,13
5039,0.3333,4,12
5040,0.4167,10,24
5041,0.4706,56,119
5042,0.1667,1,6
5043,0.6778,61,90
5044,0.9474,18,19
5045,0.875,7,8
5046,0.2533,38,150
5047,0.4667,7,15
5048,0.4819,40,83
5049,0.641,25,39
5051,1.0,5,5
5052,0.5714,4,7
5053,1.0,1,1
5054,0.7143,5,7
5055,0.8,8,10
5056,0.5333,8,15
5057,0.6364,21,33
5058,0.9091,10,11
5059,0.8462,11,13
5060,0.5111,46,90
5061,0.6667,12,18
5062,0.8,4,5
5063,0.4032,50,124
5064,0.5,2,4
5065,0.4776,32,67
5066,0.9412,32,34
5067,1.0,2,2
5068,0.3068,27,88
5069,0.734,69,94
5070,0.9184,45,49
5071,0.9474,72,76
5072,0.8485,56,66
5073,0.5926,16,27
5074,0.4038,63,156
5075,0.5,16,32
5076,0.5,48,96
5077,1.0,18,18
5078,0.1724,5,29
5079,0.25,3,12
5080,0.7922,61,77
5081,0.7963,43,54
5082,0.4,20,50
5083,0.8,8,10
5084,0.5333,120,225
5085,0.75,6,8
5086,0.5,2,4
5087,0.8889,16,18
5088,0.8571,18,21
5089,0.625,5,8
5090,0.95,38,40
5091,0.1042,5,48
5092,0.5508,65,118
5093,0.6207,18,29
5094,0.3866,46,119
5095,0.2973,11,37
5096,0.5,1,2
5097,0.9167,22,24
5098,0.8824,30,34
5099,0.6154,8,13
5100,0.4615,18,39
5101,0.5882,10,17
5102,0.6645,101,152
5103,0.6667,4,6
5104,0.8264,100,121
5105,0.8621,25,29
5106,0.5385,7,13
5107,0.5802,76,131
5108,0.8571,12,14
5110,0.1401,43,307
5111,0.0,0,3
5112,0.8889,8,9
5113,0.8182,9,11
5114,0.6591,29,44
5115,0.4286,3,7
5116,0.4483,26,58
5118,0.7143,5,7
5119,0.5263,10,19
5120,0.493,35,71
5121,0.5682,25,44
5122,0.6444,58,90
5123,1.0,8,8
5124,0.9091,10,11
5125,1.0,3,3
5126,0.4706,8,17
5127,0.5,2,4
5128,0.9286,52,56
5129,0.5,3,6
5130,0.2857,16,56
5131,0.8,4,5
5132,0.85,34,40
5133,0.8462,11,13
5134,0.6667,10,15
5135,0.2558,11,43
5136,0.4677,29,62
5137,0.3864,68,176
5138,0.4646,59,127
5139,0.3333,1,3
5140,0.2679,15,56
5141,0.8571,6,7
5142,1.0,12,12
5143,0.6061,20,33
5144,0.7,7,10
5145,0.5926,16,27
5146,0.8947,17,19
5147,0.7778,21,27
5148,0.5957,28,47
5149,0.6316,12,19
5150,0.4667,7,15
5151,0.0,0,5
5152,0.3409,15,44
5153,1.0,11,11
5154,0.6071,17,28
5155,0.6196,114,184
5156,0.3514,13,37
5157,0.837,113,135
5158,0.8182,18,22
5159,0.6304,29,46
5160,0.8,4,5
5161,0.5932,35,59
5162,0.6,33,55
5163,0.68,17,25
5164,0.9333,14,15
5165,0.5455,12,22
5166,0.8125,26,32
5167,0.5909,13,22
5168,0.6486,24,37
5169,0.3924,31,79
5170,1.0,3,3
5171,1.0,9,9
5172,0.6863,35,51
5173,0.3818,42,110
5174,0.3333,6,18
5175,0.9,9,10
5176,0.7101,49,69
5177,0.7885,41,52
5178,0.75,51,68
5179,0.6585,27,41
5180,0.5833,7,12
5181,0.8889,16,18
5183,1.0,8,8
5184,0.3214,9,28
5185,0.875,7,8
5186,0.4118,35,85
5187,0.7407,40,54
5188,0.6875,11,16
5189,0.5641,22,39
5190,0.9167,11,12
5191,0.7692,10,13
5192,0.9,27,30
5193,0.5,7,14
5194,0.8095,17,21
5195,0.5245,107,204
5196,0.75,21,28
5197,0.6429,9,14
5198,0.6875,33,48
5199,0.7727,17,22
5200,0.697,23,33
5201,0.3,27,90
5202,0.25,1,4
5203,0.6667,4,6
5204,0.9444,17,18
5205,0.0,0,8
5206,0.6316,12,19
5207,0.6364,7,11
5208,1.0,6,6
5209,0.6807,81,119
5210,0.5169,46,89
5211,0.5217,12,23
5212,0.52,13,25
5213,0.75,18,24
5214,0.9,27,30
5215,0.675,27,40
5216,0.7115,74,104
5217,0.2222,6,27
5218,0.7241,21,29
5219,0.6,21,35
5220,0.9412,16,17
5221,0.4,14,35
5222,0.5909,13,22
5223,0.5926,16,27
5224,0.8947,51,57
5225,0.5039,64,127
5226,0.5172,15,29
5227,0.5,5,10
5228,0.0,0,6
5229,0.5,2,4
5230,0.6667,12,18
5231,0.5316,42,79
5232,0.2571,9,35
5233,0.5714,4,7
5234,0.7083,34,48
5235,0.8824,15,17
5236,0.7333,22,30
5237,0.3333,3,9
5238,0.9375,15,16
5239,0.7857,33,42
5240,0.35,7,20
5241,0.6667,6,9
5242,0.7872,37,47
5243,0.6154,32,52
5244,0.5,5,10
5245,0.9,9,10
5246,0.56,14,25
5247,0.7,14,20
5248,0.525,21,40
5249,0.5455,6,11
5250,0.75,3,4
5251,0.6087,28,46
5252,0.6,3,5
5253,0.5714,4,7
5254,0.5,2,4
5255,0.3889,7,18
5256,0.4,6,15
5257,0.6304,29,46
5258,0.7083,17,24
5259,0.6667,4,6
5260,0.5,3,6
5261,1.0,15,15
5262,0.8684,33,38
5263,0.4583,11,24
5264,1.0,16,16
5265,0.5652,39,69
5266,0.2667,28,105
5267,0.1667,1,6
5268,0.8333,5,6
5269,0.7,7,10
5270,0.9048,19,21
5271,0.5325,41,77
5272,0.4419,19,43
5273,1.0,5,5
5274,0.7368,14,19
5275,0.5556,5,9
5276,0.68,17,25
5277,0.2381,10,42
5278,0.7778,42,54
5279,1.0,10,10
5280,0.75,3,4
5281,0.6,12,20
5282,0.4714,33,70
5283,0.2857,6,21
5284,0.8929,50,56
5285,0.3333,4,12
5286,0.6935,43,62
5287,0.4528,24,53
5289,0.75,96,128
5290,0.7872,37,47
5291,0.7021,33,47
5292,0.7197,95,132
5293,0.3607,44,122
5294,1.0,5,5
5295,0.375,12,32
5296,0.6857,24,35
5297,0.4444,4,9
5298,0.75,6,8
5299,0.9412,16,17
5300,0.9375,30,32
5301,0.3333,1,3
5302,0.4762,20,42
5303,0.8654,90,104
5304,0.8333,15,18
5305,0.1667,2,12
5306,0.3846,5,13
5307,0.4815,13,27
5308,0.3333,3,9
5309,0.825,33,40
5310,0.35,7,20
5311,0.4516,14,31
5312,0.4014,57,142
5313,0.6667,6,9
5314,0.5316,84,158
5315,0.6,3,5
5316,0.6667,8,12
5317,0.875,7,8
5318,1.0,3,3
5319,0.875,14,16
5320,0.5789,11,19
5321,0.6667,2,3
5322,0.64,16,25
5323,0.381,24,63
5324,0.9231,12,13
5325,0.6,15,25
5326,1.0,5,5
5327,1.0,2,2
5328,0.5556,5,9
5329,0.8,52,65
5330,0.5405,20,37
5331,0.75,21,28
5332,0.287,31,108
5333,0.5,6,12
5334,0.72,18,25
5335,0.75,9,12
5336,1.0,7,7
5337,0.4444,36,81
5338,0.8372,36,43
5339,0.92,23,25
5340,0.9444,17,18
5341,0.25,2,8
5342,0.7895,15,19
5343,0.5217,12,23
5344,0.5833,14,24
5345,0.7857,11,14
5346,0.5,1,2
5347,0.2031,13,64
5348,0.3889,28,72
5349,0.3214,9,28
5350,0.5357,45,84
5351,0.6667,4,6
5352,0.6136,81,132
5353,0.7347,36,49
5354,0.7083,17,24
5355,0.84,42,50
5356,0.8036,45,56
5357,0.48,12,25
5358,0.5714,12,21
5359,0.7778,21,27
5360,0.4301,40,93
5361,0.8095,17,21
5362,0.75,3,4
5363,0.2857,6,21
5364,0.5833,7,12
5365,0.7771,136,175
5366,0.7632,29,38
5367,0.5312,17,32
5368,1.0,14,14
5369,0.3333,2,6
5370,0.875,7,8
5371,0.2,1,5
5372,0.8889,8,9
5373,0.5294,9,17
5374,0.5897,23,39
5375,0.5465,141,258
5376,0.9322,55,59
5377,0.0,0,5
5378,0.2353,4,17
5379,0.5444,49,90
5380,0.25,1,4
5381,0.5556,15,27
5382,0.3659,60,164
5383,0.4286,3,7
5384,0.5065,39,77
5385,1.0,5,5
5386,1.0,12,12
5387,1.0,3,3
5388,0.686,59,86
5389,0.7778,7,9
5390,0.7826,18,23
5391,1.0,14,14
5392,1.0,8,8
5393,0.4607,82,178
5394,0.52,13,25
5395,0.8214,23,28
5396,0.2941,10,34
5397,0.4082,20,49
5398,0.5,14,28
5399,0.5814,25,43
5400,0.6,18,30
5401,0.75,3,4
5402,0.5192,27,52
5403,0.7625,61,80
5404,0.4355,27,62
5405,0.7619,16,21
5406,0.625,45,72
5407,0.3333,9,27
5408,0.7308,19,26
5409,1.0,4,4
5410,0.5938,19,32
5411,0.5758,19,33
5412,0.8875,71,80
5413,0.95,19,20
5414,0.4667,28,60
5415,0.3692,24,65
5416,0.5714,52,91
5417,1.0,2,2
5418,0.6883,53,77
5419,0.8571,6,7
5420,0.6765,23,34
5421,1.0,2,2
5422,0.7059,24,34
5423,0.9697,32,33
5424,0.5152,17,33
5425,0.72,72,100
5426,0.8,4,5
5427,0.4186,18,43
5428,0.5,20,40
5429,0.7895,15,19
5430,0.9091,60,66
5431,0.75,6,8
5432,0.4286,3,7
5433,1.0,17,17
5434,0.0909,1,11
5435,1.0,3,3
5436,0.2609,6,23
5437,0.6897,20,29
5438,1.0,29,29
5439,0.7391,34,46
5440,0.8333,5,6
5441,0.3958,38,96
5442,0.75,9,12
5443,0.7586,22,29
5444,0.125,8,64
5445,0.5,2,4
5446,0.7313,49,67
5447,1.0,10,10
5448,0.2727,12,44
5449,0.6471,22,34
5450,0.6222,28,45
5451,0.898,44,49
5452,0.6923,18,26
5453,0.6939,68,98
5454,0.6429,9,14
5455,0.25,2,8
5456,0.4792,23,48
5457,0.8824,15,17
5458,0.4265,29,68
5459,0.6667,6,9
5460,0.6667,6,9
5461,0.5,11,22
5462,0.7436,29,39
5463,1.0,14,14
5464,0.8837,38,43
5465,0.5294,36,68
5466,0.6377,44,69
5467,0.5256,41,78
5468,0.5976,49,82
5469,0.75,9,12
5470,0.5806,18,31
5471,0.7308,38,52
5472,0.4444,4,9
5473,0.5294,27,51
5474,0.75,3,4
5475,0.7227,86,119
5476,0.6222,28,45
5477,0.75,15,20
5478,0.8824,15,17
5479,0.6,3,5
5480,0.6667,8,12
5481,0.2569,28,109
5482,0.5323,33,62
5483,0.3472,67,193
5484,0.6667,2,3
5485,0.8636,19,22
5486,0.5,8,16
5487,0.7455,41,55
5488,0.125,2,16
5489,0.6429,9,14
5490,0.625,5,8
5491,0.5429,19,35
5492,1.0,6,6
5493,0.8889,8,9
5494,0.7708,74,96
5495,0.76,19,25
5496,0.5806,18,31
5497,0.8333,5,6
5498,0.9,27,30
5499,1.0,11,11
5500,0.8462,11,13
5501,0.9412,16,17
5502,1.0,3,3
5503,0.7229,60,83
5504,0.3171,39,123
5505,0.7143,5,7
5506,0.6694,83,124
5507,0.6727,37,55
5508,0.6923,9,13
5509,0.8814,52,59
5510,0.3308,43,130
5511,1.0,4,4
5512,1.0,5,5
5513,0.7658,85,111
5514,0.6667,14,21
5515,0.898,44,49
5516,0.8571,24,28
5517,1.0,9,9
5518,0.4085,96,235
5519,0.75,3,4
5520,0.5854,24,41
5521,0.875,21,24
5522,0.5,1,2
5523,0.7174,33,46
5524,0.3182,14,44
5525,0.68,17,25
5526,0.7105,27,38
5527,1.0,17,17
5528,1.0,4,4
5529,0.913,21,23
5530,0.6275,32,51
5531,0.8333,35,42
5532,0.68,17,25
5533,0.0,0,6
5534,0.7875,63,80
5535,0.4118,7,17
5536,0.6744,29,43
5537,0.701,68,97
5538,0.1333,4,30
5539,0.3733,28,75
5540,0.5,3,6
5541,0.5,2,4
5542,0.8333,20,24
5543,0.3846,15,39
5544,0.9479,91,96
5545,0.4762,20,42
5546,0.9219,59,64
5547,0.7,7,10
5548,0.7333,11,15
5549,0.5,1,2
5550,0.625,10,16
5551,0.4,4,10
5552,1.0,7,7
5553,1.0,8,8
5554,1.0,5,5
5555,0.5833,14,24
5556,0.4167,15,36
5557,0.3158,6,19
5558,0.625,15,24
5559,0.4462,29,65
5560,0.5,1,2
5561,0.4902,50,102
5562,0.0,0,1
5563,0.75,6,8
5564,0.5286,37,70
5565,0.5424,32,59
5566,0.6667,4,6
5567,0.1667,4,24
5568,0.6,15,25
5569,1.0,3,3
5570,0.4742,46,97
5571,0.625,5,8
5572,0.75,3,4
5573,0.4848,32,66
5574,0.9762,41,42
5575,0.7273,8,11
5576,0.4021,113,281
5577,0.4286,3,7
5578,0.8571,6,7
5579,0.76,19,25
5580,0.7313,49,67
5581,1.0,7,7
5582,0.9688,31,32
5583,1.0,2,2
5584,0.625,5,8
5585,0.6,78,130
5586,0.7407,20,27
5587,0.5,14,28
5588,0.7143,15,21
5589,0.425,17,40
5590,0.8947,17,19
5591,0.5556,50,90
5592,0.6154,24,39
5593,0.6842,26,38
5594,0.75,21,28
5595,0.7692,10,13
5596,0.4872,19,39
5597,0.5556,10,18
5598,0.5333,24,45
5599,0.5714,8,14
5600,0.4615,12,26
5601,0.7885,41,52
5602,0.3594,23,64
5603,0.58,29,50
5604,0.2323,46,198
5605,0.7419,23,31
5606,0.6465,64,99
5607,0.7308,19,26
5608,1.0,10,10
5609,0.64,16,25
5610,0.8,4,5
5611,0.9615,25,26
5612,0.6,3,5
5613,0.5309,43,81
5614,1.0,4,4
5615,0.9231,36,39
5616,0.375,6,16
5617,0.25,5,20
5618,0.9167,11,12
5619,0.6818,15,22
5620,0.7647,13,17
5621,0.6618,135,204
5622,0.84,21,25
5623,0.5482,108,197
5624,0.5556,10,18
5625,0.4091,9,22
5626,1.0,1,1
5627,0.4,4,10
5628,0.8261,38,46
5629,1.0,2,2
5630,0.5238,22,42
5631,0.8333,5,6
5632,1.0,4,4
5633,0.5556,10,18
5634,0.2083,5,24
5635,0.6,3,5
5636,0.3906,50,128
5637,0.4,6,15
5638,0.4038,21,52
5639,0.8571,12,14
5640,0.8353,208,249
5641,0.75,6,8
5642,0.75,12,16
5643,0.875,14,16
5644,0.75,3,4
5645,0.25,1,4
5646,0.3684,14,38
5647,0.6923,9,13
5648,0.75,6,8
5649,0.4231,11,26
5650,0.4651,20,43
5651,0.3571,20,56
5652,0.2222,2,9
5653,0.5833,14,24
5654,0.6923,9,13
5655,0.6667,12,18
5656,0.2903,9,31
5657,0.9286,26,28
5658,0.1835,40,218
5659,0.5,3,6
5660,1.0,5,5
5661,0.5405,20,37
5662,0.6316,48,76
5663,0.36,18,50
5664,0.7619,16,21
5665,0.7857,22,28
5666,0.8182,9,11
5667,1.0,6,6
5668,0.7857,11,14
5669,0.8889,8,9
5670,0.4,2,5
5671,0.6154,8,13
5672,0.4651,40,86
5673,0.661,39,59
5674,0.3667,11,30
5675,0.6333,19,30
5676,0.7778,21,27
5677,0.359,14,39
5678,0.7917,19,24
5679,0.7647,13,17
5680,0.6,6,10
5681,0.5714,24,42
5682,0.375,9,24
5683,0.6721,41,61
5684,0.6383,30,47
5685,0.6,3,5
5686,0.3839,43,112
5687,0.6207,18,29
5688,1.0,3,3
5689,0.9444,17,18
5690,0.2,5,25
5691,0.1882,16,85
5692,0.8889,16,18
5693,0.75,3,4
5694,0.7647,13,17
5695,0.875,49,56
5696,0.9333,14,15
5697,1.0,6,6
5698,0.4067,61,150
5699,0.5714,28,49
5700,0.5758,19,33
5701,0.75,15,20
5702,0.6296,17,27
5703,0.6389,23,36
5704,0.9259,25,27
5705,0.7059,12,17
5706,0.7778,98,126
5707,0.7143,15,21
5708,0.7381,31,42
5709,0.9091,10,11
5710,0.5781,37,64
5711,0.1695,10,59
5712,0.5571,39,70
5713,0.56,14,25
5714,0.7143,5,7
5715,0.9474,18,19
5716,0.9677,30,31
5717,0.2727,21,77
5718,0.8333,5,6
5719,0.9024,37,41
5720,0.7619,32,42
5721,0.7059,12,17
5722,0.8966,26,29
5723,0.5775,41,71
5724,0.5385,14,26
5725,0.7381,62,84
5726,0.4765,81,170
5727,0.2564,10,39
5728,0.6,3,5
5729,0.871,108,124
5730,0.7017,127,181
5731,0.6607,37,56
5732,0.5429,38,70
5733,0.5,9,18
5734,0.68,17,25
5735,0.4945,45,91
5736,0.8,16,20
5737,0.5455,24,44
5738,0.7727,17,22
5739,0.4634,19,41
5740,1.0,14,14
5741,0.6452,40,62
5742,0.2555,35,137
5743,0.2571,27,105
5745,0.2019,21,104
5746,0.125,1,8
5747,0.6667,8,12
5748,0.3103,9,29
5749,0.65,65,100
5750,0.5714,16,28
5751,0.3,3,10
5752,0.2727,21,77
5753,0.7308,19,26
5754,0.3333,3,9
5755,0.5319,25,47
5756,0.4138,12,29
5757,0.8667,13,15
5758,0.8537,35,41
5759,0.6154,8,13
5760,0.7059,12,17
5761,0.6667,4,6
5762,0.7778,42,54
5763,0.7436,29,39
5764,0.6,6,10
5765,0.8333,5,6
5766,0.5455,12,22
5767,1.0,5,5
5768,0.3596,64,178
5769,0.875,7,8
5770,0.75,6,8
5771,0.4028,29,72
5772,0.6364,7,11
5773,0.52,26,50
5774,0.8947,17,19
5775,0.75,6,8
5776,0.8387,52,62
5777,0.4615,12,26
5778,0.4688,15,32
5779,0.4118,14,34
5780,0.5714,16,28
5781,1.0,12,12
5782,0.4828,28,58
5783,0.3288,24,73
5784,0.5622,104,185
5785,0.5,1,2
5786,0.5,6,12
5787,0.4588,39,85
5788,0.7778,7,9
5789,0.5833,21,36
5790,0.7333,11,15
5791,0.6108,124,203
5792,0.2833,17,60
5793,0.4828,14,29
5794,0.2,1,5
5795,0.3571,20,56
5796,0.6667,2,3
5797,0.6667,2,3
5798,0.4776,32,67
5799,0.5,5,10
5800,1.0,1,1
5801,1.0,14,14
5803,0.8462,55,65
5804,0.3333,7,21
5805,0.7941,27,34
5806,0.5636,31,55
5807,0.8,4,5
5808,0.8947,34,38
5809,0.7368,14,19
5810,0.8333,5,6
5811,0.4444,4,9
5812,0.8182,18,22
5813,0.7455,41,55
5814,0.4944,267,540
5815,0.75,3,4
5816,0.5833,7,12
5817,0.0,0,1
5818,0.3939,13,33
5819,0.8,4,5
5820,0.6596,62,94
5821,0.5455,12,22
5822,0.7292,35,48
5823,0.9286,13,14
5824,0.6829,28,41
5825,0.549,56,102
5826,0.4444,24,54
5827,0.6058,63,104
5828,0.8889,8,9
5829,0.4667,7,15
5830,0.5882,20,34
5831,0.5588,38,68
5832,0.5326,49,92
5833,0.6207,18,29
5834,0.6316,12,19
5835,0.3462,9,26
5836,0.0,0,4
5837,0.5912,81,137
5838,0.5455,78,143
5839,0.5517,16,29
5840,0.8571,6,7
5841,1.0,11,11
5842,0.3333,4,12
5843,0.7821,183,234
5844,1.0,8,8
5845,0.7,7,10
5846,0.7778,7,9
5847,0.9412,32,34
5848,0.8,16,20
5849,0.6786,57,84
5850,0.6522,45,69
5851,0.5778,26,45
5852,0.75,3,4
5853,0.05,4,80
5854,0.4464,25,56
5855,0.6667,26,39
5856,0.4118,7,17
5857,0.6364,7,11
5858,0.8889,8,9
5859,0.8,4,5
5860,0.2857,2,7
5861,0.2569,37,144
5862,0.75,6,8
5863,0.3333,1,3
5864,1.0,12,12
5865,0.6316,12,19
5866,0.4444,8,18
5867,0.7857,11,14
5868,0.2,1,5
5869,0.8333,5,6
5870,0.6538,17,26
5871,0.5,1,2
5872,0.6977,30,43
5873,0.3,21,70
5874,1.0,1,1
5875,0.375,21,56
5876,0.6667,10,15
5877,0.3636,12,33
5878,0.6316,48,76
5879,0.6,36,60
5880,0.8333,5,6
5881,0.5153,168,326
5882,0.5385,49,91
5883,0.75,15,20
5884,0.5294,9,17
5885,0.8,12,15
5886,0.35,14,40
5887,0.5714,40,70
5888,0.4,6,15
5889,0.7368,14,19
5890,0.3636,8,22
5891,0.0,0,1
5892,0.5,22,44
5893,0.8333,10,12
5894,0.875,7,8
5895,0.9048,19,21
5896,0.2973,22,74
5897,0.7891,101,128
5898,1.0,21,21
5899,0.541,33,61
5900,0.5676,63,111
5901,0.2941,5,17
5902,0.1429,2,14
5903,1.0,2,2
5904,0.558,77,138
5905,0.0,0,6
5906,0.3065,19,62
5907,0.375,21,56
5908,0.6667,62,93
5909,0.5,3,6
5910,0.2692,7,26
5911,0.2727,3,11
5912,0.9333,14,15
5913,0.4,2,5
5914,0.8333,5,6
5915,1.0,6,6
5916,0.619,13,21
5917,0.8214,23,28
5918,0.6111,22,36
5919,0.75,6,8
5920,0.8,4,5
5921,0.3706,63,170
5922,0.8727,96,110
5923,0.0,0,9
5924,0.8776,43,49
5925,0.5741,31,54
5926,1.0,11,11
5927,0.5417,26,48
5928,0.6429,9,14
5929,0.8182,72,88
5930,0.7778,7,9
5931,0.4,2,5
5932,0.75,6,8
5933,0.7576,25,33
5934,0.5,4,8
5935,0.4444,4,9
5936,1.0,17,17
5937,0.8571,6,7
5938,0.8846,23,26
5939,0.0,0,1
5940,1.0,6,6
5941,0.75,9,12
5942,0.5263,30,57
5943,0.2727,3,11
5944,0.3333,2,6
5945,0.6471,11,17
5946,0.6667,20,30
5947,0.7083,17,24
5948,0.5,9,18
5949,0.625,5,8
5950,0.3457,28,81
5951,0.963,26,27
5952,0.2903,18,62
5953,0.8,8,10
5954,0.52,65,125
5955,0.8077,21,26
5956,1.0,6,6
5957,0.5,16,32
5958,0.5333,16,30
5959,0.44,22,50
5960,0.75,66,88
5961,0.8276,24,29
5962,0.8182,18,22
5963,0.7333,33,45
5964,0.125,1,8
5965,0.5,18,36
5966,0.68,17,25
5967,0.6168,66,107
5968,0.6111,22,36
5969,0.5349,23,43
5970,0.2333,7,30
5971,0.5789,11,19
5972,0.5263,10,19
5973,0.8261,19,23
5974,0.4815,13,27
5975,1.0,5,5
5976,0.3913,18,46
5977,0.1786,5,28
5978,0.3636,4,11
5979,0.3548,11,31
5980,1.0,4,4
5981,0.9,9,10
5982,0.5,19,38
5983,0.8,12,15
5984,0.8684,33,38
5985,0.7143,5,7
5986,0.4719,42,89
5987,0.5,9,18
5988,0.4783,11,23
5989,0.4,8,20
5990,0.4,2,5
5991,0.4694,23,49
5992,0.0,0,1
5993,0.7826,18,23
5995,0.6702,63,94
5996,0.1111,1,9
5997,0.1613,5,31
5998,0.375,3,8
5999,0.7143,10,14
6000,0.5,53,106
6001,0.75,3,4
6002,0.9663,86,89
6003,0.3548,11,31
6004,0.9091,10,11
6005,0.4615,6,13
6006,0.8,4,5
6007,0.5116,22,43
6008,0.7431,81,109
6009,0.7273,8,11
6010,0.5714,4,7
6011,0.5,2,4
6012,0.438,53,121
6013,0.2308,3,13
6014,0.875,14,16
6015,0.2842,27,95
6016,0.8667,13,15
6017,0.4595,68,148
6018,0.6667,10,15
6019,1.0,3,3
6020,0.2667,20,75
6021,0.622,51,82
6022,0.625,5,8
6023,0.8947,17,19
6024,0.8889,16,18
6025,0.6484,59,91
6026,0.7353,25,34
6027,0.8036,45,56
6028,0.5122,21,41
6029,0.65,13,20
6030,0.8125,13,16
6031,0.284,23,81
6032,1.0,4,4
6033,0.75,6,8
6034,0.4237,50,118
6035,0.5385,7,13
6036,0.6667,4,6
6037,0.8929,25,28
6038,0.5243,54,103
6039,0.9041,66,73
6040,0.5128,60,117
6041,0.8333,10,12
6042,1.0,6,6
6043,0.4667,7,15
6044,0.9459,35,37
6045,0.7353,50,68
6046,0.7429,26,35
6047,0.7681,53,69
6048,0.7,7,10
6049,0.6667,4,6
6050,0.1667,26,156
6051,0.4839,15,31
6052,0.5085,30,59
6053,0.3421,13,38
6054,0.75,9,12
6055,0.2,2,10
6056,0.5333,40,75
6057,0.3846,20,52
6058,0.4444,4,9
6059,0.8788,87,99
6060,0.6418,43,67
6061,0.5294,18,34
6062,0.2545,14,55
6063,0.4444,12,27
6064,0.4167,10,24
6065,0.6944,25,36
6066,0.15,3,20
6067,0.9333,28,30
6068,0.6163,53,86
6069,0.6111,11,18
6070,0.9231,12,13
6071,0.6,21,35
6072,0.5,16,32
6073,0.5238,33,63
6074,0.7966,47,59
6075,0.623,38,61
6076,0.6667,2,3
6077,0.6863,35,51
6078,0.9846,64,65
6079,0.9048,19,21
6080,0.625,5,8
6081,0.3553,27,76
6082,0.7304,84,115
6083,0.4444,20,45
6084,0.8333,5,6
6085,0.1849,27,146
6086,0.669,95,142
6087,0.5556,15,27
6088,0.8125,13,16
6089,1.0,13,13
6090,0.7143,20,28
6091,0.7,7,10
6092,0.8966,26,29
6093,0.3007,46,153
6094,0.3333,1,3
6095,0.5926,64,108
6096,0.7826,18,23
6097,0.4651,20,43
6098,0.8,8,10
6099,0.6667,138,207
6100,0.7586,22,29
6101,0.7143,5,7
6102,0.8182,27,33
6103,0.6757,25,37
6104,0.6667,8,12
6105,0.375,3,8
6106,0.8,4,5
6107,0.7,7,10
6108,0.7931,46,58
6109,1.0,32,32
6110,0.5714,20,35
6111,0.7473,68,91
6112,0.5328,73,137
6113,0.5179,29,56
6114,0.7674,66,86
6115,0.7931,23,29
6116,0.75,27,36
6117,0.7,28,40
6118,0.5,18,36
6119,0.52,13,25
6120,0.8667,13,15
6121,0.0,0,1
6122,0.0,0,6
6123,0.2308,3,13
6124,0.8571,6,7
6125,0.6667,4,6
6126,1.0,6,6
6127,0.4638,64,138
6128,0.5469,70,128
6129,0.2152,17,79
6130,0.8333,5,6
6131,0.8,8,10
6132,0.6207,36,58
6133,0.3333,7,21
6134,0.7143,10,14
6135,0.6897,20,29
6136,0.3929,11,28
6137,0.3871,12,31
6138,1.0,1,1
6139,0.4255,20,47
6140,0.1356,8,59
6141,0.8495,79,93
6142,0.4865,18,37
6143,0.3846,5,13
6144,0.5417,13,24
6145,0.5934,54,91
6146,0.7333,11,15
6147,0.7317,60,82
6148,0.7,7,10
6149,0.45,9,20
6150,0.6136,27,44
6151,0.9697,32,33
6152,0.1667,20,120
6153,0.5,4,8
6154,0.35,7,20
6155,0.8333,5,6
6156,0.9375,15,16
6157,0.4651,20,43
6158,0.9375,15,16
6159,0.9,9,10
6160,0.6984,44,63
6161,0.8,8,10
6162,0.6667,26,39
6163,0.6667,2,3
6164,0.8065,25,31
6165,0.3438,11,32
6166,0.6011,110,183
6167,0.3724,73,196
6168,0.3852,52,135
6169,0.4646,46,99
6170,0.9333,14,15
6171,1.0,23,23
6172,0.6667,6,9
6173,0.5429,19,35
6174,0.3333,1,3
6175,0.4444,48,108
6176,0.5455,6,11
6177,0.4897,71,145
6178,0.3333,24,72
6179,0.8889,8,9
6180,0.8571,30,35
6181,0.75,3,4
6182,0.9375,15,16
6183,0.6364,21,33
6184,1.0,6,6
6185,0.3333,1,3
6186,0.2308,6,26
6188,0.5604,51,91
6189,1.0,3,3
6190,0.8333,10,12
6191,0.9167,22,24
6192,0.7143,5,7
6193,0.5429,19,35
6194,0.6667,4,6
6195,0.5,13,26
6196,0.8261,19,23
6197,1.0,9,9
6198,0.439,18,41
6199,0.3333,5,15
6200,0.6374,58,91
6201,0.4667,7,15
6202,0.5333,16,30
6203,0.6364,28,44
6204,0.4444,4,9
6205,0.75,3,4
6206,0.3714,13,35
6207,0.5966,71,119
6208,0.5484,17,31
6209,0.9444,17,18
6210,0.625,5,8
6211,0.4667,7,15
6212,0.9091,10,11
6213,0.75,6,8
6214,1.0,4,4
6215,0.375,3,8
6217,0.825,33,40
6218,0.9167,11,12
6219,0.9167,11,12
6220,0.6923,9,13
6221,0.6379,37,58
6222,0.7143,15,21
6223,0.6316,12,19
6224,0.9667,29,30
6225,0.3291,26,79
6226,0.6522,15,23
6227,0.4815,13,27
6228,0.6,39,65
6229,0.7143,5,7
6230,0.5714,4,7
6231,0.5,5,10
6232,0.5874,84,143
6233,0.7143,30,42
6234,0.9167,11,12
6235,0.0392,2,51
6236,0.5938,38,64
6237,0.7049,43,61
6238,0.875,14,16
6239,0.8167,49,60
6240,1.0,2,2
6241,0.4783,22,46
6242,0.1429,2,14
6243,1.0,2,2
6244,0.6304,29,46
6245,0.8889,16,18
6246,0.2128,10,47
6247,0.6557,40,61
6248,0.25,1,4
6249,0.8333,5,6
6250,0.3333,3,9
6251,0.4545,5,11
6252,0.8085,38,47
6253,0.5526,21,38
6254,0.2923,19,65
6255,0.35,14,40
6256,1.0,2,2
6257,0.9118,31,34
6258,0.4286,3,7
6259,1.0,5,5
6260,0.6452,40,62
6261,0.7273,8,11
6262,0.3333,2,6
6263,0.6835,54,79
6264,0.5,10,20
6265,0.5,1,2
6266,0.3214,54,168
6267,0.5,2,4
6268,0.8636,19,22
6269,0.8,4,5
6270,0.6,3,5
6271,0.5,2,4
6272,0.7179,28,39
6273,0.6,18,30
6274,0.3673,18,49
6275,0.8125,13,16
6276,0.3061,30,98
6277,0.7273,24,33
6278,0.9091,20,22
6279,0.75,6,8
6280,0.25,1,4
6281,1.0,4,4
6282,0.7778,21,27
6283,1.0,2,2
6284,0.2041,20,98
6285,0.3333,2,6
6286,0.7667,23,30
6287,0.2414,7,29
6288,0.7059,24,34
6289,0.8649,32,37
6290,0.3438,11,32
6291,0.7,14,20
6292,0.25,1,4
6293,0.7,14,20
6294,0.7778,7,9
6295,1.0,3,3
6296,0.4524,19,42
6297,0.6667,6,9
6298,0.7931,23,29
6299,0.6102,36,59
6300,0.5349,23,43
6301,0.4444,4,9
6302,0.7647,13,17
6303,0.4545,5,11
6304,0.881,37,42
6306,0.5,4,8
6307,0.8,4,5
6308,0.8889,16,18
6309,0.9535,41,43
6310,0.5,1,2
6311,1.0,1,1
6312,0.0,0,1
6313,0.7692,20,26
6314,0.7382,141,191
6315,1.0,8,8
6316,0.7101,49,69
6317,0.5889,53,90
6318,0.5647,48,85
6319,0.7966,47,59
6320,0.75,69,92
6321,1.0,7,7
6322,0.5,10,20
6323,0.875,7,8
6324,0.5465,47,86
6325,1.0,10,10
6326,0.6596,62,94
6328,0.4615,18,39
6329,0.5385,21,39
6330,0.6604,35,53
6331,0.3273,18,55
6332,0.8621,25,29
6333,0.8462,33,39
6334,0.75,3,4
6335,0.2,2,10
6336,0.7273,8,11
6337,0.5584,43,77
6338,0.9444,17,18
6339,1.0,6,6
6340,0.6667,4,6
6341,0.5426,70,129
6342,0.8667,13,15
6343,0.6364,7,11
6344,0.7667,23,30
6345,1.0,14,14
6346,0.6897,20,29
6347,0.0,0,3
6348,0.4038,21,52
6349,0.3667,55,150
6350,0.6667,2,3
6351,0.8108,60,74
6352,0.1429,1,7
6353,1.0,2,2
6354,0.8214,23,28
6355,0.6667,4,6
6356,0.5208,25,48
6357,0.5833,21,36
6358,0.7292,35,48
6359,0.3056,11,36
6360,0.8571,12,14
6361,0.3924,31,79
6362,0.8,8,10
6363,0.25,2,8
6364,0.6094,39,64
6365,0.9167,11,12
6366,0.4449,105,236
6367,0.2903,18,62
6368,0.4607,41,89
6369,0.4228,52,123
6370,1.0,3,3
6371,0.7231,47,65
6372,0.65,13,20
6373,0.2422,62,256
6374,0.8478,39,46
6375,0.85,17,20
6376,0.375,3,8
6377,0.9231,36,39
6378,0.7143,10,14
6379,0.8065,25,31
6380,0.5,21,42
6381,0.931,27,29
6382,0.8,8,10
6383,0.6,36,60
6384,1.0,3,3
6385,0.4,2,5
6386,0.4783,11,23
6387,0.3778,34,90
6388,0.4796,47,98
6389,0.3966,23,58
6390,0.3067,23,75
6391,0.7342,58,79
6392,0.8,20,25
6393,0.913,21,23
6394,0.7419,23,31
6395,0.3226,10,31
6396,0.8,4,5
6397,1.0,9,9
6398,0.8333,5,6
6399,0.6667,4,6
6400,0.8571,12,14
6401,0.8333,15,18
6402,1.0,8,8
6403,0.88,22,25
6404,0.4318,19,44
6405,0.5432,44,81
6406,0.8824,15,17
6407,0.5,6,12
6408,1.0,7,7
6409,0.6522,45,69
6410,0.5,26,52
6411,0.6,3,5
6412,0.8519,23,27
6413,0.3182,7,22
6414,0.3016,19,63
6415,0.2927,12,41
6416,0.75,9,12
6417,0.7176,61,85
6418,0.6852,111,162
6419,0.6552,38,58
6420,0.8,24,30
6421,0.7083,17,24
6422,1.0,6,6
6423,1.0,10,10
6424,0.8125,13,16
6425,0.2712,16,59
6426,0.3333,6,18
6427,0.75,6,8
6428,1.0,5,5
6429,0.6154,16,26
6430,0.5,1,2
6431,0.8986,62,69
6432,0.8158,31,38
6433,0.3529,24,68
6434,1.0,2,2
6435,0.25,1,4
6436,0.5185,28,54
6437,0.2,2,10
6438,0.5455,6,11
6439,0.3333,1,3
6440,0.7391,34,46
6441,1.0,1,1
6442,0.6,24,40
6443,0.871,27,31
6444,0.3438,22,64
6445,0.7778,7,9
6446,0.4444,40,90
6447,0.542,71,131
6448,0.2609,30,115
6449,0.5,25,50
6450,0.5862,34,58
6451,0.1951,8,41
6452,0.6,6,10
6453,0.9,27,30
6454,0.3636,8,22
6455,1.0,12,12
6456,0.6364,7,11
6457,0.9231,12,13
6458,0.6818,15,22
6459,0.75,21,28
6460,0.2542,60,236
6461,0.5417,13,24
6462,0.5939,98,165
6463,0.7308,19,26
6464,0.9,18,20
6465,0.7273,48,66
6466,0.45,9,20
6467,0.619,39,63
6468,0.5946,22,37
6469,0.5897,23,39
6470,0.9167,11,12
6471,0.6667,10,15
6472,0.9375,15,16
6473,0.5556,20,36
6474,0.5,1,2
6475,0.625,25,40
6476,0.689,113,164
6477,0.6667,10,15
6478,0.2941,5,17
6479,0.931,27,29
6480,0.3739,43,115
6481,1.0,11,11
6482,0.4516,14,31
6483,0.5,2,4
6484,0.7692,10,13
6485,0.3824,13,34
6486,0.4524,57,126
6487,0.5833,7,12
6488,0.0,0,4
6489,0.6538,17,26
6490,0.8333,10,12
6491,0.4,4,10
6492,0.9,9,10
6493,0.9167,11,12
6494,0.5938,19,32
6495,0.8571,12,14
6496,0.5,4,8
6497,0.2903,27,93
6498,0.4,2,5
6499,0.4615,12,26
6500,0.7931,23,29
6501,0.6129,19,31
6502,1.0,9,9
6503,0.2692,7,26
6504,0.9524,20,21
6505,0.75,3,4
6506,0.541,33,61
6507,1.0,1,1
6508,0.8182,9,11
6509,0.8333,10,12
6510,0.9375,15,16
6511,0.1667,8,48
6512,0.5455,6,11
6513,0.6667,2,3
6514,0.2941,15,51
6515,0.5385,14,26
6516,0.8095,17,21
6517,0.3333,1,3
6518,0.55,11,20
6519,0.5789,22,38
6520,0.5263,10,19
6521,1.0,26,26
6522,0.6389,23,36
6523,1.0,6,6
6524,0.3846,5,13
6525,0.2,1,5
6526,0.3333,2,6
6527,0.4643,26,56
6528,0.7,21,30
6529,0.6667,8,12
6530,0.8621,25,29
6531,0.3023,13,43
6532,0.3043,14,46
6533,0.303,20,66
6534,0.8,32,40
6535,0.4433,43,97
6536,0.8,4,5
6537,0.75,3,4
6538,0.85,34,40
6539,0.3462,9,26
6540,0.5432,44,81
6541,0.8333,5,6
6542,1.0,1,1
6543,0.6667,24,36
6544,0.6667,6,9
6545,0.75,9,12
6546,0.4412,15,34
6547,0.8571,6,7
6548,0.4545,5,11
6549,0.9091,20,22
6550,0.7647,13,17
6551,0.6154,8,13
6552,1.0,50,50
6553,0.6154,48,78
6554,0.7333,11,15
6555,0.0,0,9
6556,0.6,3,5
6557,0.7143,5,7
6558,0.0,0,1
6559,0.3714,39,105
6560,0.4348,30,69
6561,0.4464,25,56
6562,0.8333,5,6
6563,1.0,6,6
6564,0.8077,21,26
6565,0.8298,39,47
6566,0.6,9,15
6567,0.2609,6,23
6568,0.9706,33,34
6569,0.369,31,84
6570,0.8958,43,48
6571,0.5493,39,71
6572,1.0,10,10
6573,0.3529,6,17
6574,0.2857,2,7
6575,0.6852,37,54
6576,0.6333,38,60
6577,0.2,1,5
6578,0.7455,82,110
6579,0.4211,8,19
6580,0.5098,26,51
6581,0.4848,16,33
6582,1.0,18,18
6584,0.6667,2,3
6585,0.7143,25,35
6586,0.7812,25,32
6587,0.76,19,25
6588,1.0,5,5
6589,1.0,2,2
6590,0.5833,7,12
6591,0.8571,6,7
6592,0.6667,2,3
6593,0.663,61,92
6594,0.7273,24,33
6595,0.6216,23,37
6596,0.7143,5,7
6597,0.1455,16,110
6598,0.3913,9,23
6599,0.5,3,6
6600,1.0,16,16
6601,0.875,7,8
6602,0.7471,65,87
6603,0.45,9,20
6604,0.7534,55,73
6605,0.6136,54,88
6606,0.0545,3,55
6607,0.7273,40,55
6608,0.4242,14,33
6609,0.8333,5,6
6610,0.75,3,4
6611,0.6018,68,113
6612,0.3333,5,15
6613,0.8667,26,30
6614,0.5714,16,28
6615,0.2,2,10
6616,0.6667,18,27
6617,0.6667,2,3
6618,0.7379,76,103
6619,1.0,4,4
6620,0.7,14,20
6621,0.4809,63,131
6622,0.4571,16,35
6623,0.8333,25,30
6624,0.4815,26,54
6625,0.4355,27,62
6626,0.1667,2,12
6627,0.6842,13,19
6628,0.3053,58,190
6629,0.6957,16,23
6630,0.3655,125,342
6631,0.75,6,8
6632,0.275,11,40
6633,0.6667,30,45
6634,0.6429,27,42
6635,0.4,4,10
6636,0.6682,149,223
6637,1.0,4,4
6638,0.4615,18,39
6639,0.4545,35,77
6640,0.6512,28,43
6641,0.7273,32,44
6642,1.0,2,2
6643,0.3382,23,68
6644,0.6452,20,31
6645,0.4478,30,67
6646,1.0,1,1
6647,0.88,44,50
6648,0.4167,5,12
6649,0.875,7,8
6650,0.675,27,40
6651,0.4085,29,71
6652,0.7188,23,32
6653,0.2941,5,17
6654,0.0,0,1
6655,0.7273,8,11
6656,0.7,21,30
6657,0.25,3,12
6658,0.6857,24,35
6659,0.0,0,3
6660,0.7273,40,55
6661,0.7667,46,60
6662,0.74,37,50
6663,0.4314,22,51
6664,0.4138,12,29
6665,0.75,3,4
6666,0.6667,6,9
6667,0.4688,30,64
6668,0.5,5,10
6669,0.6184,47,76
6670,0.65,39,60
6671,0.4815,13,27
6672,0.7059,12,17
6673,1.0,7,7
6674,0.9,9,10
6675,0.7083,17,24
6676,0.4338,59,136
6677,0.7045,31,44
6678,0.8929,25,28
6679,0.9048,19,21
6680,0.5,1,2
6681,0.0,0,3
6682,0.8261,19,23
6683,0.875,7,8
6684,0.5714,4,7
6685,0.9524,20,21
6686,0.8864,39,44
6687,0.8,4,5
6688,0.9286,13,14
6689,0.4444,8,18
6690,0.9333,14,15
6691,1.0,12,12
6692,0.2,2,10
6693,0.35,7,20
6694,1.0,3,3
6695,0.4,4,10
6696,0.8889,8,9
6697,0.6667,2,3
6698,1.0,1,1
6699,0.5714,8,14
6700,0.3333,9,27
6701,0.6364,7,11
6702,0.7778,14,18
6703,0.5,14,28
6704,0.5,9,18
6705,0.5652,13,23
6706,0.75,12,16
6707,0.8571,6,7
6708,0.4,6,15
6709,0.6582,52,79
6710,0.6667,6,9
6711,0.3784,14,37
6712,0.3333,8,24
6713,0.8333,15,18
6714,0.3333,5,15
6715,0.6667,28,42
6716,0.5,1,2
6717,1.0,5,5
6718,0.3529,12,34
6719,0.5514,161,292
6720,0.72,54,75
6721,0.7143,5,7
6722,0.4375,70,160
6723,1.0,3,3
6724,0.3333,1,3
6725,0.4231,11,26
6726,0.9091,10,11
6727,0.519,41,79
6728,0.4098,50,122
6729,0.275,11,40
6730,0.85,17,20
6731,0.9692,63,65
6732,0.5,25,50
6733,0.5,3,6
6734,0.75,18,24
6735,0.7586,22,29
6736,0.4643,13,28
6737,0.7407,20,27
6738,0.5,3,6
6739,0.3005,64,213
6740,0.6,6,10
6741,0.8571,12,14
6742,0.8421,16,19
6743,0.4676,65,139
6744,0.7283,67,92
6745,0.9259,25,27
6746,0.7778,7,9
6747,1.0,26,26
6748,0.1667,1,6
6749,0.4762,20,42
6750,1.0,7,7
6751,0.8,8,10
6752,0.75,3,4
6753,0.6923,9,13
6754,0.8571,6,7
6755,0.3214,18,56
6756,0.1429,1,7
6757,0.5897,23,39
6758,0.75,3,4
6759,0.4286,9,21
6760,0.8182,27,33
6761,1.0,8,8
6762,0.3636,4,11
6763,0.75,9,12
6764,0.8721,75,86
6765,0.5,13,26
6766,0.7143,15,21
6767,0.875,14,16
6768,0.4762,20,42
6769,0.5714,4,7
6770,0.6,21,35
6771,0.5833,7,12
6772,1.0,3,3
6773,0.25,29,116
6774,0.6429,45,70
6775,0.963,52,54
6776,0.7222,13,18
6777,0.9091,10,11
6778,0.5932,35,59
6779,0.5,10,20
6780,0.6667,2,3
6781,0.5714,24,42
6782,1.0,5,5
6783,0.4706,8,17
6784,0.5571,39,70
6785,0.5417,13,24
6786,0.875,7,8
6787,0.5128,20,39
6788,1.0,8,8
6789,0.625,5,8
6790,0.25,2,8
6791,0.7742,24,31
6792,0.4085,67,164
6793,0.9643,27,28
6794,0.6471,11,17
6795,0.5556,10,18
6796,1.0,4,4
6797,0.875,7,8
6798,0.375,3,8
6799,0.5,1,2
6800,0.3228,51,158
6801,0.6061,20,33
6802,1.0,30,30
6803,0.5229,57,109
6804,0.5441,37,68
6805,0.2273,5,22
6806,0.625,10,16
6807,0.1667,4,24
6808,0.7143,5,7
6809,1.0,2,2
6810,0.4231,11,26
6811,0.25,1,4
6812,0.6774,21,31
6813,0.64,32,50
6814,0.3766,29,77
6815,0.8333,20,24
6816,0.2857,2,7
6817,0.5,9,18
6818,0.1429,1,7
6819,0.7619,64,84
6820,0.4865,18,37
6821,0.5,10,20
6822,1.0,2,2
6823,0.7215,57,79
6824,0.8155,137,168
6825,0.7966,47,59
6826,0.5,8,16
6827,0.3621,21,58
6828,1.0,10,10
6829,0.7143,5,7
6830,0.6667,2,3
6831,0.6,3,5
6832,0.8824,15,17
6833,0.8421,16,19
6834,0.8,64,80
6835,0.6818,15,22
6836,0.7143,30,42
6837,0.186,8,43
6838,0.9524,20,21
6839,0.451,23,51
6840,0.9167,11,12
6841,0.8182,9,11
6842,0.7931,23,29
6843,0.4722,51,108
6844,0.0,0,4
6845,0.5965,34,57
6846,0.9,27,30
6847,0.6124,109,178
6848,0.2571,9,35
6849,0.1944,7,36
6850,0.4706,24,51
6851,0.6757,25,37
6852,0.9,9,10
6853,0.75,27,36
6854,0.8667,13,15
6855,0.8,4,5
6856,0.9091,10,11
6857,0.8333,5,6
6858,0.4,2,5
6859,0.5,12,24
6860,0.88,88,100
6861,0.8333,75,90
6862,0.5,1,2
6863,0.2,1,5
6864,0.5455,6,11
6865,0.5,2,4
6866,0.3333,1,3
6867,0.6667,2,3
6868,0.45,27,60
6869,0.2692,7,26
6870,0.8,12,15
6871,0.619,13,21
6872,0.5,4,8
6873,0.4923,96,195
6874,0.7258,45,62
6875,0.7241,21,29
6876,0.8,4,5
6877,0.7143,5,7
6878,0.6134,73,119
6879,0.3182,7,22
6880,0.7755,76,98
6881,0.322,38,118
6882,0.5417,13,24
6883,0.463,25,54
6884,0.5143,36,70
6885,0.4762,10,21
6886,0.4667,7,15
6887,0.4,16,40
6888,0.8298,39,47
6889,0.8154,53,65
6890,0.4902,25,51
6891,0.8235,14,17
6892,0.4068,24,59
6893,0.4333,13,30
6894,0.8,4,5
6895,0.25,4,16
6896,0.6667,2,3
6897,0.6562,21,32
6898,0.3846,10,26
6899,0.9107,51,56
6900,0.7143,5,7
6901,0.8,4,5
6902,0.6364,14,22
6903,0.8333,10,12
6904,0.7667,46,60
6905,0.6897,20,29
6906,0.8,16,20
6907,0.25,1,4
6908,0.6842,13,19
6909,0.8261,19,23
6910,0.717,38,53
6911,0.5455,6,11
6912,0.5758,38,66
6913,1.0,2,2
6914,0.0,0,4
6915,0.8529,29,34
6916,0.7143,10,14
6917,0.4675,72,154
6918,0.9286,26,28
6919,0.5,4,8
6920,0.5333,8,15
6921,0.4588,89,194
6922,0.25,13,52
6923,0.2381,5,21
6924,0.3636,28,77
6925,0.4091,9,22
6926,0.68,17,25
6927,0.72,18,25
6928,0.6,3,5
6929,0.3636,8,22
6930,0.5897,23,39
6931,0.8824,30,34
6932,0.125,3,24
6933,0.7097,22,31
6934,0.3269,17,52
6935,0.4762,10,21
6936,0.5161,16,31
6937,0.6,9,15
6938,0.4211,8,19
6939,0.5,3,6
6940,0.6923,54,78
6941,0.5,3,6
6942,0.3333,3,9
6943,0.7333,11,15
6944,0.875,14,16
6945,0.5,8,16
6946,0.1111,1,9
6947,0.3409,15,44
6948,0.5556,5,9
6949,0.6,3,5
6950,0.8,4,5
6951,1.0,11,11
6952,0.2828,56,198
6953,0.6389,23,36
6954,0.1905,4,21
6955,0.5172,15,29
6956,0.8462,22,26
6957,0.7368,28,38
6958,0.7885,41,52
6959,0.802,81,101
6960,0.2727,3,11
6961,0.8276,24,29
6962,0.0571,2,35
6963,0.7,7,10
6964,0.475,114,240
6965,0.5769,30,52
6966,0.9506,77,81
6967,0.5714,28,49
6968,1.0,2,2
6969,0.2,2,10
6970,1.0,4,4
6971,1.0,10,10
6972,0.8571,6,7
6973,0.6667,22,33
6974,0.6786,19,28
6975,0.2222,6,27
6976,0.3506,61,174
6977,1.0,6,6
6978,0.3467,69,199
6979,0.5,28,56
6980,0.3846,5,13
6981,1.0,2,2
6982,1.0,4,4
6983,0.6989,65,93
6984,0.6667,2,3
6985,0.6176,21,34
6986,0.0,0,4
6987,0.5,7,14
6988,0.3824,26,68
6989,0.3902,16,41
6990,0.25,1,4
6991,0.5556,5,9
6992,0.5294,9,17
6993,0.8966,26,29
6994,0.6667,2,3
6995,0.6667,24,36
6996,0.6452,20,31
6997,0.68,17,25
6998,0.7857,11,14
6999,0.4375,7,16
7000,0.7778,35,45
7001,0.8,4,5
7002,0.8438,27,32
7003,0.8,8,10
7004,0.0,0,2
7005,0.6,3,5
7006,0.2432,9,37
7007,0.68,17,25
7008,1.0,7,7
7009,0.875,7,8
7010,0.6031,79,131
7011,0.4286,6,14
7012,0.7727,17,22
7013,0.6667,6,9
7014,0.6667,2,3
7015,0.875,14,16
7016,0.8824,15,17
7017,0.1667,5,30
7018,0.4706,8,17
7019,0.76,19,25
7020,0.9474,18,19
7021,0.5393,48,89
7022,0.2903,9,31
7023,0.4,2,5
7024,0.1765,6,34
7025,0.9167,11,12
7026,0.5926,16,27
7027,1.0,2,2
7028,0.95,19,20
7029,0.8667,13,15
7030,0.6,12,20
7031,0.9259,25,27
7032,0.5181,43,83
7033,0.8,4,5
7034,0.35,7,20
7035,1.0,6,6
7036,0.5294,90,170
7037,0.8889,16,18
7038,0.8125,65,80
7039,0.5,3,6
7040,0.9474,18,19
7041,0.5556,10,18
7042,1.0,2,2
7043,0.3,3,10
7044,0.2553,12,47
7045,0.8667,13,15
7046,0.4412,15,34
7047,0.7778,42,54
7048,0.5674,80,141
7049,0.5806,18,31
7050,0.587,27,46
7051,0.8128,178,219
7052,0.3256,14,43
7053,0.7941,27,34
7054,0.9394,62,66
7055,0.5745,27,47
7056,0.5857,41,70
7057,0.3333,11,33
7058,0.3814,37,97
7059,0.5185,14,27
7060,0.7143,5,7
7061,0.9298,53,57
7062,0.7778,14,18
7063,0.8,4,5
7064,1.0,14,14
7065,0.4953,53,107
7066,0.6,3,5
7067,0.3186,65,204
7068,0.2692,7,26
7069,1.0,7,7
7070,0.5455,12,22
7071,1.0,6,6
7072,0.6429,18,28
7073,1.0,4,4
7074,1.0,12,12
7075,0.8333,10,12
7076,0.5,3,6
7077,0.8,64,80
7078,0.5349,23,43
7079,0.9167,11,12
7080,0.7059,24,34
7081,0.6304,29,46
7082,0.9,18,20
7083,0.7167,43,60
7084,0.65,13,20
7085,0.4366,31,71
7086,1.0,15,15
7087,0.3673,18,49
7088,0.8837,38,43
7089,1.0,8,8
7090,0.75,3,4
7091,0.8889,8,9
7092,0.6087,14,23
7093,0.7143,10,14
7094,0.8182,9,11
7095,0.6667,16,24
7096,0.875,14,16
7097,0.6098,50,82
7098,0.0,0,11
7099,0.4103,16,39
7100,0.9524,20,21
7101,0.9,9,10
7102,0.4524,19,42
7103,1.0,6,6
7104,0.7917,19,24
7105,0.6,18,30
7106,0.7619,16,21
7107,0.7349,61,83
7108,0.4286,21,49
7109,0.625,5,8
7110,0.7959,39,49
7111,0.8182,9,11
7112,0.3333,2,6
7113,0.5432,44,81
7114,0.6,3,5
7115,0.3333,34,102
7116,0.6286,22,35
7117,0.6632,63,95
7118,0.8571,6,7
7119,0.56,28,50
7120,0.8143,57,70
7121,0.7619,16,21
7122,0.5333,8,15
7123,0.7,77,110
7124,1.0,3,3
7125,0.4583,11,24
7126,0.6667,14,21
7127,0.5238,11,21
7128,0.6667,22,33
7129,0.68,17,25
7130,1.0,1,1
7131,0.3433,69,201
7132,0.6905,58,84
7133,0.8421,32,38
7134,0.5,3,6
7135,0.6977,30,43
7136,0.5,12,24
7137,0.525,21,40
7138,0.35,14,40
7139,0.3846,15,39
7140,0.3548,22,62
7141,0.3404,16,47
7142,0.6,6,10
7143,0.4,2,5
7144,0.8571,6,7
7145,0.4,4,10
7146,0.4091,18,44
7147,0.4571,16,35
7148,0.4407,26,59
7149,0.5806,18,31
7150,0.2,1,5
7151,0.12,3,25
7152,0.3182,7,22
7153,0.7143,5,7
7154,0.9211,35,38
7155,0.2933,22,75
7156,1.0,7,7
7157,0.4848,16,33
7158,1.0,17,17
7159,0.9091,110,121
7160,1.0,4,4
7161,0.4545,15,33
7162,0.6667,8,12
7163,0.9545,21,22
7164,0.5,5,10
7165,0.8182,54,66
7166,1.0,12,12
7167,1.0,3,3
7168,0.8462,22,26
7169,0.6,3,5
7171,0.5714,4,7
7172,0.4946,46,93
7173,0.381,16,42
7174,0.5862,17,29
7175,0.3333,2,6
7176,0.5238,11,21
7177,0.8913,41,46
7178,0.8125,13,16
7179,0.4688,15,32
7180,1.0,5,5
7181,0.9412,16,17
7182,0.4062,13,32
7183,0.625,5,8
7184,0.6264,57,91
7185,0.6869,68,99
7186,0.6531,32,49
7187,0.7625,61,80
7188,0.5,52,104
7189,0.6,3,5
7190,0.4545,5,11
7191,0.7857,22,28
7192,0.6515,43,66
7193,0.5714,4,7
7194,1.0,29,29
7195,1.0,6,6
7196,0.5,22,44
7197,0.8333,5,6
7198,0.8,8,10
7199,0.8611,31,36
7200,0.6667,6,9
7201,0.3992,95,238
7202,0.1429,1,7
7203,0.15,9,60
7204,0.6774,84,124
7205,0.55,22,40
7206,0.2273,10,44
7207,0.68,17,25
7208,0.4595,17,37
7209,0.75,9,12
7210,0.8235,14,17
7211,0.75,9,12
7212,0.6538,17,26
7213,0.7368,14,19
7214,0.6364,14,22
7215,0.8302,88,106
7216,0.5238,11,21
7217,0.4722,34,72
7218,0.9375,15,16
7219,0.7333,22,30
7220,0.8,4,5
7221,0.8182,9,11
7222,0.4747,47,99
7223,0.7143,5,7
7224,0.7407,20,27
7225,0.6154,24,39
7226,0.625,5,8
7227,0.6667,4,6
7228,0.32,8,25
7229,0.5152,34,66
7230,0.4615,12,26
7231,0.4595,17,37
7232,0.4623,49,106
7233,0.8182,18,22
7234,0.3846,5,13
7235,0.6,12,20
7236,0.4783,11,23
7237,0.313,41,131
7238,0.8333,5,6
7239,0.5,11,22
7240,0.5,1,2
7241,0.5946,22,37
7242,0.7059,12,17
7243,0.6186,60,97
7244,0.8,12,15
7245,0.625,5,8
7246,0.6923,9,13
7247,0.75,9,12
7248,0.3333,1,3
7249,1.0,3,3
7250,0.5,1,2
7251,0.8462,22,26
7252,0.3265,16,49
7253,0.5714,20,35
7254,0.8235,14,17
7255,0.8333,5,6
7256,0.4359,17,39
7257,0.0,0,6
7258,0.6875,11,16
7259,0.5849,31,53
7260,0.1739,28,161
7261,0.6667,20,30
7262,0.6667,2,3
7263,0.875,14,16
7264,0.7,14,20
7265,0.6034,35,58
7266,0.8824,60,68
7267,0.9333,14,15
7268,0.8,4,5
7269,0.3,9,30
7270,0.8333,5,6
7271,1.0,4,4
7272,0.3333,1,3
7273,0.6154,8,13
7274,0.6667,16,24
7275,0.5172,15,29
7276,0.875,7,8
7277,0.25,1,4
7278,0.4545,10,22
7279,0.4167,10,24
7280,0.64,16,25
7281,0.2368,9,38
7282,0.56,14,25
7283,0.6364,35,55
7284,0.7442,32,43
7285,0.1667,7,42
7286,0.5568,49,88
7287,0.8,36,45
7288,0.8636,57,66
7289,0.2797,40,143
7290,0.8,4,5
7291,0.75,9,12
7292,0.5385,7,13
7293,0.7368,14,19
7294,0.7208,111,154
7295,0.625,20,32
7296,0.7778,21,27
7297,0.0833,1,12
7298,0.4651,20,43
7299,1.0,3,3
7300,0.2208,17,77
7301,0.4098,25,61
7302,0.875,14,16
7303,0.5,4,8
7304,0.7778,28,36
7305,0.5556,5,9
7306,0.5263,10,19
7307,0.7083,17,24
7308,1.0,7,7
7309,0.3636,12,33
7310,0.3333,3,9
7311,0.4516,14,31
7312,0.3182,7,22
7313,0.3617,17,47
7314,0.3333,1,3
7315,0.8235,28,34
7316,0.15,3,20
7317,0.6667,2,3
7318,0.5,28,56
7319,0.75,21,28
7320,0.375,3,8
7321,0.4458,107,240
7322,0.8108,30,37
7323,0.6667,6,9
7324,0.7179,56,78
7325,0.5714,4,7
7326,0.6667,2,3
7327,0.6129,19,31
7328,0.8571,12,14
7329,0.6667,2,3
7330,0.8182,9,11
7331,0.7778,35,45
7332,0.6875,11,16
7333,0.5385,7,13
7334,0.4527,67,148
7335,0.4885,64,131
7336,0.6,15,25
7337,0.8667,13,15
7338,1.0,9,9
7339,0.6667,4,6
7340,0.6,9,15
7341,0.9048,19,21
7342,0.5217,12,23
7343,0.4857,17,35
7344,0.728,91,125
7345,0.6,15,25
7346,0.52,13,25
7347,0.2937,37,126
7348,0.2745,42,153
7349,0.5714,4,7
7350,0.5714,8,14
7351,0.6667,10,15
7352,0.4,2,5
7353,0.8333,25,30
7354,0.875,7,8
7355,0.5536,31,56
7356,0.5435,25,46
7357,0.75,3,4
7358,0.8182,9,11
7359,0.6,6,10
7360,0.3469,17,49
7361,0.5938,19,32
7362,0.4945,45,91
7363,0.6667,12,18
7364,0.3929,11,28
7365,0.5263,10,19
7366,0.6,3,5
7368,0.5,21,42
7369,1.0,2,2
7370,0.2805,46,164
7371,0.6531,64,98
7372,0.4545,25,55
7373,0.3784,14,37
7374,0.7209,31,43
7375,0.46,23,50
7376,0.3,9,30
7377,0.5401,101,187
7378,0.9787,46,47
7379,0.25,1,4
7380,0.6129,19,31
7381,0.8571,12,14
7382,0.4528,24,53
7383,0.45,9,20
7384,0.4865,18,37
7385,0.7742,24,31
7386,0.75,21,28
7387,0.6,30,50
7388,1.0,1,1
7389,0.3594,23,64
7390,0.7484,119,159
7391,1.0,12,12
7392,0.8125,13,16
7393,0.5152,17,33
7394,0.8,8,10
7395,0.6585,27,41
7396,0.5,10,20
7397,0.7,7,10
7398,0.9302,40,43
7399,0.4253,37,87
7400,0.4135,43,104
7401,0.25,3,12
7402,0.4545,5,11
7403,0.5714,4,7
7404,1.0,5,5
7405,0.7391,17,23
7406,0.9091,20,22
7407,0.5789,22,38
7408,0.35,7,20
7409,0.7174,33,46
7410,0.3846,5,13
7411,0.5667,17,30
7412,0.7826,18,23
7413,0.75,6,8
7414,0.4412,15,34
7415,0.6667,32,48
7416,0.5838,101,173
7417,1.0,5,5
7418,0.8889,8,9
7419,0.6154,8,13
7420,0.4167,5,12
7421,1.0,5,5
7422,0.7778,14,18
7423,0.9091,10,11
7424,0.6667,8,12
7425,0.6364,7,11
7426,0.6667,2,3
7427,0.52,13,25
7428,0.5833,7,12
7429,0.6341,26,41
7430,0.7,7,10
7431,0.625,5,8
7433,0.4231,11,26
7434,0.6737,64,95
7435,1.0,9,9
7436,0.75,6,8
7437,0.6515,129,198
7438,0.3607,66,183
7439,1.0,19,19
7440,0.7931,23,29
7441,0.5714,4,7
7442,0.2857,2,7
7443,0.8641,89,103
7444,0.5789,22,38
7445,1.0,5,5
7446,0.625,30,48
7447,0.6667,8,12
7448,1.0,3,3
7449,0.6053,23,38
7450,0.7241,42,58
7451,0.75,3,4
7452,0.5,4,8
7453,0.9333,14,15
7454,0.8621,50,58
7455,0.619,13,21
7456,1.0,8,8
7457,0.625,25,40
7458,0.5,3,6
7459,0.9355,29,31
7460,0.3759,50,133
7461,0.7647,13,17
7462,0.5,2,4
7463,0.4054,15,37
7464,0.7826,18,23
7465,0.75,12,16
7466,0.5,5,10
7467,0.8333,25,30
7468,0.6818,15,22
7469,0.7128,67,94
7470,0.5455,6,11
7471,0.5763,34,59
7472,0.513,99,193
7473,0.7143,5,7
7474,0.7037,19,27
7475,0.5625,18,32
7476,0.7,14,20
7477,0.5333,8,15
7478,0.7778,7,9
7479,0.7414,43,58
7480,0.7273,8,11
7481,0.7778,35,45
7482,0.7333,22,30
7483,0.6,9,15
7484,0.1556,7,45
7485,0.8889,8,9
7486,0.8,4,5
7487,0.5182,71,137
7488,0.75,21,28
7489,0.8571,12,14
7490,0.5556,5,9
7491,0.7778,21,27
7492,0.8333,5,6
7493,0.7407,20,27
7494,1.0,17,17
7495,0.6897,20,29
7496,0.7121,47,66
7497,1.0,1,1
7498,0.4309,53,123
7499,0.625,5,8
7500,1.0,4,4
7501,0.7738,65,84
7502,1.0,4,4
7503,0.2,1,5
7504,0.75,6,8
7505,0.5063,80,158
7506,0.6,12,20
7507,0.9167,11,12
7508,0.2308,6,26
7509,0.5957,28,47
7510,0.6744,29,43
7511,0.5556,15,27
7512,0.4545,15,33
7513,0.9091,10,11
7514,0.6863,35,51
7515,0.8333,5,6
7516,0.7568,28,37
7517,0.0,0,1
7518,0.9062,58,64
7519,0.6471,22,34
7520,0.75,15,20
7521,0.9355,29,31
7522,0.7143,5,7
7523,0.3636,4,11
7524,0.8056,29,36
7525,0.75,12,16
7526,0.7391,34,46
7527,0.6,3,5
7528,0.5,3,6
7529,0.5217,12,23
7530,0.2273,5,22
7531,0.9592,94,98
7532,0.8889,8,9
7533,0.525,42,80
7534,0.7857,22,28
7535,0.7191,64,89
7536,0.6667,2,3
7537,0.0,0,2
7538,0.5862,17,29
7539,0.6333,19,30
7540,0.2727,6,22
7541,0.9286,13,14
7542,0.2524,26,103
7543,0.9,9,10
7544,0.6579,25,38
7545,0.4805,37,77
7546,0.6524,122,187
7547,0.4182,23,55
7548,0.375,9,24
7549,0.9048,19,21
7550,0.5556,5,9
7551,0.6,15,25
7552,0.7733,58,75
7553,0.75,6,8
7554,0.4797,71,148
7555,0.9535,41,43
7556,0.4576,27,59
7557,0.6349,40,63
7558,0.7073,29,41
7559,1.0,11,11
7560,0.6667,2,3
7561,0.5,4,8
7562,0.3333,2,6
7563,0.3828,49,128
7564,0.5,2,4
7565,0.8,4,5
7566,0.4167,20,48
7567,0.7826,18,23
7568,0.7368,14,19
7569,0.4103,16,39
7570,0.7143,15,21
7571,0.6792,36,53
7572,0.8095,34,42
7573,0.3333,20,60
7574,0.5641,44,78
7575,0.5789,22,38
7576,0.7143,35,49
7577,0.5825,60,103
7578,0.7397,54,73
7579,0.6897,20,29
7580,0.8333,5,6
7581,0.4563,47,103
7582,0.5686,29,51
7583,0.9091,10,11
7584,0.8,8,10
7585,0.2381,5,21
7586,0.425,17,40
7587,0.3582,24,67
7588,0.3446,51,148
7589,0.6,42,70
7590,0.3618,89,246
7591,0.4,2,5
7592,0.3906,25,64
7593,1.0,7,7
7594,0.9,18,20
7595,0.28,7,25
7596,0.697,23,33
7597,0.8571,6,7
7598,0.619,13,21
7599,0.5,1,2
7600,0.6667,2,3
7601,0.75,3,4
7602,0.6667,6,9
7603,0.8289,63,76
7604,0.5556,10,18
7605,0.766,36,47
7606,1.0,10,10
7607,0.7333,22,30
7608,0.6875,66,96
7609,0.4189,62,148
7610,0.0,0,6
7611,1.0,5,5
7612,0.2727,3,11
7613,0.75,3,4
7614,0.5817,89,153
7615,0.4286,3,7
7616,0.375,3,8
7617,0.4091,9,22
7618,0.6,42,70
7619,0.7234,34,47
7620,0.7,7,10
7621,0.6429,9,14
7622,0.5,11,22
7623,0.66,66,100
7624,1.0,5,5
7625,0.7667,23,30
7626,0.6829,28,41
7627,0.4286,15,35
7628,0.9,9,10
7629,0.6701,65,97
7630,0.9333,14,15
7631,0.8333,10,12
7632,0.5833,7,12
7633,0.5882,60,102
7634,1.0,4,4
7635,0.8556,77,90
7636,0.1786,10,56
7637,1.0,5,5
7638,1.0,4,4
7639,0.5758,38,66
7640,0.5578,111,199
7641,0.75,6,8
7642,0.4898,24,49
7643,0.75,6,8
7644,0.625,30,48
7645,0.5,5,10
7646,1.0,3,3
7647,0.5182,114,220
7648,0.8403,100,119
7649,0.8627,44,51
7650,0.3636,4,11
7651,0.5079,32,63
7652,0.7,35,50
7653,0.526,81,154
7654,0.4444,4,9
7655,0.8254,52,63
7656,0.3158,6,19
7657,0.0,0,1
7658,0.25,2,8
7659,0.7188,23,32
7660,0.4211,16,38
7661,0.6667,8,12
7662,0.3944,28,71
7663,0.4697,31,66
7664,0.6481,35,54
7665,0.5682,25,44
7666,0.375,12,32
7667,0.75,18,24
7668,0.6429,9,14
7669,0.7424,49,66
7670,0.1429,9,63
7671,0.7419,23,31
7672,0.7,7,10
7673,0.5714,20,35
7674,0.7931,23,29
7675,0.8636,19,22
7676,0.5,9,18
7677,0.3694,58,157
7678,0.2045,9,44
7679,0.7857,11,14
7680,0.4286,9,21
7681,0.5,18,36
7682,0.75,3,4
7683,0.4857,17,35
7684,0.7333,22,30
7685,0.2857,2,7
7686,0.679,55,81
7687,0.4731,44,93
7688,0.2,1,5
7689,0.3662,26,71
7690,0.7368,28,38
7691,0.4925,33,67
7692,0.7333,11,15
7693,0.5974,46,77
7694,1.0,1,1
7695,0.5227,23,44
7696,0.5,19,38
7697,0.9048,19,21
7698,0.6667,4,6
7699,0.5021,117,233
7700,0.6,12,20
7701,0.6939,34,49
7702,0.36,9,25
7703,0.4375,7,16
7704,0.4074,11,27
7705,0.95,19,20
7706,0.5,3,6
7707,0.2984,37,124
7708,0.2368,9,38
7709,0.6429,9,14
7710,0.587,27,46
7711,0.641,25,39
7712,0.5,2,4
7713,0.5288,55,104
7714,0.7778,14,18
7715,0.4,10,25
7716,0.24,6,25
7717,0.4167,10,24
7718,0.4444,4,9
7719,0.4918,60,122
7720,0.7083,17,24
7721,0.5,2,4
7722,0.6562,21,32
7723,0.6636,71,107
7724,0.6471,33,51
7725,0.6364,21,33
7726,0.1875,3,16
7727,0.1743,19,109
7728,0.6087,14,23
7729,0.9048,38,42
7730,0.1875,6,32
7731,0.5,4,8
7732,0.7143,15,21
7733,0.6,3,5
7734,0.1765,3,17
7735,0.6438,103,160
7736,0.9535,41,43
7737,0.6944,25,36
7738,0.9683,61,63
7739,0.5424,32,59
7740,0.6522,15,23
7741,0.4167,5,12
7742,0.2632,5,19
7743,0.3818,21,55
7744,0.6275,32,51
7745,0.0,0,4
7746,0.4276,62,145
7747,0.5,1,2
7748,1.0,8,8
7749,0.4762,10,21
7750,0.5556,5,9
7751,0.875,7,8
7752,0.192,24,125
7753,0.6364,7,11
7754,0.5122,21,41
7755,0.4423,23,52
7756,0.0,0,1
7757,0.3961,82,207
7758,0.925,37,40
7759,0.6164,45,73
7760,0.3659,15,41
7761,0.8148,22,27
7762,0.8571,6,7
7763,0.3214,27,84
7764,0.3772,43,114
7765,1.0,19,19
7766,0.6786,19,28
7767,1.0,5,5
7768,1.0,6,6
7769,0.3962,21,53
7770,0.8333,15,18
7771,0.5,84,168
7772,0.4262,26,61
7773,1.0,10,10
7774,0.7143,15,21
7775,0.9149,43,47
7776,0.5,3,6
7777,1.0,12,12
7778,0.6538,51,78
7779,0.5,3,6
7780,0.5128,20,39
7781,0.725,29,40
7782,1.0,11,11
7783,0.6604,35,53
7784,0.4729,61,129
7785,0.9,27,30
7786,0.8929,25,28
7787,0.4364,48,110
7788,0.3947,30,76
7789,0.65,13,20
7790,0.4444,28,63
7791,0.2629,61,232
7792,0.7632,29,38
7793,1.0,19,19
7794,0.5,2,4
7795,0.7241,21,29
7796,0.75,3,4
7797,0.5,1,2
7798,0.75,12,16
7799,0.3333,2,6
7800,0.0,0,2
7801,0.7016,87,124
7802,1.0,50,50
7803,0.6522,30,46
7804,0.55,22,40
7805,0.8269,43,52
7806,0.5143,36,70
7807,0.6621,145,219
7808,0.7222,13,18
7809,0.3333,12,36
7810,0.8,8,10
7811,1.0,23,23
7812,0.0526,1,19
7813,1.0,6,6
7814,1.0,16,16
7815,0.4696,54,115
7816,0.8857,31,35
7817,0.6667,8,12
7818,0.8889,32,36
7819,0.8333,30,36
7820,0.434,23,53
7821,0.2571,18,70
7823,0.4124,40,97
7824,0.4483,26,58
7825,0.6364,14,22
7826,0.5,2,4
7827,0.6364,7,11
7828,0.2318,54,233
7829,0.6667,4,6
7830,0.8667,13,15
7831,0.2812,18,64
7832,0.4,10,25
7833,0.697,46,66
7834,0.9474,18,19
7835,0.384,48,125
7836,0.6143,43,70
7837,0.9231,12,13
7838,0.6471,11,17
7839,0.4,4,10
7840,0.75,6,8
7841,0.6667,4,6
7843,0.4375,7,16
7844,0.3636,4,11
7845,0.5349,23,43
7846,0.75,6,8
7847,0.2927,12,41
7848,1.0,4,4
7849,0.5,4,8
7850,0.8321,109,131
7851,0.9167,11,12
7852,0.5143,36,70
7853,1.0,4,4
7854,0.8049,33,41
7855,1.0,11,11
7856,0.2917,21,72
7857,0.8148,22,27
7858,0.5152,85,165
7859,0.8571,12,14
7860,0.6471,22,34
7861,0.4545,5,11
7862,1.0,3,3
7863,0.8,12,15
7864,0.5625,9,16
7865,0.8,4,5
7866,1.0,3,3
7867,0.3333,2,6
7868,1.0,1,1
7869,0.3333,5,15
7870,0.25,3,12
7871,0.25,1,4
7872,0.4286,3,7
7873,0.5625,9,16
7874,0.6875,22,32
7875,0.6,6,10
7876,0.8333,5,6
7877,0.4595,17,37
7878,1.0,3,3
7879,0.5417,13,24
7880,0.6638,77,116
7881,0.2353,8,34
7882,0.7125,57,80
7883,0.75,9,12
7884,0.6531,32,49
7885,0.6111,22,36
7886,0.5,2,4
7887,0.5909,13,22
7888,0.619,13,21
7889,0.7255,37,51
7890,0.5556,5,9
7891,0.8421,16,19
7892,0.7083,17,24
7893,1.0,10,10
7894,0.9655,56,58
7895,0.6897,20,29
7896,0.5625,27,48
7897,0.4706,8,17
7898,0.4762,10,21
7899,0.8319,99,119
7900,0.8235,14,17
7901,0.8571,6,7
7902,0.75,6,8
7903,0.5161,16,31
7904,1.0,5,5
7905,0.9091,10,11
7906,0.625,5,8
7907,0.8125,13,16
7908,0.75,6,8
7909,0.6731,35,52
7910,0.6667,12,18
7911,0.6667,2,3
7912,0.4,4,10
7913,1.0,21,21
7914,0.6522,15,23
7915,0.6471,11,17
7916,0.3819,76,199
7917,0.75,3,4
7918,0.5,1,2
7919,0.5455,12,22
7920,0.2059,7,34
7921,0.7879,26,33
7922,0.6456,51,79
7923,0.8333,10,12
7924,0.6719,43,64
7925,0.9333,28,30
7926,0.6875,11,16
7927,0.8462,33,39
7928,0.9375,15,16
7929,0.8333,10,12
7930,0.4444,4,9
7931,0.5,1,2
7932,0.0227,1,44
7933,0.6912,47,68
7934,0.875,28,32
7935,0.7,14,20
7936,0.5,3,6
7937,0.3929,55,140
7938,0.8333,15,18
7939,0.8472,61,72
7940,0.5408,53,98
7941,1.0,3,3
7942,0.3231,21,65
7943,0.4444,4,9
7944,0.6842,13,19
7945,0.6102,36,59
7946,0.7273,8,11
7947,0.5714,8,14
7948,0.6667,2,3
7949,0.6667,30,45
7950,0.6,3,5
7951,0.375,3,8
7952,1.0,2,2
7953,0.7143,5,7
7954,0.4495,49,109
7955,0.5128,60,117
7956,0.2205,43,195
7957,0.5,2,4
7958,0.8462,11,13
7959,0.6875,22,32
7960,0.614,35,57
7961,0.6,42,70
7962,0.5556,25,45
7963,0.7125,57,80
7964,0.0,0,1
7965,0.0,0,6
7966,1.0,15,15
7967,0.3333,1,3
7968,1.0,14,14
7969,0.6122,30,49
7970,0.8,4,5
7971,0.5833,42,72
7972,1.0,3,3
7973,0.4,16,40
7974,1.0,12,12
7975,0.68,68,100
7976,0.8235,14,17
7977,0.3788,25,66
7978,0.8667,65,75
7979,1.0,7,7
7980,1.0,3,3
7981,1.0,6,6
7982,0.6486,24,37
7983,0.6897,60,87
7984,0.5179,29,56
7985,0.4306,31,72
7986,0.4667,14,30
7987,0.3913,90,230
7988,0.5,14,28
7989,0.427,38,89
7990,0.3077,4,13
7991,0.55,11,20
7992,0.8462,11,13
7993,0.7273,16,22
7994,0.52,13,25
7995,0.5455,18,33
7996,0.5043,58,115
7997,0.5714,16,28
7998,0.8056,58,72
8000,0.9231,12,13
8001,0.6571,23,35
8002,0.697,23,33
8003,0.6667,16,24
8004,0.6842,26,38
8005,0.9091,10,11
8006,0.5294,9,17
8007,0.5079,32,63
8008,0.8286,58,70
8009,0.8462,44,52
8010,1.0,2,2
8011,1.0,6,6
8012,0.5714,4,7
8013,0.7778,14,18
8014,0.8333,10,12
8016,0.5946,22,37
8017,0.8421,16,19
8018,0.4138,12,29
8019,0.7065,65,92
8020,0.8,12,15
8021,0.8462,22,26
8022,0.549,28,51
8023,0.2276,28,123
8024,0.4348,10,23
8025,1.0,6,6
8026,0.7719,44,57
8027,1.0,5,5
8028,0.2857,2,7
8029,0.6277,59,94
8030,0.7895,30,38
8031,0.2254,16,71
8032,0.528,66,125
8033,0.493,35,71
8034,0.6087,14,23
8035,0.9722,35,36
8036,0.8222,37,45
8037,0.5306,26,49
8038,0.7143,5,7
8039,0.6866,46,67
8040,0.6829,28,41
8041,0.5714,8,14
8042,0.3824,13,34
8043,0.9286,13,14
8044,0.8462,11,13
8045,0.9375,15,16
8046,0.25,1,4
8047,0.8889,24,27
8048,0.7353,25,34
8049,0.6667,2,3
8050,0.3118,29,93
8051,0.7283,67,92
8052,0.3846,10,26
8053,0.4467,67,150
8054,0.7143,5,7
8055,0.5882,10,17
8056,0.4127,26,63
8057,0.8,12,15
8058,1.0,8,8
8059,0.7647,26,34
8060,0.3246,37,114
8061,0.75,6,8
8062,0.2353,4,17
8063,0.6522,15,23
8064,0.4643,13,28
8065,0.4848,16,33
8066,0.4828,28,58
8067,0.8462,55,65
8068,0.6042,29,48
8069,0.45,18,40
8070,0.7273,8,11
8071,0.8889,8,9
8072,0.4505,50,111
8073,0.5,32,64
8074,1.0,8,8
8075,0.875,7,8
8076,0.4493,31,69
8078,0.7143,5,7
8079,0.5385,7,13
8080,0.6667,30,45
8081,0.3091,17,55
8082,0.6723,80,119
8083,0.7097,44,62
8084,0.7108,59,83
8085,0.7949,31,39
8086,0.76,19,25
8087,1.0,6,6
8088,0.6957,48,69
8089,0.125,2,16
8090,0.619,13,21
8091,0.8462,11,13
8092,0.3718,29,78
8093,0.4556,41,90
8094,0.4286,3,7
8095,0.6508,41,63
8096,0.7263,69,95
8097,0.8889,8,9
8098,0.4348,20,46
8099,0.7891,116,147
8100,0.9,18,20
8101,0.6875,11,16
8102,0.8065,25,31
8103,0.619,13,21
8104,0.625,25,40
8105,0.8,4,5
8106,0.7857,11,14
8107,1.0,3,3
8108,0.5,2,4
8109,0.3333,1,3
8110,0.3333,3,9
8111,0.9167,11,12
8112,0.5968,37,62
8113,0.7671,56,73
8114,0.8333,5,6
8115,0.8,8,10
8116,0.8421,16,19
8117,0.7692,10,13
8118,1.0,6,6
8119,0.5088,58,114
8120,0.2308,9,39
8121,0.7778,28,36
8122,0.7857,22,28
8123,0.8,12,15
8124,0.75,3,4
8125,0.8947,51,57
8126,1.0,1,1
8127,1.0,6,6
8128,0.5507,38,69
8129,0.4706,24,51
8130,0.4714,33,70
8131,0.6667,16,24
8132,1.0,3,3
8133,0.7,7,10
8134,0.6,3,5
8135,0.272,34,125
8136,0.7083,17,24
8137,0.8571,24,28
8138,0.7273,16,22
8139,0.8,16,20
8140,0.4706,16,34
8141,0.6765,23,34
8142,0.6667,14,21
8143,1.0,7,7
8144,0.7531,61,81
8145,0.6316,12,19
8146,0.45,9,20
8147,0.6,18,30
8148,0.9259,25,27
8149,0.8824,15,17
8150,0.7742,48,62
8151,1.0,23,23
8152,0.5077,66,130
8153,0.7234,34,47
8154,0.4651,20,43
8155,0.7857,11,14
8156,0.6333,19,30
8157,0.6,6,10
8158,0.5833,28,48
8159,0.6,15,25
8160,0.5,2,4
8161,0.2826,13,46
8162,0.725,29,40
8163,0.375,3,8
8164,0.6522,15,23
8165,1.0,1,1
8166,0.7619,16,21
8167,0.5957,56,94
8168,1.0,14,14
8169,0.8276,24,29
8170,0.5,1,2
8171,0.4286,24,56
8172,0.633,69,109
8173,0.7292,70,96
8174,0.6316,24,38
8175,0.8846,23,26
8176,0.5789,22,38
8178,0.5814,25,43
8180,0.6,21,35
8181,1.0,31,31
8182,1.0,26,26
8183,0.92,23,25
8184,0.594,79,133
8185,0.6897,20,29
8186,0.9091,40,44
8187,0.7957,74,93
8188,0.4483,26,58
8189,0.9634,79,82
8190,0.5285,65,123
8191,0.75,9,12
8192,0.9355,29,31
8193,0.7097,22,31
8194,0.75,6,8
8195,0.3871,12,31
8196,0.6,15,25
8197,0.4459,66,148
8198,0.3235,22,68
8199,0.0,0,2
8200,0.7143,10,14
8201,0.56,28,50
8202,0.6667,2,3
8203,0.8571,6,7
8204,0.4286,45,105
8205,0.7037,19,27
8206,0.8485,28,33
8207,0.8049,33,41
8208,0.5,12,24
8209,0.5,10,20
8210,0.7308,19,26
8211,1.0,6,6
8212,0.6,15,25
8213,0.4835,44,91
8214,0.7222,13,18
8215,0.6,3,5
8216,0.5455,6,11
8217,0.6207,18,29
8218,0.8966,130,145
8219,0.873,55,63
8221,0.8056,58,72
8222,0.5536,31,56
8223,0.8462,11,13
8224,0.451,69,153
8225,0.3585,19,53
8226,1.0,59,59
8227,1.0,7,7
8228,0.5,5,10
8229,0.7619,48,63
8230,0.4361,58,133
8231,0.5766,64,111
8232,0.537,29,54
8233,0.4,2,5
8234,0.3333,1,3
8235,0.56,14,25
8236,0.6667,2,3
8237,0.5,1,2
8238,0.4516,28,62
8239,0.85,17,20
8241,0.5333,16,30
8242,0.4583,11,24
8243,0.4386,25,57
8244,0.5714,24,42
8245,0.4792,23,48
8247,0.7778,7,9
8248,0.7059,12,17
8249,0.6214,87,140
8250,0.8333,5,6
8251,0.75,30,40
8252,0.8235,14,17
8253,0.3876,50,129
8254,0.8889,8,9
8255,1.0,1,1
8256,0.8,4,5
8257,0.6,3,5
8258,0.7462,97,130
8259,0.625,5,8
8260,0.5152,17,33
8261,0.4286,3,7
8262,1.0,2,2
8263,0.2093,9,43
8264,0.8571,6,7
8265,0.6,33,55
8266,0.6316,12,19
8267,0.8333,20,24
8268,0.5556,5,9
8269,0.5,2,4
8270,0.8696,20,23
8271,0.3333,1,3
8272,0.4341,56,129
8273,1.0,2,2
8274,0.4118,14,34
8275,1.0,24,24
8276,0.7727,34,44
8277,1.0,12,12
8278,0.3247,25,77
8279,0.8333,5,6
8280,0.7143,15,21
8281,0.6667,32,48
8282,0.7007,96,137
8283,0.5517,16,29
8284,0.6061,20,33
8285,0.7273,8,11
8286,0.4706,24,51
8287,0.9231,12,13
8288,0.6154,16,26
8289,0.9286,13,14
8290,0.3793,11,29
8291,0.5263,10,19
8292,0.8667,26,30
8293,0.6076,48,79
8294,0.6471,22,34
8295,0.6098,25,41
8296,0.6667,10,15
8297,0.7662,59,77
8298,0.6364,7,11
8299,1.0,13,13
8300,0.475,38,80
8301,0.7333,11,15
8302,0.75,6,8
8303,0.9,9,10
8304,0.5,21,42
8305,0.6667,2,3
8306,0.4259,23,54
8307,0.5652,39,69
8308,0.7111,32,45
8309,0.3077,4,13
8310,0.2089,33,158
8311,0.5733,43,75
8312,0.4365,86,197
8313,0.6129,19,31
8314,0.3571,10,28
8315,0.6522,15,23
8316,0.8056,29,36
8317,0.9333,14,15
8318,0.8043,111,138
8319,0.9615,25,26
8320,0.9787,46,47
8321,0.4211,8,19
8322,0.4444,48,108
8323,0.2143,3,14
8324,0.4286,12,28
8325,0.6479,46,71
8326,0.7196,77,107
8327,0.6047,26,43
8328,0.404,40,99
8329,0.875,7,8
8330,0.4453,57,128
8331,0.45,18,40
8332,0.5294,36,68
8333,0.5833,7,12
8334,0.4545,5,11
8335,1.0,1,1
8336,0.8182,9,11
8337,0.8732,62,71
8338,0.5641,22,39
8339,1.0,1,1
8340,0.3333,2,6
8341,0.6667,6,9
8342,0.5,1,2
8343,0.6395,55,86
8344,0.8519,23,27
8345,0.7234,34,47
8346,0.6842,26,38
8347,0.8125,13,16
8348,1.0,4,4
8349,0.6364,7,11
8350,0.0,0,4
8351,0.8333,35,42
8352,0.7579,72,95
8354,0.8679,46,53
8355,0.6207,18,29
8356,0.5,3,6
8357,0.4545,5,11
8358,0.6667,8,12
8359,0.8,8,10
8360,0.6667,66,99
8361,0.4474,17,38
8362,0.4118,21,51
8363,0.5,1,2
8364,0.459,56,122
8365,0.5714,4,7
8366,0.5588,19,34
8367,0.0,0,3
8368,0.75,6,8
8369,0.4167,5,12
8370,0.6061,20,33
8371,0.7667,46,60
8372,0.9412,16,17
8373,1.0,7,7
8374,0.4286,9,21
8375,0.6,9,15
8376,0.8333,5,6
8377,0.3784,14,37
8378,0.6923,9,13
8379,0.9286,13,14
8380,0.8788,58,66
8381,0.325,13,40
8382,0.6154,48,78
8383,1.0,8,8
8384,0.7679,43,56
8385,0.5,3,6
8386,0.3768,26,69
8387,0.6316,12,19
8388,0.5,2,4
8389,1.0,2,2
8390,0.6296,34,54
8391,0.3902,80,205
8392,0.7,7,10
8393,1.0,12,12
8394,0.8364,46,55
8395,0.7632,29,38
8396,0.8889,8,9
8397,0.6,15,25
8398,0.7798,85,109
8399,0.0,0,4
8400,0.8043,37,46
8401,0.5735,39,68
8402,0.5455,30,55
8403,0.8148,22,27
8404,0.4803,73,152
8405,0.4653,302,649
8406,0.6154,32,52
8407,0.7391,51,69
8408,0.8,8,10
8409,0.5763,34,59
8410,0.7627,45,59
8411,0.72,36,50
8412,0.6698,71,106
8413,0.378,31,82
8414,0.75,18,24
8415,0.8,4,5
8416,0.8947,17,19
8417,0.9189,34,37
8418,0.7368,14,19
8419,0.8571,54,63
8420,0.5,10,20
8421,1.0,2,2
8422,0.3636,4,11
8423,0.8276,24,29
8424,0.9474,18,19
8425,0.0,0,6
8426,0.6,3,5
8427,0.8333,20,24
8428,1.0,3,3
8429,0.5,1,2
8430,0.8571,12,14
8431,0.0,0,1
8432,0.3333,21,63
8433,1.0,11,11
8434,0.6667,2,3
8435,0.5667,17,30
8436,0.6087,14,23
8437,1.0,1,1
8438,0.3276,38,116
8439,0.3333,2,6
8440,0.5385,14,26
8441,0.6356,75,118
8442,0.5,4,8
8443,0.5111,23,45
8444,0.3333,1,3
8445,0.8077,42,52
8446,0.4857,17,35
8447,0.7097,22,31
8448,0.8571,6,7
8449,0.1748,18,103
8450,0.6364,21,33
8451,1.0,5,5
8453,0.9091,10,11
8454,0.4889,44,90
8455,0.6923,9,13
8456,0.7,35,50
8457,0.1724,10,58
8458,0.4394,29,66
8459,0.2578,33,128
8460,1.0,5,5
8461,0.6,9,15
8462,0.7475,74,99
8463,0.7273,8,11
8464,0.6667,2,3
8465,0.7742,24,31
8466,0.4118,14,34
8467,0.7444,99,133
8468,0.7313,49,67
8469,0.6667,12,18
8470,0.5,38,76
8471,0.8667,26,30
8472,0.5,1,2
8473,0.6,6,10
8474,0.75,3,4
8475,0.963,52,54
8476,1.0,5,5
8477,0.8667,13,15
8478,1.0,1,1
8479,0.9167,22,24
8480,0.8065,25,31
8481,0.8333,10,12
8482,0.34,34,100
8483,0.8462,11,13
8484,0.5833,7,12
8485,0.8571,12,14
8486,1.0,12,12
8487,0.913,21,23
8488,0.6301,46,73
8489,0.8,4,5
8490,0.8333,15,18
8491,0.4444,4,9
8492,0.6962,55,79
8493,0.8182,9,11
8494,1.0,4,4
8495,0.8846,69,78
8496,0.75,12,16
8497,0.4318,19,44
8498,0.5674,80,141
8499,0.4028,29,72
8500,0.5574,34,61
8501,0.8571,18,21
8502,0.9667,29,30
8503,0.8229,79,96
8504,0.5,3,6
8505,0.8036,45,56
8506,0.5,3,6
8507,0.3462,9,26
8508,0.8,20,25
8509,0.0,0,1
8510,0.5882,10,17
8511,0.375,3,8
8512,0.8,4,5
8513,0.8852,54,61
8514,0.3046,46,151
8515,0.8571,12,14
8516,0.7282,75,103
8517,0.6667,4,6
8518,0.5217,24,46
8519,1.0,2,2
8520,0.0,0,3
8521,0.9167,44,48
8522,0.1667,3,18
8523,0.2308,3,13
8524,1.0,3,3
8525,0.4444,4,9
8526,0.9259,25,27
8527,0.8889,8,9
8528,0.7895,15,19
8529,0.5641,44,78
8530,0.3519,38,108
8531,1.0,4,4
8532,1.0,3,3
8533,1.0,2,2
8534,1.0,6,6
8535,0.8333,5,6
8536,0.4157,37,89
8537,0.7083,34,48
8538,0.6939,34,49
8539,0.6596,31,47
8540,0.6349,40,63
8541,0.3167,70,221
8542,0.1909,21,110
8543,0.6,3,5
8544,0.4366,31,71
8545,0.3778,17,45
8546,0.6,3,5
8547,0.8,8,10
8548,0.5,2,4
8549,1.0,1,1
8551,0.5135,38,74
8552,0.0,0,5
8553,0.2667,8,30
8554,0.5,4,8
8555,0.7419,23,31
8556,0.3333,17,51
8558,0.6489,61,94
8559,0.65,13,20
8560,0.75,12,16
8561,0.7396,71,96
8562,0.442,61,138
8563,0.875,7,8
8564,0.4255,20,47
8565,0.7222,13,18
8566,0.8,4,5
8567,0.5185,14,27
8568,0.3295,57,173
8569,0.3846,10,26
8570,0.6721,41,61
8571,0.9375,15,16
8572,1.0,2,2
8573,0.5,2,4
8574,0.7647,13,17
8575,0.787,85,108
8576,0.5,6,12
8577,0.5385,21,39
8578,0.5581,24,43
8579,0.7273,24,33
8580,0.6939,34,49
8581,0.5714,4,7
8582,0.7857,11,14
8583,0.6154,8,13
8584,0.6087,112,184
8585,0.3333,1,3
8586,0.7273,16,22
8587,1.0,1,1
8588,0.3103,9,29
8589,0.8421,16,19
8590,0.75,9,12
8591,0.5,4,8
8592,0.7273,72,99
8594,0.8,4,5
8595,0.4474,17,38
8596,0.368,46,125
8597,0.3571,5,14
8598,0.4834,102,211
8599,0.75,6,8
8600,0.68,68,100
8601,0.5833,42,72
8602,0.6667,2,3
8603,0.0,0,1
8604,0.6087,14,23
8605,0.6842,13,19
8606,1.0,2,2
8607,0.8889,8,9
8608,0.4465,71,159
8609,0.1417,18,127
8610,0.2745,14,51
8611,0.7917,19,24
8612,0.7,21,30
8613,0.3488,15,43
8614,0.4222,19,45
8615,0.5455,24,44
8616,0.6667,6,9
8617,0.7108,59,83
8618,0.4286,3,7
8619,0.7143,10,14
8620,0.6067,54,89
8621,0.875,14,16
8622,0.8571,12,14
8623,0.3421,52,152
8624,0.6875,11,16
8625,0.7826,18,23
8626,0.5455,24,44
8627,0.4286,3,7
8628,0.1935,6,31
8629,0.4688,15,32
8630,0.5366,22,41
8631,0.8333,5,6
8632,0.6364,7,11
8633,0.6667,34,51
8634,0.5446,61,112
8635,0.4583,11,24
8636,0.7947,120,151
8637,0.5,1,2
8638,0.75,3,4
8639,0.6421,61,95
8640,1.0,7,7
8641,0.2609,6,23
8642,0.8333,10,12
8643,0.6667,24,36
8644,0.477,114,239
8645,0.9333,28,30
8646,1.0,6,6
8647,0.3871,132,341
8648,0.4186,18,43
8649,0.75,3,4
8650,0.6571,23,35
8651,0.3636,4,11
8652,0.7721,105,136
8653,0.5,4,8
8654,0.3889,35,90
8655,0.3696,17,46
8656,0.5455,6,11
8657,0.625,5,8
8658,1.0,8,8
8659,0.8889,8,9
8660,0.5,59,118
8661,0.5227,23,44
8662,0.0,0,6
8663,0.7143,25,35
8664,0.5,49,98
8665,0.5143,18,35
8666,0.4615,6,13
8667,0.74,37,50
8668,0.27,27,100
8669,0.3824,39,102
8670,0.5789,22,38
8671,0.7143,20,28
8672,0.0,0,3
8673,0.6364,7,11
8674,0.6916,74,107
8675,0.9565,22,23
8676,0.5714,32,56
8677,0.6744,29,43
8678,0.5,19,38
8679,0.3667,11,30
8680,0.8667,39,45
8681,0.5,10,20
8682,1.0,15,15
8683,1.0,1,1
8684,0.5,2,4
8685,0.8919,33,37
8686,1.0,7,7
8687,0.6,18,30
8688,0.25,3,12
8689,0.5342,39,73
8690,0.5957,28,47
8691,0.4914,57,116
8692,1.0,13,13
8693,1.0,6,6
8694,0.6667,40,60
8695,0.1667,1,6
8696,0.44,11,25
8697,0.963,26,27
8698,0.64,16,25
8699,0.8333,30,36
8700,0.75,15,20
8701,0.6923,9,13
8702,0.75,15,20
8703,0.5465,47,86
8704,0.72,18,25
8705,0.5556,20,36
8706,0.3333,1,3
8707,0.6444,29,45
8708,0.3908,34,87
8709,0.9048,19,21
8710,0.75,6,8
8711,0.6087,14,23
8712,0.6111,22,36
8713,0.6441,38,59
8714,0.4286,3,7
8715,0.6667,2,3
8716,0.7692,10,13
8717,0.8333,5,6
8718,0.5208,25,48
8719,0.4359,17,39
8720,0.396,40,101
8721,0.2258,7,31
8722,0.4,12,30
8723,0.8696,20,23
8724,0.4426,54,122
8725,0.5312,17,32
8726,0.2,3,15
8727,0.2143,3,14
8728,0.3333,1,3
8729,0.5833,7,12
8730,0.7391,34,46
8731,0.2609,6,23
8732,1.0,20,20
8733,0.5833,7,12
8734,0.6667,4,6
8735,0.8333,10,12
8736,0.5,3,6
8737,0.6667,12,18
8738,0.6944,25,36
8739,0.5727,130,227
8740,1.0,16,16
8741,0.3333,3,9
8742,0.5303,35,66
8743,0.7667,23,30
8744,0.25,2,8
8745,0.6,6,10
8746,0.6383,60,94
8747,0.6667,14,21
8748,0.8056,29,36
8749,0.5,1,2
8750,1.0,6,6
8751,0.4286,42,98
8752,0.75,9,12
8753,0.9565,22,23
8754,0.4,2,5
8755,0.6471,11,17
8756,0.9286,13,14
8757,0.7273,16,22
8758,0.6286,22,35
8759,0.7368,42,57
8760,0.875,7,8
8761,0.4237,50,118
8762,0.6935,43,62
8763,0.375,6,16
8764,0.3659,15,41
8765,0.9167,11,12
8766,0.6731,35,52
8767,0.8108,30,37
8768,0.5246,32,61
8769,0.25,1,4
8770,0.1,1,10
8771,0.4545,5,11
8772,0.4615,6,13
8773,0.8667,13,15
8774,0.9091,60,66
8775,0.25,1,4
8776,1.0,2,2
8777,0.3846,5,13
8778,0.8,24,30
8779,0.8684,33,38
8780,0.9091,10,11
8781,1.0,11,11
8782,0.8,4,5
8783,1.0,1,1
8784,0.8471,133,157
8785,0.8333,10,12
8786,0.521,62,119
8787,0.4857,34,70
8788,0.3929,22,56
8789,0.8214,23,28
8790,0.5556,5,9
8791,0.5217,12,23
8792,0.75,12,16
8793,0.6087,14,23
8794,1.0,6,6
8795,0.9583,23,24
8796,0.6977,30,43
8797,0.75,21,28
8798,0.75,3,4
8799,0.9091,10,11
8800,0.5556,10,18
8801,0.7273,16,22
8802,0.1818,18,99
8803,0.4474,17,38
8804,0.875,14,16
8805,0.3178,68,214
8806,0.8333,10,12
8807,0.7882,67,85
8808,0.3333,7,21
8809,0.55,22,40
8810,0.75,6,8
8811,0.5938,19,32
8812,0.878,36,41
8813,0.8333,5,6
8814,0.4,2,5
8815,0.6667,6,9
8816,0.6548,55,84
8817,0.3636,12,33
8818,0.8636,19,22
8819,0.1842,7,38
8820,0.6,3,5
8821,0.4242,14,33
8822,0.8148,22,27
8823,1.0,17,17
8824,1.0,6,6
8825,0.3113,33,106
8826,0.7353,25,34
8827,0.7619,16,21
8828,0.391,52,133
8829,0.7143,40,56
8830,0.9032,28,31
8831,0.0278,1,36
8832,0.375,3,8
8833,0.4906,26,53
8834,0.8333,10,12
8835,0.9231,12,13
8836,0.5,16,32
8837,0.4587,50,109
8838,0.6429,27,42
8839,0.3333,7,21
8840,0.8333,15,18
8841,0.3333,2,6
8842,0.75,36,48
8843,0.6667,2,3
8844,0.8333,5,6
8845,0.75,6,8
8846,0.5,13,26
8847,0.5,3,6
8848,0.5,3,6
8849,0.6667,8,12
8850,0.2632,5,19
8851,0.0,0,2
8852,0.8235,14,17
8853,1.0,8,8
8854,0.8333,5,6
8855,0.5,4,8
8856,0.5,24,48
8857,0.4286,3,7
8858,0.6429,9,14
8859,0.5484,17,31
8860,0.4561,26,57
8861,0.7407,20,27
8862,0.4426,27,61
8863,0.7368,14,19
8864,0.9385,61,65
8865,0.7273,16,22
8866,1.0,17,17
8867,0.5283,28,53
8868,0.5714,28,49
8869,0.7,7,10
8870,0.781,82,105
8871,0.8,16,20
8872,0.5152,17,33
8873,0.9111,41,45
8874,1.0,4,4
8876,0.4098,25,61
8877,0.7805,32,41
8878,0.7895,30,38
8880,1.0,12,12
8881,0.6667,6,9
8882,0.7103,76,107
8883,0.5278,57,108
8884,0.4419,38,86
8885,0.7419,23,31
8886,0.625,10,16
8887,0.7714,27,35
8888,0.6429,9,14
8889,0.3226,10,31
8890,0.1818,12,66
8891,0.7091,117,165
8892,0.7273,8,11
8893,0.5217,12,23
8894,1.0,7,7
8895,0.8,8,10
8896,0.4915,58,118
8897,0.6,12,20
8898,0.6279,27,43
8899,0.75,6,8
8900,0.2864,57,199
8901,1.0,5,5
8902,0.8085,38,47
8903,0.4915,29,59
8904,0.4,2,5
8905,0.9444,17,18
8906,1.0,6,6
8907,0.3333,1,3
8908,1.0,4,4
8909,0.4079,31,76
8910,1.0,1,1
8911,0.8286,29,35
8912,0.3333,3,9
8913,0.5294,18,34
8914,0.9167,11,12
8915,0.8182,9,11
8916,0.6479,46,71
8917,0.5,7,14
8918,0.5833,21,36
8919,0.6552,19,29
8920,0.9394,31,33
8921,0.1304,3,23
8922,0.7059,36,51
8923,0.3626,33,91
8924,0.4296,61,142
8925,0.4,6,15
8926,0.5208,25,48
8927,0.9333,14,15
8928,0.3667,11,30
8929,0.75,15,20
8930,0.3562,26,73
8931,1.0,6,6
8932,0.6624,104,157
8933,0.6765,23,34
8934,0.4554,97,213
8935,0.7727,17,22
8936,0.5385,7,13
8937,0.64,16,25
8938,0.3919,29,74
8939,0.5942,41,69
8940,0.5641,22,39
8941,0.5455,6,11
8942,0.375,3,8
8943,0.2907,25,86
8944,0.7959,39,49
8945,0.9091,10,11
8946,0.6727,37,55
8947,0.5,24,48
8948,0.4595,17,37
8949,0.4909,27,55
8950,0.5926,16,27
8951,0.6111,22,36
8952,0.6957,16,23
8953,0.3,6,20
8954,0.3636,8,22
8955,0.7333,11,15
8957,0.6042,29,48
8958,1.0,4,4
8959,0.5541,41,74
8960,0.9,36,40
8961,0.4615,6,13
8962,0.3323,109,328
8963,0.2321,94,405
8964,0.6571,46,70
8965,0.7273,8,11
8966,0.8626,182,211
8967,0.7838,58,74
8968,0.48,24,50
8969,0.4186,18,43
8970,0.7872,37,47
8971,1.0,13,13
8972,0.8889,8,9
8973,0.5441,37,68
8974,0.3158,6,19
8975,0.3509,20,57
8976,0.7778,14,18
8977,0.8696,20,23
8978,0.44,11,25
8979,0.7671,56,73
8980,0.5185,14,27
8981,0.625,10,16
8982,0.679,55,81
8983,0.7143,15,21
8984,0.6471,11,17
8985,0.7273,16,22
8986,0.2727,6,22
8987,0.4667,14,30
8988,0.6154,8,13
8989,0.5263,10,19
8990,0.5455,24,44
8991,0.3544,28,79
8992,0.4375,21,48
8993,0.3636,8,22
8994,0.6364,7,11
8995,0.6471,11,17
8996,0.3953,17,43
8997,0.4545,5,11
8998,0.6667,6,9
8999,0.8143,57,70
9000,0.5333,16,30
9001,0.8571,12,14
9002,0.19,19,100
9003,0.7083,17,24
9004,0.766,36,47
9005,0.8049,33,41
9006,0.7188,23,32
9007,0.4576,27,59
9008,0.8462,11,13
9009,0.4286,18,42
9010,0.6216,23,37
9011,0.825,33,40
9012,0.4286,9,21
9013,0.6136,27,44
9014,0.4,2,5
9015,0.7188,69,96
9016,0.75,9,12
9017,0.7738,65,84
9018,0.4565,21,46
9019,0.8148,22,27
9020,0.9211,35,38
9021,0.2879,19,66
9022,0.625,15,24
9023,0.5556,15,27
9024,0.1765,6,34
9025,0.8667,13,15
9026,0.4571,32,70
9027,0.2429,17,70
9028,0.6667,2,3
9029,0.6538,17,26
9030,0.7778,7,9
9031,0.8,12,15
9032,0.5,69,138
9033,1.0,3,3
9034,0.4562,99,217
9035,0.7317,30,41
9036,0.4545,15,33
9037,0.2619,11,42
9038,1.0,9,9
9039,0.5,37,74
9040,0.9,9,10
9041,0.7541,46,61
9042,0.5745,54,94
9043,0.8571,6,7
9044,0.88,22,25
9045,0.4821,27,56
9046,0.3571,5,14
9047,0.6098,25,41
9048,0.7778,21,27
9049,0.6667,2,3
9050,0.5195,40,77
9051,0.3333,5,15
9052,0.2222,2,9
9053,0.6364,28,44
9054,0.32,16,50
9055,0.4286,3,7
9056,0.8462,22,26
9057,0.2632,5,19
9058,0.6,6,10
9059,0.8889,8,9
9060,1.0,10,10
9061,0.0,0,2
9062,1.0,4,4
9063,0.625,20,32
9064,0.25,9,36
9065,0.4545,5,11
9066,0.3699,27,73
9067,0.6875,11,16
9068,0.8537,35,41
9069,0.75,9,12
9070,0.3582,24,67
9071,1.0,2,2
9072,0.5,13,26
9073,0.5111,23,45
9074,0.875,7,8
9075,0.98,49,50
9076,0.5,4,8
9077,0.8182,18,22
9078,0.6667,4,6
9079,0.6923,18,26
9080,0.6957,16,23
9081,0.1667,3,18
9082,0.7551,37,49
9083,0.3333,7,21
9084,0.6488,157,242
9085,1.0,8,8
9086,0.359,14,39
9087,0.4671,149,319
9088,0.5741,31,54
9089,0.6667,10,15
9090,0.3778,17,45
9091,0.7,14,20
9092,0.8018,89,111
9093,0.931,27,29
9094,0.9444,17,18
9095,0.8,4,5
9096,0.7816,68,87
9097,0.6774,21,31
9098,0.9565,22,23
9099,0.1803,11,61
9100,0.8857,31,35
9101,0.6739,31,46
9102,0.25,5,20
9103,0.8333,10,12
9104,0.4878,20,41
9105,0.4,2,5
9106,0.4417,53,120
9107,0.7064,77,109
9108,0.25,8,32
9109,0.3519,57,162
9110,0.7333,11,15
9111,0.3667,22,60
9112,0.9412,32,34
9113,0.8,4,5
9114,0.5556,10,18
9115,0.9412,16,17
9116,0.2695,76,282
9117,0.8182,18,22
9118,0.7692,50,65
9119,0.7736,41,53
9120,0.2609,6,23
9121,0.6436,65,101
9122,0.5745,27,47
9123,0.76,19,25
9124,0.8182,27,33
9125,0.6481,35,54
9126,0.72,36,50
9127,0.9524,20,21
9128,0.3019,16,53
9129,0.8,36,45
9130,0.6364,7,11
9131,0.0,0,3
9132,0.4286,9,21
9133,0.6111,22,36
9134,0.3077,4,13
9135,0.9091,30,33
9136,0.4359,17,39
9137,0.5,1,2
9138,0.5909,26,44
9139,0.4583,11,24
9140,0.6322,55,87
9141,0.1842,7,38
9142,0.5,6,12
9143,0.4444,12,27
9144,0.6415,34,53
9145,0.4496,107,238
9146,0.56,14,25
9147,0.9048,38,42
9148,0.8108,60,74
9149,0.9091,30,33
9150,1.0,7,7
9151,0.8571,48,56
9152,0.3,6,20
9153,0.4444,12,27
9154,0.5619,59,105
9155,0.4259,23,54
9156,0.6604,70,106
9157,0.5741,31,54
9158,0.4964,69,139
9159,0.2449,12,49
9160,0.3441,32,93
9161,0.7857,11,14
9162,0.84,21,25
9163,0.8,32,40
9164,1.0,5,5
9165,0.5556,15,27
9166,0.4444,4,9
9167,0.875,14,16
9168,0.56,14,25
9169,1.0,2,2
9170,0.7103,103,145
9171,0.8113,43,53
9172,0.7619,32,42
9173,0.5,62,124
9174,0.301,31,103
9175,0.0593,20,337
9176,0.2903,9,31
9177,0.8519,23,27
9178,0.4921,31,63
9179,0.5,15,30
9180,0.7895,60,76
9181,0.2222,2,9
9182,0.4242,28,66
9183,0.5,4,8
9184,0.2979,14,47
9185,0.5366,22,41
9186,0.7,7,10
9187,0.375,18,48
9188,0.5938,19,32
9189,0.5797,40,69
9190,0.8571,18,21
9191,0.7727,17,22
9192,0.36,9,25
9193,0.5909,26,44
9194,0.5714,12,21
9195,0.1379,16,116
9196,0.8333,5,6
9197,0.5056,91,180
9198,0.2658,21,79
9199,0.6723,80,119
9200,1.0,4,4
9201,0.25,2,8
9202,0.4419,19,43
9203,0.75,3,4
9204,0.8571,6,7
9205,0.6818,30,44
9206,0.8571,6,7
9207,0.6709,53,79
9208,0.8367,41,49
9209,0.7333,11,15
9211,0.2424,8,33
9212,0.8333,10,12
9213,0.5373,36,67
9214,0.25,24,96
9215,0.5,6,12
9216,0.3714,13,35
9217,0.1795,7,39
9218,0.5,9,18
9219,0.6538,17,26
9220,0.6923,18,26
9221,1.0,9,9
9222,0.6333,19,30
9223,0.5217,24,46
9224,0.9286,13,14
9225,1.0,12,12
9226,0.5278,19,36
9227,0.4333,13,30
9228,0.5,10,20
9229,0.76,19,25
9230,0.825,66,80
9231,0.759,63,83
9232,0.375,6,16
9233,0.1538,6,39
9234,0.1053,2,19
9235,0.8571,24,28
9236,0.2424,8,33
9237,0.4,6,15
9238,0.6,6,10
9239,0.9412,16,17
9240,0.5517,16,29
9241,0.6667,8,12
9242,0.84,21,25
9243,1.0,7,7
9244,0.7658,85,111
9245,0.9474,18,19
9246,0.6463,53,82
9247,0.3333,9,27
9248,0.4889,22,45
9249,0.5306,26,49
9250,1.0,1,1
9251,0.8519,23,27
9252,0.75,33,44
9253,0.9565,22,23
9254,0.7308,19,26
9255,0.9778,44,45
9256,0.8298,39,47
9257,0.9535,41,43
9258,0.9167,44,48
9260,0.7416,66,89
9261,0.6667,2,3
9262,0.6818,15,22
9263,0.8929,25,28
9264,0.7609,35,46
9265,1.0,3,3
9266,0.7625,61,80
9267,0.8245,155,188
9268,0.6875,11,16
9269,0.68,17,25
9270,0.4444,4,9
9271,0.7436,29,39
9272,0.8889,104,117
9273,0.5417,26,48
9274,0.7778,7,9
9275,0.3864,17,44
9276,0.6667,14,21
9277,1.0,4,4
9278,0.7358,39,53
9279,0.6,3,5
9280,0.7059,24,34
9281,0.4951,51,103
9282,0.6,3,5
9283,0.8125,13,16
9284,0.25,17,68
9285,0.4286,27,63
9286,0.6,36,60
9287,0.8,4,5
9288,0.431,25,58
9289,0.9412,16,17
9290,0.1,1,10
9291,0.7333,165,225
9292,0.8889,16,18
9293,0.9167,11,12
9294,0.3673,36,98
9295,0.25,1,4
9296,0.3558,37,104
9297,1.0,11,11
9298,0.7917,57,72
9299,1.0,5,5
9300,0.5789,55,95
9301,1.0,3,3
9302,0.8571,6,7
9303,0.4783,11,23
9304,0.6,12,20
9305,0.2647,18,68
9306,0.8,8,10
9307,0.4615,24,52
9308,0.3115,19,61
9309,0.7143,20,28
9310,0.2923,19,65
9311,1.0,11,11
9312,0.5,22,44
9313,0.6316,12,19
9314,0.6327,31,49
9315,0.5333,16,30
9316,0.5556,5,9
9317,0.8333,5,6
9318,0.4872,19,39
9319,0.4,8,20
9320,0.625,15,24
9321,0.5229,80,153
9322,1.0,16,16
9323,0.8333,5,6
9324,0.0,0,1
9325,0.9362,44,47
9326,0.7941,27,34
9327,0.5667,17,30
9328,0.6909,38,55
9329,0.5294,18,34
9330,0.6667,14,21
9331,0.5,5,10
9332,0.8333,15,18
9333,0.4,2,5
9334,0.4127,26,63
9335,0.7632,29,38
9336,0.5625,36,64
9337,0.7419,23,31
9338,0.8571,6,7
9339,0.85,17,20
9340,0.7037,19,27
9341,0.6,9,15
9342,1.0,2,2
9343,0.6383,30,47
9344,0.5301,44,83
9345,0.875,7,8
9346,1.0,16,16
9347,0.5758,19,33
9348,0.5789,22,38
9349,0.5833,56,96
9350,0.9,9,10
9351,0.6,3,5
9352,1.0,14,14
9353,0.6,9,15
9354,0.6875,11,16
9355,0.6667,4,6
9356,0.3871,12,31
9357,0.7778,14,18
9358,0.3333,2,6
9359,0.7342,58,79
9360,0.6806,49,72
9361,0.7391,17,23
9362,0.466,48,103
9363,0.4375,14,32
9364,0.9524,20,21
9365,0.7692,10,13
9366,0.6923,9,13
9367,0.7368,28,38
9368,1.0,2,2
9369,0.6875,11,16
9370,0.7857,22,28
9371,0.6667,2,3
9372,0.6957,16,23
9373,0.8696,40,46
9374,0.5,2,4
9375,0.3125,5,16
9376,0.5556,10,18
9377,0.8182,18,22
9378,0.5,28,56
9379,0.8889,8,9
9380,0.697,23,33
9381,0.4691,38,81
9382,0.7188,23,32
9383,0.58,58,100
9384,0.303,10,33
9385,0.3425,25,73
9386,0.5,28,56
9387,0.3333,1,3
9388,0.8,4,5
9389,0.6304,58,92
9390,0.5326,49,92
9391,0.8333,5,6
9392,0.625,15,24
9393,0.6774,21,31
9394,0.5909,13,22
9395,0.6406,41,64
9396,0.2111,19,90
9397,0.8889,24,27
9398,0.4062,13,32
9399,0.475,19,40
9400,0.5,1,2
9401,0.6364,7,11
9402,0.5,1,2
9403,0.4923,96,195
9404,1.0,8,8
9405,0.34,17,50
9406,0.3366,34,101
9407,0.7222,26,36
9408,0.3333,2,6
9409,0.4754,29,61
9410,0.3,36,120
9411,0.5,2,4
9412,0.2619,11,42
9413,1.0,7,7
9414,1.0,3,3
9415,0.7333,22,30
9416,0.4364,24,55
9417,0.6667,4,6
9418,0.5714,8,14
9419,0.48,24,50
9420,0.4545,5,11
9422,0.2431,35,144
9423,0.1875,3,16
9424,0.8421,16,19
9425,0.5,1,2
9426,0.4211,8,19
9427,0.0,0,1
9428,0.7692,20,26
9429,0.8571,12,14
9430,0.75,3,4
9431,0.5833,7,12
9432,0.5714,4,7
9433,0.3226,20,62
9434,0.6129,38,62
9435,0.7,21,30
9437,0.6615,43,65
9438,0.4259,69,162
9439,0.7797,46,59
9440,0.5,3,6
9441,0.3333,2,6
9442,0.875,7,8
9443,0.4423,23,52
9444,0.3182,7,22
9445,0.5556,5,9
9446,0.7629,148,194
9447,0.5778,26,45
9448,0.875,7,8
9449,0.6207,18,29
9450,0.619,13,21
9451,0.3333,3,9
9452,0.2604,25,96
9453,0.8571,30,35
9454,0.9194,57,62
9455,1.0,2,2
9456,0.1667,1,6
9457,0.2727,3,11
9458,0.3143,11,35
9459,0.6,3,5
9460,0.8333,5,6
9461,0.8305,49,59
9462,0.75,3,4
9463,0.75,21,28
9464,0.6207,18,29
9465,0.7407,40,54
9466,0.6667,6,9
9467,0.5,1,2
9468,0.7273,8,11
9469,0.1613,5,31
9470,0.84,21,25
9471,0.5119,43,84
9472,1.0,8,8
9473,0.8462,11,13
9474,0.6364,7,11
9475,1.0,7,7
9476,0.6842,13,19
9477,0.4,2,5
9478,0.5631,58,103
9479,0.6667,2,3
9480,0.24,6,25
9481,0.614,35,57
9482,0.7843,40,51
9483,0.1429,3,21
9484,0.4872,19,39
9485,0.54,81,150
9486,0.3101,40,129
9487,0.8333,5,6
9488,0.619,13,21
9489,0.6622,49,74
9490,0.828,77,93
9491,0.5,17,34
9492,0.4706,8,17
9493,0.7115,37,52
9494,0.6562,21,32
9495,0.5849,31,53
9496,0.8679,92,106
9497,0.6667,44,66
9498,0.6364,7,11
9499,0.5915,84,142
9500,0.875,21,24
9501,0.6667,32,48
9502,0.5,1,2
9503,0.1875,48,256
9504,0.8333,10,12
9505,0.6585,27,41
9506,0.6667,2,3
9507,0.7143,10,14
9508,0.2206,15,68
9509,0.6,3,5
9510,0.4048,17,42
9511,0.5329,81,152
9512,0.5932,35,59
9513,0.1579,6,38
9514,0.7029,97,138
9515,0.6122,30,49
9516,0.5,3,6
9517,0.675,27,40
9518,0.9167,11,12
9519,0.3333,20,60
9520,0.8,8,10
9521,0.2697,24,89
9522,1.0,11,11
9523,0.6923,54,78
9524,0.6667,6,9
9525,0.4153,49,118
9526,0.0,0,1
9527,0.75,6,8
9528,0.625,25,40
9529,0.5591,52,93
9530,0.7586,22,29
9531,1.0,16,16
9532,0.7174,33,46
9533,0.7619,16,21
9534,0.8889,8,9
9535,0.2857,2,7
9536,0.3803,27,71
9537,0.6327,31,49
9538,0.4634,19,41
9539,0.6875,11,16
9540,0.6667,4,6
9541,1.0,3,3
9543,0.9444,17,18
9544,0.1272,50,393
9545,0.355,93,262
9546,0.75,6,8
9547,0.5,1,2
9548,0.4286,3,7
9549,0.7681,53,69
9550,0.5152,17,33
9551,0.087,4,46
9552,0.8036,45,56
9553,0.8261,19,23
9554,0.4667,14,30
9555,0.2857,4,14
9556,0.8421,16,19
9557,0.8571,6,7
9558,0.5,6,12
9559,0.8182,9,11
9560,0.7308,19,26
9561,0.4444,8,18
9562,0.8364,138,165
9563,0.106,16,151
9564,0.6667,2,3
9565,1.0,7,7
9566,0.75,6,8
9567,0.9167,11,12
9568,0.5882,20,34
9569,0.5556,15,27
9570,0.0,0,1
9571,0.6667,4,6
9572,0.8909,98,110
9573,0.5,7,14
9574,0.8043,37,46
9575,0.3636,20,55
9576,0.3333,3,9
9577,0.6446,78,121
9578,0.7143,5,7
9579,0.3077,40,130
9580,0.2692,7,26
9581,0.5,4,8
9582,0.8696,20,23
9583,0.5833,14,24
9584,0.8316,79,95
9585,0.8667,26,30
9586,0.9091,30,33
9587,0.7778,14,18
9588,0.7222,13,18
9589,0.5376,50,93
9590,0.75,9,12
9591,0.7333,11,15
9592,0.9048,19,21
9593,0.25,3,12
9594,0.8,4,5
9595,0.8182,9,11
9596,0.75,6,8
9597,1.0,1,1
9598,1.0,1,1
9599,0.6053,23,38
9600,0.875,28,32
9601,0.2857,16,56
9602,0.9231,12,13
9603,0.5,11,22
9604,0.4324,16,37
9605,0.5439,62,114
9606,0.3,6,20
9607,1.0,10,10
9608,0.8148,22,27
9609,0.7108,59,83
9610,0.2,1,5
9611,0.8421,16,19
9612,0.5946,22,37
9613,0.4844,31,64
9614,0.1389,20,144
9615,0.8929,25,28
9616,0.8462,11,13
9617,0.8,16,20
9618,0.6481,35,54
9619,0.2857,16,56
9620,0.7391,17,23
9621,0.2857,12,42
9622,0.7273,16,22
9623,0.6,3,5
9624,1.0,3,3
9625,0.9,27,30
9626,0.6667,4,6
9627,0.6875,22,32
9628,0.5981,64,107
9629,0.3143,11,35
9630,0.5604,51,91
9631,0.2703,10,37
9632,0.5952,25,42
9633,0.8333,5,6
9634,0.75,6,8
9635,0.125,2,16
9636,0.4286,3,7
9637,0.8125,13,16
9638,0.3239,23,71
9639,0.2,1,5
9640,0.413,19,46
9641,0.4286,3,7
9642,0.5283,28,53
9643,0.5714,12,21
9644,0.8,8,10
9645,0.8471,72,85
9646,0.4091,27,66
9647,0.675,27,40
9648,0.6852,37,54
9649,0.4437,63,142
9650,0.2389,43,180
9651,0.6117,63,103
9652,0.7838,58,74
9653,0.6875,22,32
9654,0.3333,29,87
9655,0.6154,24,39
9656,0.5238,11,21
9657,0.6571,23,35
9658,0.2903,18,62
9659,0.3947,30,76
9660,0.6333,19,30
9661,1.0,11,11
9662,0.5455,6,11
9663,0.4125,33,80
9664,0.7,7,10
9665,1.0,3,3
9666,0.6739,31,46
9667,0.5714,4,7
9668,0.8621,25,29
9669,0.5833,14,24
9670,0.7778,7,9
9671,0.375,15,40
9672,1.0,7,7
9673,0.5909,13,22
9674,0.75,3,4
9675,1.0,4,4
9676,1.0,19,19
9677,0.6569,67,102
9678,1.0,2,2
9679,0.5,4,8
9680,0.0,0,5
9681,0.7179,28,39
9682,0.6316,24,38
9683,0.3333,3,9
9684,0.5,1,2
9685,0.7222,13,18
9686,0.8571,24,28
9687,0.8387,26,31
9688,0.5054,47,93
9689,0.4762,20,42
9690,0.8599,135,157
9691,0.5714,4,7
9692,0.8947,34,38
9693,0.6337,64,101
9694,0.2973,11,37
9695,0.8571,6,7
9696,0.2453,13,53
9697,0.5714,4,7
9698,0.6282,49,78
9699,0.375,15,40
9700,0.6897,20,29
9701,1.0,2,2
9702,1.0,3,3
9703,0.1667,1,6
9704,0.5,1,2
9705,0.34,34,100
9707,0.5938,19,32
9708,0.7872,37,47
9709,0.4167,15,36
9710,0.75,3,4
9711,1.0,7,7
9712,0.4839,15,31
9713,0.625,10,16
9714,0.4,12,30
9715,0.7097,22,31
9716,0.6667,8,12
9717,0.2,1,5
9718,0.4643,13,28
9719,0.6286,22,35
9720,0.7105,81,114
9721,0.625,15,24
9722,0.8947,17,19
9723,0.6923,9,13
9724,0.3077,4,13
9725,0.8043,37,46
9726,1.0,10,10
9727,0.64,16,25
9728,0.8684,33,38
9729,0.5143,18,35
9730,0.3333,2,6
9731,0.9545,21,22
9732,0.2222,44,198
9733,0.0,0,9
9734,0.6071,17,28
9735,0.1429,1,7
9736,0.8033,49,61
9737,0.7429,26,35
9738,0.5417,13,24
9739,0.619,13,21
9740,0.3043,35,115
9741,1.0,12,12
9742,0.6667,18,27
9743,0.5,49,98
9744,0.6154,8,13
9745,0.8889,24,27
9746,0.3418,27,79
9747,0.375,3,8
9748,0.9423,49,52
9749,0.6071,17,28
9750,0.3158,24,76
9751,0.4,2,5
9752,0.6222,28,45
9753,0.7568,28,37
9754,0.0,0,4
9755,0.4783,11,23
9756,0.8,4,5
9757,0.9231,12,13
9758,0.8333,5,6
9759,0.4722,17,36
9760,0.5366,22,41
9761,0.3111,28,90
9762,0.3944,28,71
9763,1.0,6,6
9764,0.5,2,4
9765,0.8333,5,6
9766,0.6111,11,18
9767,0.6,15,25
9768,0.8913,41,46
9769,0.75,9,12
9770,0.7231,47,65
9771,0.7692,10,13
9772,0.6406,41,64
9773,0.5,3,6
9774,0.7,7,10
9775,0.8182,9,11
9776,0.5,23,46
9777,0.2857,2,7
9778,0.625,30,48
9779,1.0,1,1
9780,0.7879,26,33
9781,0.8421,16,19
9782,0.6364,7,11
9783,0.2857,40,140
9784,0.64,16,25
9785,0.5,1,2
9786,0.6087,14,23
9787,0.5588,19,34
9788,0.503,85,169
9789,0.8976,114,127
9790,0.4581,82,179
9791,1.0,1,1
9792,1.0,4,4
9793,0.8,12,15
9794,0.5476,23,42
9795,0.6549,74,113
9796,0.4675,36,77
9797,0.8052,62,77
9798,0.5,46,92
9799,0.4576,81,177
9800,1.0,1,1
9801,0.6579,75,114
9802,1.0,2,2
9803,0.0,0,1
9804,0.8,12,15
9805,0.96,24,25
9806,0.8182,9,11
9807,0.9167,11,12
9808,0.6333,19,30
9809,0.3333,17,51
9810,0.4211,24,57
9811,0.48,12,25
9812,0.6061,20,33
9813,0.5636,31,55
9814,0.8148,22,27
9815,0.6292,112,178
9816,1.0,5,5
9817,0.7838,29,37
9818,0.4286,9,21
9819,0.5581,24,43
9820,0.2381,5,21
9821,0.6667,4,6
9822,0.8571,6,7
9823,0.6429,18,28
9824,0.5745,27,47
9825,0.7097,66,93
9826,0.6667,16,24
9827,0.9524,20,21
9828,0.4194,52,124
9829,0.5,13,26
9830,0.5833,7,12
9831,0.6667,24,36
9832,0.4177,33,79
9833,0.6667,14,21
9834,0.6667,54,81
9835,0.3721,16,43
9836,0.0,0,1
9837,0.6,6,10
9838,0.5921,45,76
9839,0.5294,9,17
9840,0.5455,12,22
9841,0.6286,44,70
9842,0.75,3,4
9843,0.6,39,65
9844,0.8,4,5
9845,0.5,4,8
9846,0.375,3,8
9847,0.25,1,4
9848,0.8333,10,12
9849,0.3607,22,61
9850,0.7419,46,62
9851,0.6538,17,26
9852,0.4375,14,32
9853,0.8387,26,31
9854,0.037,3,81
9855,0.7778,7,9
9856,0.9412,16,17
9857,0.3448,10,29
9858,0.9655,28,29
9859,0.7778,7,9
9860,0.4444,4,9
9861,0.4333,13,30
9862,0.7879,26,33
9863,0.2523,28,111
9864,1.0,3,3
9865,0.9091,30,33
9866,0.75,6,8
9867,0.7404,77,104
9868,0.32,16,50
9869,0.8929,25,28
9870,0.4,2,5
9871,0.6471,11,17
9872,0.6667,32,48
9873,0.5,13,26
9874,0.8889,8,9
9875,0.75,3,4
9876,0.375,18,48
9877,0.1667,1,6
9878,0.8889,16,18
9879,0.7115,111,156
9880,0.5,34,68
9881,0.5,28,56
9882,0.375,27,72
9883,1.0,10,10
9884,0.5244,43,82
9885,0.5714,24,42
9886,0.3333,2,6
9887,0.8065,25,31
9888,0.6471,44,68
9889,0.9149,86,94
9890,0.8571,6,7
9891,0.5741,31,54
9892,0.3,6,20
9893,0.573,51,89
9894,1.0,1,1
9895,0.6333,19,30
9896,0.5143,18,35
9897,1.0,2,2
9898,1.0,3,3
9899,0.4935,38,77
9900,0.4516,14,31
9901,0.8095,34,42
9902,0.4487,35,78
9903,0.0,0,2
9904,0.7143,5,7
9905,0.5149,52,101
9906,0.4828,14,29
9907,1.0,17,17
9908,0.6667,2,3
9909,0.75,15,20
9910,0.3478,8,23
9911,1.0,4,4
9912,0.9091,10,11
9913,0.2222,2,9
9914,0.8,12,15
9915,0.6,3,5
9916,0.7619,32,42
9917,0.5135,38,74
9918,0.4762,10,21
9919,0.7407,20,27
9920,0.5429,19,35
9921,0.5,10,20
9922,0.4615,6,13
9923,0.5333,16,30
9924,0.5,4,8
9925,1.0,3,3
9926,0.8571,6,7
9927,0.4348,10,23
9928,0.8,8,10
9929,0.2839,44,155
9930,0.429,136,317
9931,0.8421,16,19
9932,0.7162,53,74
9933,0.1429,5,35
9934,0.697,46,66
9935,0.8095,17,21
9936,0.5714,4,7
9937,0.3,45,150
9938,0.5833,7,12
9939,0.0,0,2
9940,0.7742,24,31
9941,0.619,13,21
9942,0.5,12,24
9943,0.7647,13,17
9944,0.7097,22,31
9945,0.7872,37,47
9946,0.6818,15,22
9947,0.4767,41,86
9948,1.0,17,17
9949,1.0,25,25
9950,0.8235,14,17
9951,0.8333,10,12
9952,0.4174,101,242
9953,0.6591,29,44
9954,0.6818,15,22
9955,0.75,3,4
9956,0.3165,25,79
9957,0.6234,48,77
9958,0.46,23,50
9959,0.4066,37,91
9960,0.5833,7,12
9961,0.3333,1,3
9962,0.5556,10,18
9963,1.0,21,21
9964,0.4156,32,77
9965,0.8571,18,21
9966,0.8,4,5
9967,1.0,8,8
9968,0.8333,5,6
9969,0.6571,23,35
9970,0.597,40,67
9971,0.7692,10,13
9972,0.8,8,10
9973,0.8421,16,19
9974,0.75,9,12
9975,0.6667,6,9
9976,1.0,6,6
9977,0.3939,13,33
9978,0.3158,6,19
9979,0.6429,9,14
9980,0.5397,34,63
9981,0.623,38,61
9982,0.7857,22,28
9983,0.8235,28,34
9984,0.3158,24,76
9985,0.2973,11,37
9986,0.6,3,5
9987,0.8824,15,17
9988,0.78,39,50
9989,0.6,3,5
9990,0.8,4,5
9991,0.25,1,4
9992,0.6667,12,18
9993,0.8125,13,16
9994,1.0,8,8
9995,0.6897,20,29
9996,1.0,6,6
9997,0.3978,37,93
9998,0.5789,11,19
9999,0.9333,14,15
10000,0.9178,67,73
10001,0.4,50,125
10002,0.4643,39,84
10003,0.8649,64,74
10004,0.4,8,20
10005,0.6667,50,75
10006,0.7083,17,24
10007,0.8333,20,24
10008,0.6111,11,18
10009,0.4444,28,63
10010,0.5,5,10
10011,0.7222,13,18
10012,0.5706,97,170
10013,0.3043,14,46
10014,0.8571,30,35
10015,0.0,0,5
10016,0.8889,16,18
10017,0.3636,4,11
10018,1.0,6,6
10019,0.549,28,51
10020,0.5833,7,12
10021,0.8987,71,79
10022,0.4318,19,44
10023,0.6957,16,23
10024,0.6667,78,117
10025,0.4,14,35
10026,0.3224,79,245
10027,0.5627,148,263
10028,1.0,2,2
10029,0.75,6,8
10030,0.4667,14,30
10031,0.381,8,21
10032,0.5,3,6
10033,0.5484,17,31
10034,0.75,3,4
10035,0.6452,20,31
10036,0.5,11,22
10037,0.6538,17,26
10038,0.1667,3,18
10039,0.3548,33,93
10040,0.9333,14,15
10041,0.5172,45,87
10042,0.7857,11,14
10043,0.3462,9,26
10044,0.8095,34,42
10045,1.0,3,3
10046,0.6,6,10
10047,1.0,17,17
10048,0.8333,10,12
10049,0.5,2,4
10050,0.5833,49,84
10051,0.5185,56,108
10052,0.2,6,30
10053,0.5814,25,43
10054,0.4157,37,89
10055,0.6171,108,175
10056,0.6129,19,31
10057,0.8,4,5
10058,0.375,3,8
10059,0.6747,56,83
10060,0.7838,29,37
10061,0.7167,43,60
10062,0.375,30,80
10063,0.8333,5,6
10064,1.0,1,1
10065,0.5,5,10
10066,0.625,5,8
10067,0.3103,9,29
10068,1.0,2,2
10069,0.6667,10,15
10070,0.439,18,41
10071,0.3171,13,41
10072,0.6667,6,9
10073,0.4118,28,68
10074,0.5,3,6
10075,0.8571,12,14
10076,0.4483,13,29
10077,0.8,8,10
10078,0.4524,19,42
10079,0.5556,5,9
10080,0.8889,8,9
10081,0.25,1,4
10082,0.3333,1,3
10083,0.678,40,59
10084,0.7,7,10
10085,0.4103,64,156
10086,0.49,98,200
10087,0.8182,9,11
10088,0.1667,4,24
10089,0.6471,22,34
10090,0.6667,4,6
10091,0.75,3,4
10092,0.087,4,46
10093,0.75,6,8
10094,0.8571,30,35
10095,0.9429,66,70
10096,0.4444,4,9
10097,0.4783,11,23
10098,0.954,83,87
10099,0.1966,23,117
10100,0.8846,23,26
10101,0.625,15,24
10102,0.4,4,10
10103,0.2805,23,82
10104,0.2619,11,42
10105,0.4118,7,17
10106,0.6324,43,68
10107,0.8571,36,42
10108,0.8182,18,22
10109,0.3115,19,61
10110,0.4324,16,37
10111,0.5484,17,31
10112,0.4595,34,74
10113,0.7778,7,9
10114,0.4286,3,7
10115,0.52,13,25
10116,0.7,14,20
10117,0.5312,17,32
10118,0.2174,5,23
10119,0.5545,56,101
10120,0.8929,25,28
10121,0.8016,101,126
10122,1.0,5,5
10123,0.3939,13,33
10124,1.0,2,2
10125,0.625,10,16
10126,0.75,12,16
10127,0.4286,9,21
10128,0.3125,10,32
10129,0.5472,58,106
10130,1.0,2,2
10131,0.8333,45,54
10132,0.5714,4,7
10133,0.7333,22,30
10134,0.9375,15,16
10135,0.5909,13,22
10136,0.7778,21,27
10137,0.6667,14,21
10138,0.6471,11,17
10139,0.38,19,50
10140,0.4167,25,60
10141,0.6585,27,41
10142,0.7,14,20
10143,0.625,10,16
10144,0.9333,14,15
10145,0.7143,10,14
10146,0.5143,18,35
10147,0.5714,4,7
10148,0.8889,8,9
10149,1.0,33,33
10150,0.8276,24,29
10151,0.3333,9,27
10152,0.6897,20,29
10153,0.8,4,5
10154,0.6071,17,28
10155,0.2,5,25
10156,0.4878,20,41
10157,0.3913,18,46
10158,0.4054,15,37
10159,0.96,48,50
10160,0.5,26,52
10161,0.6486,24,37
10162,0.4545,10,22
10163,0.4762,10,21
10164,0.5886,93,158
10165,0.7083,34,48
10166,0.6667,30,45
10167,0.875,28,32
10168,0.4091,9,22
10169,0.4409,41,93
10170,0.1818,6,33
10171,0.4936,77,156
10172,0.5094,27,53
10173,0.5652,39,69
10174,0.4754,29,61
10175,0.8644,51,59
10176,0.5,3,6
10177,0.3333,10,30
10178,0.6822,88,129
10179,0.7059,72,102
10180,1.0,4,4
10181,0.381,8,21
10182,0.5606,37,66
10183,0.7647,26,34
10184,1.0,1,1
10185,0.4603,29,63
10186,0.6522,15,23
10187,0.4419,19,43
10188,0.8333,5,6
10189,0.413,19,46
10190,0.8,16,20
10191,0.1429,2,14
10192,0.48,12,25
10193,1.0,4,4
10194,0.8571,6,7
10195,0.625,20,32
10196,0.7368,14,19
10197,0.8,4,5
10198,0.4769,31,65
10199,1.0,24,24
10200,0.4167,5,12
10201,0.8333,10,12
10202,0.3077,4,13
10203,0.5,30,60
10204,0.5556,10,18
10205,0.5042,120,238
10206,0.7407,20,27
10207,0.2676,19,71
10208,0.5,3,6
10209,0.9231,12,13
10210,1.0,6,6
10211,1.0,2,2
10212,0.4286,12,28
10213,0.3279,40,122
10214,0.3,3,10
10215,0.4828,14,29
10216,0.6774,21,31
10217,0.7391,17,23
10218,0.381,8,21
10219,0.8182,9,11
10220,0.7959,39,49
10221,0.7143,10,14
10222,0.2857,2,7
10223,1.0,5,5
10224,0.3939,52,132
10225,0.7714,27,35
10226,0.7895,15,19
10227,0.5909,13,22
10228,0.5758,19,33
10229,0.8772,100,114
10230,0.7059,12,17
10231,0.2812,9,32
10233,0.8333,15,18
10234,0.8182,9,11
10235,0.8,4,5
10236,1.0,5,5
10237,1.0,9,9
10238,0.6364,14,22
10239,0.0769,1,13
10240,0.75,3,4
10241,0.7368,14,19
10242,0.5652,13,23
10243,0.75,27,36
10244,0.2647,9,34
10245,0.7692,10,13
10246,1.0,5,5
10247,0.6667,2,3
10248,0.8427,75,89
10249,0.8077,21,26
10250,0.8889,16,18
10251,0.3871,12,31
10252,0.7647,26,34
10253,0.5,4,8
10254,0.6667,2,3
10255,0.5,12,24
10256,0.5,1,2
10257,0.6667,4,6
10258,1.0,8,8
10259,0.7368,14,19
10260,0.6429,9,14
10261,0.96,24,25
10262,0.2439,20,82
10263,0.4255,40,94
10264,0.4667,7,15
10265,0.8421,16,19
10266,0.625,15,24
10267,0.3182,7,22
10268,0.503,84,167
10269,0.1887,10,53
10270,0.7216,70,97
10271,0.5153,84,163
10272,0.8966,26,29
10273,0.5714,4,7
10274,0.5,1,2
10275,0.4815,26,54
10276,0.39,39,100
10277,0.75,9,12
10278,0.875,7,8
10279,0.6857,24,35
10280,0.5038,66,131
10281,0.8182,9,11
10282,0.5833,35,60
10283,0.0,0,2
10284,0.56,14,25
10285,0.3333,1,3
10286,0.7,7,10
10287,0.495,50,101
10288,0.5556,5,9
10289,0.5851,55,94
10290,0.6923,9,13
10291,0.5872,64,109
10292,0.4902,75,153
10293,0.5217,24,46
10294,1.0,1,1
10295,0.5405,40,74
10296,0.6316,24,38
10297,0.8571,6,7
10298,0.4872,19,39
10299,0.6923,9,13
10300,0.7667,46,60
10301,0.5185,14,27
10302,0.6667,2,3
10303,0.55,176,320
10304,0.625,15,24
10305,0.625,5,8
10306,0.3226,10,31
10307,0.55,33,60
10308,0.9259,75,81
10309,0.9143,64,70
10310,0.619,13,21
10311,0.8571,6,7
10312,0.4074,22,54
10313,0.8846,23,26
10314,0.7976,67,84
10315,1.0,2,2
10316,0.4444,4,9
10317,0.4107,23,56
10318,0.6667,4,6
10319,0.5,12,24
10320,0.5,4,8
10321,0.3658,173,473
10322,0.5,10,20
10323,0.9184,45,49
10324,0.875,7,8
10325,1.0,3,3
10326,0.5,3,6
10327,0.4118,28,68
10328,1.0,7,7
10329,0.5625,63,112
10330,0.2826,13,46
10331,0.2414,21,87
10332,0.6842,13,19
10333,1.0,7,7
10334,0.8333,5,6
10335,0.625,5,8
10336,0.4375,28,64
10337,0.4524,19,42
10338,0.5238,66,126
10339,0.3699,54,146
10340,0.875,7,8
10341,0.325,26,80
10342,0.7692,10,13
10343,0.625,5,8
10344,0.75,3,4
10345,0.75,3,4
10346,0.25,11,44
10347,0.8158,31,38
10348,0.7451,38,51
10349,1.0,5,5
10350,1.0,12,12
10351,0.48,12,25
10352,0.8478,39,46
10353,0.9333,56,60
10354,0.4,22,55
10355,0.5366,22,41
10356,0.8085,38,47
10357,0.5667,34,60
10358,1.0,1,1
10359,0.6984,44,63
10360,0.7255,37,51
10361,0.3387,21,62
10362,0.75,3,4
10363,1.0,11,11
10364,0.7,7,10
10365,0.4701,63,134
10366,0.5,11,22
10367,0.8125,13,16
10368,0.8667,26,30
10369,0.3611,13,36
10370,0.6667,2,3
10371,0.6667,6,9
10372,0.6667,6,9
10373,0.5405,20,37
10374,0.8519,46,54
10375,0.25,1,4
10376,0.6333,19,30
10377,0.5,16,32
10378,0.5152,17,33
10379,0.3636,28,77
10380,0.4576,27,59
10381,0.8889,16,18
10383,0.7119,42,59
10384,0.9474,18,19
10385,0.663,61,92
10386,0.8333,10,12
10387,0.7532,58,77
10388,0.46,23,50
10389,0.6115,159,260
10390,0.8,4,5
10391,0.9444,17,18
10392,0.8333,5,6
10393,0.5079,32,63
10394,1.0,8,8
10395,0.4091,9,22
10396,0.8281,53,64
10397,0.8235,14,17
10398,0.3318,70,211
10399,0.3857,54,140
10400,1.0,6,6
10401,0.9333,28,30
10402,0.6786,19,28
10403,0.5833,14,24
10404,0.5769,15,26
10405,0.4643,13,28
10406,0.9,9,10
10407,0.2277,23,101
10408,0.6531,32,49
10409,0.8182,9,11
10410,0.5,11,22
10411,0.6,3,5
10412,0.3945,43,109
10413,0.92,23,25
10414,0.0,0,2
10415,0.6,3,5
10416,0.9286,13,14
10417,0.4211,8,19
10418,0.3,30,100
10419,0.7215,57,79
10420,1.0,3,3
10421,0.8696,20,23
10422,0.3929,22,56
10423,0.5051,50,99
10424,0.3333,3,9
10425,0.6667,2,3
10426,0.7586,22,29
10427,1.0,9,9
10428,1.0,15,15
10429,0.4286,6,14
10430,0.6,48,80
10431,0.5873,37,63
10432,0.9231,12,13
10433,0.7308,57,78
10434,0.3247,88,271
10435,0.2521,30,119
10436,1.0,28,28
10437,0.6646,109,164
10438,1.0,3,3
10439,0.3478,8,23
10440,0.5,8,16
10441,0.6098,25,41
10442,0.2857,6,21
10443,0.4717,100,212
10444,0.6905,29,42
10445,0.3333,1,3
10446,0.5814,50,86
10447,0.2692,14,52
10448,0.4875,39,80
10449,0.6667,2,3
10450,0.8571,6,7
10451,0.4375,7,16
10452,0.7237,55,76
10453,0.7273,64,88
10454,0.5,2,4
10455,0.625,10,16
10456,0.7436,29,39
10457,0.8889,8,9
10458,0.1837,9,49
10459,0.8182,36,44
10460,0.7143,95,133
10461,0.6667,18,27
10462,0.5758,57,99
10463,0.5,5,10
10464,0.6667,20,30
10465,0.4961,64,129
10466,0.6667,4,6
10467,0.3333,4,12
10468,0.5,4,8
10469,0.9565,22,23
10470,0.4815,26,54
10471,1.0,4,4
10472,0.4848,16,33
10473,0.5,4,8
10474,1.0,6,6
10475,0.75,3,4
10476,0.0,0,4
10478,0.7143,10,14
10479,0.75,3,4
10480,0.4615,6,13
10481,0.604,61,101
10482,0.7647,13,17
10483,1.0,2,2
10484,0.8571,6,7
10485,0.6667,10,15
10486,0.8472,61,72
10487,0.6413,59,92
10488,0.0,0,1
10489,0.898,88,98
10490,0.4688,15,32
10491,0.5,6,12
10492,0.0,0,1
10493,0.7778,42,54
10494,0.875,14,16
10495,0.875,56,64
10496,0.6667,4,6
10497,0.6989,65,93
10498,0.75,21,28
10499,0.7917,19,24
10500,1.0,1,1
10501,0.4902,25,51
10502,0.625,20,32
10503,0.3143,11,35
10504,0.3462,9,26
10505,0.7391,17,23
10506,0.1605,13,81
10507,0.6,3,5
10508,1.0,6,6
10509,0.6154,8,13
10510,0.6111,11,18
10511,0.381,8,21
10512,0.8,4,5
10513,0.8571,42,49
10514,0.3176,47,148
10515,0.8056,29,36
10516,0.8333,5,6
10517,0.8718,34,39
10518,0.5676,21,37
10519,0.625,35,56
10520,0.7949,31,39
10521,0.4759,79,166
10522,0.6,6,10
10523,0.3758,56,149
10524,0.3,3,10
10525,0.8,16,20
10526,0.6909,38,55
10527,0.6441,38,59
10528,0.25,4,16
10529,0.5,3,6
10530,0.7368,14,19
10531,0.4,10,25
10532,0.5641,22,39
10533,0.7097,22,31
10534,0.4464,75,168
10535,0.6545,36,55
10536,0.75,3,4
10537,0.3824,13,34
10538,0.3333,1,3
10539,0.6207,18,29
10540,0.6042,87,144
10541,0.9184,45,49
10542,0.4,24,60
10543,0.7188,23,32
10544,0.4,2,5
10545,0.8077,42,52
10546,1.0,16,16
10547,0.5227,23,44
10548,0.8462,11,13
10549,0.5769,75,130
10550,0.7143,25,35
10551,0.4828,14,29
10552,0.4762,10,21
10553,0.2708,65,240
10554,0.8,4,5
10555,0.6486,24,37
10556,0.76,19,25
10557,0.6,21,35
10558,0.8947,17,19
10559,0.4286,3,7
10560,0.3036,75,247
10561,0.8,4,5
10562,0.2941,5,17
10563,0.5102,25,49
10564,0.0,0,1
10565,0.6818,15,22
10566,1.0,11,11
10567,0.7,7,10
10568,0.9231,24,26
10569,0.6,12,20
10570,0.6667,8,12
10571,0.5753,42,73
10572,0.3182,7,22
10573,0.7304,84,115
10574,0.8889,8,9
10575,0.0625,1,16
10576,0.5,3,6
10577,0.7368,28,38
10578,0.3333,9,27
10579,0.4524,19,42
10580,0.5333,8,15
10581,0.1769,49,277
10582,0.5278,19,36
10583,0.5,3,6
10584,0.3125,10,32
10585,0.7179,28,39
10586,0.7143,5,7
10587,0.369,31,84
10588,0.4057,71,175
10589,0.6078,31,51
10590,0.875,7,8
10591,0.625,20,32
10592,0.5484,17,31
10593,0.4054,15,37
10594,1.0,4,4
10595,0.6316,24,38
10596,0.7241,21,29
10597,0.75,9,12
10598,0.5057,44,87
10599,0.7031,45,64
10600,0.6667,2,3
10601,0.6364,7,11
10602,0.3077,4,13
10603,0.65,26,40
10604,0.7917,19,24
10605,0.7229,60,83
10606,0.9167,22,24
10607,0.77,77,100
10608,0.5161,16,31
10609,0.5,2,4
10611,0.6296,17,27
10612,0.8214,46,56
10613,0.6207,18,29
10614,0.3333,8,24
10615,0.7586,22,29
10616,0.7766,73,94
10617,1.0,1,1
10618,0.7,14,20
10619,0.6167,37,60
10620,0.8824,30,34
10621,0.614,70,114
10622,0.027,3,111
10623,0.4167,10,24
10624,0.6311,77,122
10625,0.3889,14,36
10626,0.6111,11,18
10627,0.65,104,160
10628,0.5625,18,32
10629,0.3433,23,67
10630,0.4,8,20
10631,1.0,4,4
10632,0.75,9,12
10633,0.4545,5,11
10634,0.64,16,25
10635,0.3947,15,38
10636,0.75,3,4
10637,0.8571,12,14
10638,0.4468,21,47
10639,0.6286,22,35
10641,0.4409,41,93
10642,0.5,27,54
10643,0.9655,28,29
10644,1.0,5,5
10645,0.6667,16,24
10646,0.1556,14,90
10647,0.9333,14,15
10648,0.92,23,25
10649,0.4221,65,154
10650,0.5714,4,7
10651,0.1009,34,337
10652,0.8333,25,30
10653,0.7,14,20
10654,0.3077,4,13
10655,1.0,3,3
10656,0.7273,8,11
10657,1.0,1,1
10658,0.0,0,25
10659,0.7064,77,109
10660,0.9091,10,11
10661,0.8832,121,137
10662,0.4253,37,87
10663,0.55,11,20
10664,0.3509,20,57
10665,1.0,2,2
10666,0.75,6,8
10667,0.8571,6,7
10668,0.5938,19,32
10669,0.4516,14,31
10670,0.3182,56,176
10671,0.3793,22,58
10672,0.3542,17,48
10673,0.717,38,53
10674,0.9429,33,35
10675,0.5,2,4
10676,0.8936,42,47
10677,0.32,8,25
10678,0.4197,128,305
10679,0.6471,11,17
10680,0.4211,8,19
10681,0.92,46,50
10682,0.2404,25,104
10683,0.6216,69,111
10684,0.7143,10,14
10685,0.7188,23,32
10686,0.7857,33,42
10687,0.7273,8,11
10688,0.8889,16,18
10689,0.9,9,10
10690,0.5,2,4
10691,0.84,21,25
10692,0.4062,13,32
10693,0.6,15,25
10694,0.7534,55,73
10695,0.9231,12,13
10696,0.92,23,25
10697,0.3333,1,3
10698,0.4074,11,27
10699,0.2973,22,74
10700,0.1562,10,64
10701,0.9143,32,35
10702,0.9091,10,11
10703,0.4286,3,7
10704,0.6901,49,71
10705,0.7885,41,52
10706,0.5,1,2
10707,0.4324,16,37
10708,0.3571,20,56
10709,0.8182,18,22
10710,0.4348,10,23
10711,0.2308,21,91
10712,0.5833,56,96
10713,0.5556,40,72
10714,0.0,0,3
10715,0.4706,48,102
10716,0.2482,34,137
10717,0.75,3,4
10718,0.5238,11,21
10719,0.9545,21,22
10720,0.4583,11,24
10721,0.6277,86,137
10722,1.0,7,7
10723,0.9412,16,17
10724,0.4737,18,38
10725,1.0,3,3
10726,0.5,3,6
10727,0.5187,97,187
10728,0.4889,22,45
10729,0.8333,5,6
10730,0.7391,34,46
10731,0.05,2,40
10732,0.3347,79,236
10733,0.6204,85,137
10734,0.6,3,5
10735,0.7857,11,14
10736,0.56,14,25
10737,0.5714,4,7
10738,0.0,0,5
10739,0.5,2,4
10740,0.3182,7,22
10741,0.8889,16,18
10742,0.6667,12,18
10743,1.0,2,2
10744,0.5556,35,63
10745,0.6957,16,23
10746,0.7273,8,11
10747,0.6842,13,19
10748,0.8571,6,7
10749,0.9412,16,17
10750,0.5,4,8
10751,0.4286,3,7
10752,0.4658,34,73
10753,0.8767,64,73
10754,0.3409,15,44
10755,0.8182,9,11
10756,0.5,7,14
10757,0.9,9,10
10758,0.5977,52,87
10759,0.4375,49,112
10760,0.6029,41,68
10761,0.2456,98,399
10762,0.5534,57,103
10763,0.6154,8,13
10764,1.0,8,8
10765,0.96,24,25
10766,0.2381,5,21
10767,0.75,9,12
10768,0.2,4,20
10769,1.0,7,7
10770,0.4706,8,17
10771,0.7143,5,7
10772,0.7143,30,42
10773,0.7647,39,51
10774,0.6506,54,83
10775,0.4545,10,22
10776,0.3333,16,48
10777,0.7,7,10
10778,0.5143,18,35
10779,0.2,2,10
10780,0.1111,1,9
10781,0.416,52,125
10782,0.5918,29,49
10783,0.65,39,60
10784,0.4545,5,11
10785,0.5789,22,38
10786,0.5116,22,43
10787,1.0,5,5
10788,0.459,28,61
10789,0.7895,15,19
10790,0.5532,26,47
10791,0.75,3,4
10792,0.32,8,25
10793,0.303,10,33
10794,0.75,9,12
10795,0.3333,7,21
10796,0.8077,21,26
10797,0.431,25,58
10798,0.5,1,2
10799,0.2703,10,37
10800,0.75,3,4
10801,0.9,18,20
10802,0.5385,49,91
10803,0.6875,44,64
10804,0.8333,45,54
10805,1.0,12,12
10806,0.913,21,23
10807,0.8,20,25
10808,0.5385,21,39
10809,0.9091,30,33
10810,0.5873,37,63
10811,0.5,25,50
10812,0.7917,19,24
10813,0.5577,29,52
10814,0.625,15,24
10815,0.8421,16,19
10816,0.4444,4,9
10817,0.6957,16,23
10818,0.75,18,24
10819,0.8571,12,14
10820,0.4375,14,32
10821,0.6699,69,103
10822,0.6269,42,67
10823,0.5652,26,46
10824,0.3548,11,31
10825,0.4242,14,33
10826,0.4167,5,12
10827,0.8913,41,46
10828,1.0,4,4
10829,0.6575,96,146
10830,1.0,3,3
10831,0.642,52,81
10832,0.7143,5,7
10833,0.8,12,15
10834,0.5,19,38
10835,0.5333,16,30
10836,1.0,5,5
10837,0.7619,16,21
10838,0.3333,1,3
10840,0.2581,8,31
10841,0.5,4,8
10842,0.5714,4,7
10843,1.0,3,3
10844,0.6429,27,42
10845,0.7,7,10
10847,0.5636,31,55
10848,0.6242,98,157
10849,0.0,0,8
10850,0.411,30,73
10851,0.3333,1,3
10852,1.0,3,3
10853,0.8182,9,11
10854,0.6923,9,13
10855,0.4756,39,82
10856,0.3,9,30
10857,0.9,18,20
10858,0.75,15,20
10859,0.7778,7,9
10860,0.45,9,20
10861,1.0,4,4
10862,1.0,2,2
10863,0.4545,30,66
10864,0.6438,47,73
10865,0.3188,22,69
10866,0.2645,32,121
10867,0.7647,13,17
10868,0.45,9,20
10869,0.434,23,53
10870,1.0,2,2
10871,0.6,3,5
10872,0.8125,13,16
10873,0.6,12,20
10874,1.0,7,7
10875,0.4615,6,13
10876,0.8889,16,18
10877,0.8,16,20
10878,0.8182,18,22
10879,0.8,4,5
10880,0.4746,28,59
10881,0.9167,11,12
10882,0.4486,48,107
10883,0.5227,23,44
10884,0.2727,3,11
10885,1.0,1,1
10886,0.4118,21,51
10887,0.5172,75,145
10888,0.7917,19,24
10889,0.8605,37,43
10890,0.7857,11,14
10891,0.8095,17,21
10892,0.6176,42,68
10893,0.6667,8,12
10894,0.6667,2,3
10895,0.6667,2,3
10896,0.7679,43,56
10897,0.1364,6,44
10898,0.4062,26,64
10899,0.7333,11,15
10900,0.9574,45,47
10901,0.6731,35,52
10903,0.5455,6,11
10904,0.7826,18,23
10905,0.6102,36,59
10906,0.3524,80,227
10907,0.8413,53,63
10908,0.9231,12,13
10909,0.451,23,51
10910,0.6154,24,39
10911,1.0,1,1
10912,0.7681,53,69
10913,0.7143,15,21
10914,1.0,6,6
10915,0.7,7,10
10916,0.6066,111,183
10917,0.3913,9,23
10918,0.7273,8,11
10919,0.5714,8,14
10920,0.8276,72,87
10921,0.8333,10,12
10922,0.7436,29,39
10923,0.4444,4,9
10924,0.3333,5,15
10925,0.2348,27,115
10926,0.7391,17,23
10927,0.7778,7,9
10928,0.4167,10,24
10929,1.0,3,3
10930,0.5,18,36
10931,0.9826,113,115
10932,0.4167,10,24
10933,1.0,1,1
10934,0.6984,44,63
10935,0.4043,19,47
10936,1.0,2,2
10937,0.366,56,153
10938,0.4643,13,28
10939,1.0,20,20
10940,0.4225,60,142
10941,1.0,1,1
10942,0.8462,11,13
10943,0.5064,79,156
10944,0.8108,30,37
10945,0.75,3,4
10946,0.6,6,10
10947,0.6364,14,22
10948,0.6667,4,6
10949,0.4754,29,61
10950,0.7143,10,14
10951,0.5096,53,104
10952,0.6267,47,75
10953,0.4388,61,139
10954,0.8182,9,11
10955,1.0,4,4
10956,0.75,12,16
10957,0.75,33,44
10958,0.4419,19,43
10959,0.875,7,8
10960,0.7368,14,19
10961,1.0,4,4
10962,0.871,27,31
10963,0.4242,14,33
10964,0.4,12,30
10965,0.1429,1,7
10966,0.8871,55,62
10967,0.4643,13,28
10968,0.2857,12,42
10969,0.7143,15,21
10970,0.619,13,21
10971,0.8077,21,26
10972,0.6585,27,41
10973,0.7778,14,18
10974,0.5195,40,77
10975,0.8387,26,31
10976,0.9,9,10
10977,0.4796,47,98
10978,0.4732,53,112
10979,0.4138,12,29
10980,0.5862,34,58
10981,0.5,1,2
10982,0.5806,18,31
10983,0.1667,1,6
10984,0.75,6,8
10985,0.6389,23,36
10986,0.303,10,33
10987,1.0,8,8
10988,0.4773,21,44
10989,0.5578,140,251
10990,0.2857,36,126
10991,0.7778,7,9
10992,0.9,36,40
10993,0.0,0,2
10994,0.7917,19,24
10995,0.4767,41,86
10996,1.0,3,3
10997,1.0,8,8
10998,0.6667,4,6
10999,0.5167,31,60
11000,0.7,14,20
11001,0.6429,9,14
11002,0.3889,14,36
11003,0.3,12,40
11004,0.8,4,5
11005,0.9028,65,72
11006,0.7333,11,15
11007,1.0,12,12
11008,0.8889,8,9
11009,0.3333,8,24
11010,0.6818,15,22
11011,0.4444,16,36
11012,0.4615,6,13
11013,0.5556,10,18
11014,0.203,40,197
11015,0.6757,50,74
11016,0.6944,25,36
11017,0.85,17,20
11018,0.6667,4,6
11019,0.3947,15,38
11020,0.2727,21,77
11021,0.5132,39,76
11022,0.8667,26,30
11023,0.4091,9,22
11024,0.9048,19,21
11025,0.1304,3,23
11026,0.8966,26,29
11027,0.4,6,15
11028,0.5974,46,77
11029,0.72,18,25
11030,0.8,4,5
11031,0.8814,52,59
11032,0.25,1,4
11033,0.75,54,72
11034,0.9412,16,17
11035,0.5366,44,82
11036,0.6308,41,65
11037,0.4359,17,39
11038,0.8966,52,58
11039,0.4545,10,22
11040,0.8,4,5
11041,1.0,7,7
11042,0.6774,21,31
11043,0.5,4,8
11044,0.5417,26,48
11045,0.4,2,5
11046,1.0,3,3
11047,0.5,1,2
11048,0.4062,13,32
11049,0.8571,12,14
11050,0.6111,22,36
11051,0.9286,13,14
11052,0.5625,18,32
11053,0.0,0,1
11055,0.25,5,20
11057,0.7037,19,27
11058,0.7778,14,18
11059,0.7143,5,7
11060,1.0,8,8
11061,0.2308,6,26
11062,0.3939,13,33
11063,1.0,7,7
11064,0.2,1,5
11065,0.7692,30,39
11066,0.71,71,100
11067,0.4918,30,61
11068,0.5,37,74
11069,0.75,12,16
11070,0.7037,19,27
11071,1.0,5,5
11072,0.625,5,8
11073,0.4333,26,60
11074,0.3808,91,239
11075,0.4211,16,38
11076,0.5424,32,59
11077,0.875,7,8
11078,0.7037,19,27
11079,0.7143,5,7
11080,0.5833,7,12
11081,0.0993,15,151
11082,0.8,32,40
11083,0.75,12,16
11085,0.45,9,20
11086,0.5714,8,14
11088,0.7297,27,37
11089,0.6949,41,59
11090,0.3846,50,130
11091,0.4167,5,12
11092,0.7037,38,54
11093,0.7895,15,19
11094,0.725,29,40
11095,1.0,6,6
11096,1.0,25,25
11097,0.9167,55,60
11098,0.6667,2,3
11099,0.5584,43,77
11100,0.5,5,10
11101,0.9167,44,48
11102,0.8333,10,12
11103,1.0,16,16
11104,0.4375,35,80
11105,0.7073,29,41
11106,0.6667,4,6
11107,0.619,13,21
11108,1.0,14,14
11109,0.84,21,25
11110,0.3208,34,106
11111,0.8333,20,24
11112,0.1081,4,37
11113,0.7857,22,28
11114,0.6,24,40
11115,0.3467,26,75
11116,0.6429,9,14
11117,0.5269,49,93
11118,0.5556,20,36
11119,0.7059,12,17
11120,0.6667,18,27
11121,0.6571,23,35
11122,0.4286,3,7
11123,0.3535,35,99
11124,0.0,0,1
11125,0.5303,35,66
11126,0.4,2,5
11127,0.8571,6,7
11128,0.375,3,8
11129,1.0,1,1
11130,0.8718,34,39
11131,1.0,3,3
11132,0.6458,31,48
11133,0.7576,25,33
11134,0.375,33,88
11136,0.8947,17,19
11137,0.7027,26,37
11138,0.6667,2,3
11139,0.8,20,25
11140,0.4118,14,34
11141,0.6667,4,6
11142,0.8788,29,33
11143,0.6,6,10
11144,0.4,14,35
11145,0.72,54,75
11146,0.375,3,8
11147,0.8,4,5
11148,0.9375,15,16
11149,0.5,2,4
11150,0.5926,16,27
11151,0.2222,2,9
11152,0.4182,69,165
11153,1.0,8,8
11154,0.6638,77,116
11155,0.578,63,109
11156,0.7273,8,11
11157,0.7255,37,51
11158,0.7931,23,29
11159,0.5714,12,21
11160,0.25,2,8
11161,0.7941,27,34
11162,0.1905,4,21
11163,0.6923,9,13
11164,0.7778,7,9
11165,0.5205,38,73
11166,0.4261,49,115
11167,0.1667,1,6
11168,0.6,15,25
11169,0.2632,5,19
11170,0.25,1,4
11171,0.6552,19,29
11172,0.6667,4,6
11173,1.0,2,2
11174,0.6923,9,13
11175,0.7073,29,41
11176,0.9286,13,14
11177,0.9077,59,65
11178,0.7333,11,15
11179,1.0,1,1
11180,0.5789,11,19
11181,0.1071,3,28
11182,0.5741,31,54
11183,0.8214,23,28
11184,0.8148,66,81
11185,0.3333,1,3
11186,0.56,14,25
11187,0.2857,26,91
11188,0.6377,44,69
11189,0.726,53,73
11190,0.5556,25,45
11191,1.0,11,11
11192,0.56,28,50
11193,0.6207,36,58
11194,0.6452,20,31
11195,0.2,1,5
11196,0.3451,39,113
11197,0.5054,94,186
11198,0.8889,8,9
11199,0.8929,25,28
11200,0.96,24,25
11201,0.5,1,2
11202,1.0,11,11
11203,0.8571,18,21
11204,0.5625,9,16
11205,0.5909,13,22
11206,0.7059,12,17
11207,0.0,0,1
11208,0.871,27,31
11209,0.5789,11,19
11210,0.8333,10,12
11211,1.0,9,9
11212,0.4603,29,63
11213,1.0,4,4
11214,0.35,21,60
11215,0.3333,1,3
11216,0.8,20,25
11217,0.5875,94,160
11218,0.5441,37,68
11219,1.0,1,1
11220,0.5385,14,26
11222,0.6667,2,3
11223,0.8537,35,41
11224,0.5075,34,67
11225,0.5,4,8
11226,0.7222,26,36
11227,0.8333,10,12
11228,0.4392,83,189
11229,0.6333,133,210
11230,0.7883,108,137
11231,1.0,10,10
11232,0.8571,6,7
11233,0.6538,17,26
11234,0.9286,26,28
11235,0.8205,32,39
11236,0.5,5,10
11237,0.7826,72,92
11238,0.6129,19,31
11239,0.7632,29,38
11240,0.2708,13,48
11241,0.625,5,8
11242,0.7647,13,17
11243,0.9167,11,12
11244,0.8889,8,9
11245,0.5745,27,47
11246,0.3584,62,173
11247,0.25,5,20
11248,0.6038,32,53
11249,0.6364,14,22
11250,0.88,22,25
11251,0.4587,50,109
11252,0.963,26,27
11253,0.6047,26,43
11254,0.6049,98,162
11255,0.48,12,25
11256,0.0,0,2
11257,0.3854,37,96
11258,0.4375,63,144
11259,0.6627,55,83
11260,0.5652,39,69
11261,0.6667,10,15
11262,0.7778,7,9
11263,0.4677,29,62
11264,0.6364,7,11
11265,0.5,10,20
11266,0.5417,13,24
11267,0.7447,35,47
11268,0.2075,11,53
11269,0.3448,10,29
11270,0.6667,10,15
11271,0.5,7,14
11272,0.5405,20,37
11273,0.6667,4,6
11274,0.3226,20,62
11275,0.8235,28,34
11276,0.875,14,16
11277,0.6471,11,17
11278,0.8,8,10
11279,0.25,1,4
11280,0.8261,19,23
11281,0.5,20,40
11282,0.5,4,8
11283,0.7305,122,167
11284,0.1667,6,36
11285,0.8929,25,28
11286,0.8333,10,12
11287,0.5455,6,11
11288,0.814,35,43
11289,0.3529,6,17
11290,0.84,21,25
11291,0.5,2,4
11292,0.4662,69,148
11293,0.8,28,35
11294,0.0,0,1
11295,0.8571,12,14
11296,0.0,0,5
11297,0.5385,7,13
11298,0.5714,4,7
11299,0.375,30,80
11300,0.75,3,4
11301,0.625,5,8
11302,0.75,3,4
11303,0.6154,8,13
11304,0.5051,50,99
11305,0.76,19,25
11306,0.2887,41,142
11307,0.6296,17,27
11308,0.6892,51,74
11309,0.5227,23,44
11310,0.619,13,21
11311,0.6923,36,52
11312,0.6667,8,12
11313,0.5,20,40
11314,0.4688,75,160
11315,0.1204,13,108
11316,0.4412,45,102
11317,0.4,2,5
11318,0.4889,66,135
11319,0.5152,68,132
11320,0.4545,10,22
11321,0.8571,6,7
11322,1.0,22,22
11323,0.6471,11,17
11324,0.5,5,10
11325,0.5435,25,46
11326,1.0,39,39
11327,0.3158,6,19
11328,0.5556,5,9
11329,0.7419,46,62
11330,0.8,12,15
11331,0.7895,15,19
11332,0.5,2,4
11333,0.2754,46,167
11334,0.5,2,4
11335,0.875,14,16
11336,0.4,4,10
11337,1.0,15,15
11338,0.697,23,33
11339,0.5556,5,9
11340,0.8571,12,14
11341,0.5,20,40
11342,0.72,18,25
11343,0.4796,47,98
11344,1.0,8,8
11345,0.6848,63,92
11346,0.5,1,2
11347,0.5467,41,75
11348,0.5739,101,176
11349,0.5,2,4
11350,0.7259,98,135
11351,0.875,7,8
11352,0.5333,8,15
11353,0.8333,5,6
11354,0.3333,9,27
11355,0.5789,11,19
11356,0.5,2,4
11357,0.8434,70,83
11358,0.6,3,5
11359,0.7143,10,14
11360,0.56,14,25
11361,0.34,17,50
11362,0.8182,9,11
11363,0.8182,54,66
11364,0.88,22,25
11365,0.6585,27,41
11366,0.1286,9,70
11367,0.4459,33,74
11368,0.6786,19,28
11369,0.2727,9,33
11370,0.1429,2,14
11371,0.8947,17,19
11372,0.0,0,2
11373,0.5,6,12
11374,0.4444,8,18
11375,0.875,14,16
11376,0.6,12,20
11377,0.2571,9,35
11378,0.9096,161,177
11379,0.3421,13,38
11380,0.9268,38,41
11381,0.4444,32,72
11382,0.75,30,40
11383,0.5556,15,27
11384,0.4545,15,33
11385,0.7778,7,9
11386,0.7273,16,22
11387,0.5882,10,17
11388,0.5682,25,44
11389,0.7647,13,17
11390,0.6,3,5
11391,0.9231,12,13
11392,0.1818,2,11
11393,0.0921,22,239
11394,0.5,2,4
11395,0.375,9,24
11396,0.2727,6,22
11397,0.5128,20,39
11398,0.7778,14,18
11399,0.5185,42,81
11400,0.5965,34,57
11401,0.9074,49,54
11402,0.5116,22,43
11403,0.6279,54,86
11404,0.4138,12,29
11405,0.5,1,2
11406,1.0,22,22
11407,0.25,1,4
11408,0.8,4,5
11409,0.4808,50,104
11410,0.75,6,8
11411,0.8889,8,9
11412,0.85,17,20
11413,0.2,6,30
11414,0.7838,29,37
11416,0.3725,19,51
11417,0.5126,61,119
11418,1.0,3,3
11419,0.8209,55,67
11420,0.6,27,45
11421,0.2381,5,21
11422,0.2935,27,92
11423,1.0,4,4
11424,0.5673,59,104
11425,0.5323,66,124
11426,0.7553,71,94
11427,0.1667,1,6
11428,0.7381,31,42
11429,0.7273,16,22
11430,0.7045,31,44
11431,0.6154,8,13
11432,0.8,8,10
11433,0.6923,9,13
11434,0.4087,94,230
11435,0.4,8,20
11436,0.5775,82,142
11437,0.9394,31,33
11438,0.5,3,6
11439,1.0,8,8
11440,0.6364,14,22
11441,1.0,9,9
11442,1.0,4,4
11443,0.5686,29,51
11444,0.5556,5,9
11445,0.6,9,15
11446,1.0,6,6
11447,0.4286,3,7
11448,0.9545,21,22
11449,0.6667,10,15
11450,0.873,55,63
11451,0.75,15,20
11452,0.5,3,6
11453,1.0,8,8
11454,0.4286,3,7
11455,0.6875,11,16
11456,0.41,41,100
11457,0.36,18,50
11458,0.5,46,92
11459,0.875,14,16
11460,0.6346,33,52
11461,0.3571,10,28
11462,0.5652,13,23
11463,0.8333,30,36
11464,1.0,1,1
11465,1.0,15,15
11466,0.4167,5,12
11467,0.6032,38,63
11468,0.7895,15,19
11469,0.6,3,5
11470,0.8824,15,17
11471,0.8462,22,26
11472,0.2857,2,7
11473,0.8889,16,18
11474,0.375,24,64
11475,0.625,25,40
11476,0.7619,32,42
11477,0.8889,8,9
11478,1.0,5,5
11479,0.8,4,5
11480,0.587,27,46
11481,0.6667,4,6
11482,0.5375,43,80
11483,0.8571,6,7
11484,0.6,3,5
11485,0.92,23,25
11486,0.375,12,32
11487,0.6786,19,28
11488,0.0,0,4
11489,0.2857,4,14
11490,0.5581,48,86
11491,0.8293,68,82
11492,0.2857,2,7
11493,0.7143,55,77
11494,0.4255,20,47
11495,0.4167,10,24
11496,0.6667,22,33
11497,0.85,34,40
11498,0.5135,38,74
11499,0.4839,15,31
11500,0.5455,6,11
11501,0.6154,16,26
11502,1.0,2,2
11503,0.5455,12,22
11504,0.6,9,15
11505,0.5714,16,28
11506,0.8854,85,96
11507,0.7143,10,14
11508,0.3429,12,35
11509,0.7419,23,31
11510,0.6,33,55
11511,0.7983,95,119
11512,0.0,0,1
11513,0.679,55,81
11514,0.7143,5,7
11515,0.6441,38,59
11516,1.0,16,16
11517,0.5034,73,145
11518,0.625,5,8
11519,0.5484,34,62
11520,0.7143,5,7
11521,0.6154,16,26
11522,0.2,1,5
11523,1.0,14,14
11524,0.68,51,75
11525,0.7381,62,84
11526,0.4889,22,45
11527,0.7273,8,11
11528,0.7273,16,22
11529,1.0,9,9
11530,0.2857,2,7
11531,0.72,36,50
11532,0.5385,14,26
11533,0.6923,27,39
11534,0.5789,22,38
11535,0.7347,36,49
11536,0.4737,9,19
11537,0.6429,18,28
11538,0.6548,55,84
11539,0.7857,55,70
11540,0.3636,4,11
11541,1.0,1,1
11542,0.625,5,8
11543,0.75,3,4
11544,0.7222,13,18
11545,0.2857,2,7
11546,0.7778,7,9
11547,0.6471,11,17
11548,0.4773,21,44
11549,0.775,62,80
11550,0.85,34,40
11551,0.5854,24,41
11552,0.6923,9,13
11553,0.9,9,10
11554,0.4884,21,43
11555,0.4634,19,41
11557,0.2541,31,122
11558,1.0,3,3
11559,0.6471,11,17
11560,0.5443,129,237
11561,0.625,5,8
11562,1.0,5,5
11563,0.6591,29,44
11564,0.4557,36,79
11565,0.5,7,14
11566,0.5385,21,39
11567,1.0,15,15
11568,0.6,9,15
11569,0.9032,28,31
11570,0.3214,18,56
11571,0.5455,6,11
11572,0.9091,10,11
11573,0.5455,6,11
11574,0.3276,38,116
11575,0.1053,6,57
11576,0.6341,26,41
11577,1.0,11,11
11578,0.6364,7,11
11579,0.5792,106,183
11580,0.4717,50,106
11581,0.8421,16,19
11582,0.7576,25,33
11583,0.8873,63,71
11584,0.5574,34,61
11585,0.7188,23,32
11586,0.5319,25,47
11587,0.625,30,48
11588,0.0,0,2
11589,0.9643,27,28
11590,1.0,4,4
11591,0.4355,27,62
11592,0.7143,5,7
11593,0.5556,5,9
11594,0.9545,21,22
11595,0.4545,5,11
11596,0.6883,53,77
11597,0.2273,5,22
11598,0.6406,41,64
11599,0.2698,17,63
11600,0.6364,49,77
11601,0.6531,32,49
11602,0.6667,20,30
11603,0.5538,36,65
11604,0.8,20,25
11605,0.9091,10,11
11606,1.0,2,2
11607,0.8824,15,17
11608,0.15,3,20
11609,0.8889,24,27
11610,1.0,3,3
11611,0.7778,14,18
11612,0.8571,6,7
11613,0.8571,6,7
11614,0.2039,31,152
11615,0.4516,14,31
11616,0.3143,11,35
11617,0.0,0,12
11618,0.9,27,30
11619,0.9091,10,11
11620,0.4909,27,55
11621,0.7143,15,21
11622,0.3214,9,28
11623,1.0,16,16
11624,0.3462,9,26
11625,0.4231,11,26
11626,0.6667,2,3
11627,1.0,33,33
11628,0.6,3,5
11629,0.5556,5,9
11630,0.5,4,8
11631,0.5,8,16
11632,0.8333,5,6
11633,1.0,2,2
11634,0.717,38,53
11635,0.2568,47,183
11636,0.3125,20,64
11637,0.6154,24,39
11638,0.6667,2,3
11639,0.6786,38,56
11640,0.5581,24,43
11641,0.5618,50,89
11642,0.74,37,50
11643,0.2857,4,14
11644,0.7059,12,17
11645,0.3563,31,87
11646,0.3,3,10
11647,0.5385,21,39
11648,0.7143,5,7
11649,0.5435,25,46
11650,0.6471,11,17
11651,0.963,26,27
11652,0.3333,5,15
11653,0.6316,24,38
11654,0.2424,8,33
11655,0.0,0,9
11656,0.6667,2,3
11657,0.0938,3,32
11658,0.5,2,4
11659,0.6923,9,13
11660,0.85,17,20
11661,0.35,7,20
11662,0.2727,12,44
11663,0.2661,33,124
11664,0.4694,46,98
11665,0.6667,6,9
11666,0.88,22,25
11667,0.8571,6,7
11668,0.5745,54,94
11669,0.62,31,50
11670,1.0,1,1
11671,0.7143,20,28
11672,0.2426,33,136
11673,0.625,5,8
11674,0.6265,52,83
11675,0.8,8,10
11676,0.5484,17,31
11677,0.7273,24,33
11678,1.0,7,7
11679,0.7727,34,44
11680,0.6471,11,17
11681,1.0,3,3
11682,0.9211,35,38
11683,0.8889,24,27
11684,0.3061,30,98
11685,0.8049,33,41
11686,0.6,12,20
11687,0.8205,32,39
11688,0.52,26,50
11689,0.6667,8,12
11690,0.9583,23,24
11691,0.5263,10,19
11692,0.4634,38,82
11693,0.6207,18,29
11694,0.375,3,8
11695,0.4713,41,87
11696,0.5,7,14
11697,0.6667,6,9
11698,0.7,7,10
11699,0.7576,25,33
11700,0.8333,5,6
11701,0.6923,9,13
11702,0.5,3,6
11703,0.48,12,25
11704,0.4314,22,51
11705,0.7778,28,36
11706,0.5607,60,107
11707,0.5,4,8
11708,0.5,1,2
11709,0.5,40,80
11710,0.5556,5,9
11711,0.4231,22,52
11712,0.5455,66,121
11713,0.8308,54,65
11714,0.7838,29,37
11715,0.3,3,10
11716,0.5833,7,12
11717,0.5818,64,110
11718,0.85,17,20
11719,0.3987,61,153
11720,0.56,14,25
11721,0.9412,16,17
11722,0.6066,37,61
11723,0.4375,21,48
11724,0.5714,8,14
11725,0.3043,7,23
11726,0.5,12,24
11727,0.9333,14,15
11728,0.6216,23,37
11729,0.8023,69,86
11730,1.0,4,4
11731,0.75,3,4
11732,0.4783,11,23
11733,0.55,11,20
11734,0.7353,25,34
11735,0.4783,11,23
11736,0.6579,25,38
11737,0.5,2,4
11738,0.4583,11,24
11739,0.5714,4,7
11740,0.8421,16,19
11741,0.483,71,147
11742,0.4583,11,24
11743,0.75,15,20
11744,0.6667,2,3
11745,0.8333,10,12
11746,0.6154,8,13
11747,0.8613,149,173
11748,0.5248,53,101
11749,0.4348,10,23
11750,0.4933,37,75
11751,0.7273,16,22
11752,0.6234,48,77
11753,1.0,2,2
11754,0.8,4,5
11755,0.5,3,6
11756,0.8095,17,21
11757,0.6897,20,29
11758,0.0,0,1
11759,0.5,14,28
11760,0.7273,32,44
11761,0.8676,59,68
11762,0.7778,7,9
11763,0.8,4,5
11764,1.0,3,3
11765,0.4167,5,12
11766,0.8636,19,22
11767,0.675,27,40
11768,0.8235,28,34
11769,0.56,14,25
11770,0.875,21,24
11771,1.0,5,5
11772,0.6176,21,34
11773,0.45,9,20
11774,0.56,14,25
11775,0.2,1,5
11776,0.5849,31,53
11777,0.5735,39,68
11778,0.6111,11,18
11779,0.5517,32,58
11780,0.3333,1,3
11781,0.5,10,20
11782,0.3362,39,116
11783,1.0,2,2
11784,0.383,36,94
11785,0.5385,7,13
11786,0.76,19,25
11787,0.6667,12,18
11788,0.5,11,22
11789,0.6552,57,87
11790,1.0,15,15
11791,0.5926,16,27
11792,0.5957,28,47
11793,0.4167,15,36
11794,0.6602,136,206
11795,0.75,3,4
11796,0.5909,13,22
11797,0.2759,8,29
11798,0.6087,28,46
11799,0.5789,22,38
11800,0.4663,76,163
11801,0.7391,17,23
11802,0.3077,8,26
11803,0.7193,41,57
11804,0.3333,1,3
11805,0.7692,40,52
11806,0.4545,5,11
11807,0.0,0,3
11808,0.4583,22,48
11809,0.6,3,5
11810,0.5357,15,28
11811,0.2667,4,15
11812,0.75,6,8
11813,0.5185,28,54
11814,0.7273,8,11
11815,1.0,1,1
11816,1.0,4,4
11817,0.6957,16,23
11818,0.0,0,4
11819,0.1818,10,55
11820,0.5373,36,67
11821,0.6579,25,38
11822,0.75,3,4
11824,0.6087,14,23
11825,0.5985,82,137
11826,0.94,47,50
11827,0.5714,16,28
11828,0.5556,10,18
11829,0.8864,39,44
11830,0.5294,18,34
11831,0.75,18,24
11832,1.0,15,15
11833,0.6667,4,6
11834,0.4688,15,32
11835,0.7143,5,7
11836,0.4848,48,99
11837,0.4,2,5
11838,0.52,13,25
11839,0.7619,16,21
11840,0.8235,14,17
11841,0.7143,15,21
11842,0.5949,47,79
11843,0.5664,81,143
11844,0.4754,29,61
11845,0.125,1,8
11846,0.7778,35,45
11847,0.3529,12,34
11848,0.5833,7,12
11849,0.5714,20,35
11850,1.0,11,11
11851,0.4878,20,41
11852,0.6522,15,23
11853,0.4815,26,54
11854,1.0,1,1
11855,1.0,8,8
11856,0.4219,27,64
11857,0.6703,61,91
11858,0.35,14,40
11859,0.4545,5,11
11860,0.8125,13,16
11861,0.497,84,169
11862,0.8462,11,13
11863,0.7857,22,28
11864,0.8462,22,26
11865,0.5068,75,148
11866,0.7609,35,46
11867,0.8421,16,19
11868,1.0,5,5
11869,0.6701,65,97
11870,1.0,6,6
11871,0.7377,90,122
11872,0.7143,5,7
11873,0.7778,14,18
11874,0.4,12,30
11875,1.0,1,1
11876,1.0,12,12
11877,0.6087,42,69
11878,0.8333,5,6
11879,0.6667,14,21
11880,0.3452,29,84
11881,0.7619,16,21
11882,0.6667,4,6
11883,0.9167,22,24
11884,0.6098,25,41
11885,0.2432,18,74
11886,0.3942,82,208
11887,0.8,8,10
11888,0.35,35,100
11889,0.7586,44,58
11890,0.619,13,21
11891,0.7209,31,43
11892,0.4444,4,9
11893,0.2,4,20
11894,0.9412,16,17
11895,0.0,0,3
11896,0.6333,19,30
11897,1.0,4,4
11898,0.697,23,33
11899,0.7143,40,56
11900,0.3974,93,234
11901,0.3659,15,41
11902,0.8358,168,201
11903,0.5714,8,14
11904,0.471,65,138
11905,0.5882,20,34
11906,0.7778,14,18
11907,0.5,4,8
11908,0.625,5,8
11909,0.8,4,5
11910,0.4706,48,102
11911,1.0,6,6
11912,0.6842,13,19
11913,0.7778,7,9
11914,0.3115,19,61
11915,0.75,3,4
11916,1.0,13,13
11917,0.8333,5,6
11918,0.6,3,5
11919,1.0,2,2
11920,0.75,15,20
11921,0.4211,24,57
11922,0.7241,21,29
11923,1.0,6,6
11924,0.5902,72,122
11925,0.6,48,80
11926,0.4419,19,43
11927,0.7778,14,18
11928,0.7143,5,7
11929,0.3333,11,33
11930,1.0,9,9
11931,0.36,27,75
11932,1.0,2,2
11933,0.5556,5,9
11934,0.7143,5,7
11935,0.55,11,20
11936,0.8,4,5
11937,0.4194,13,31
11938,0.9655,28,29
11939,1.0,11,11
11940,0.4286,6,14
11941,0.625,5,8
11942,0.8333,10,12
11943,0.3788,75,198
11944,0.5714,12,21
11945,1.0,7,7
11946,0.4032,25,62
11947,1.0,4,4
11948,0.6429,27,42
11949,0.3684,7,19
11950,0.4346,83,191
11951,0.7576,25,33
11952,0.6111,11,18
11953,0.5211,37,71
11954,0.5909,13,22
11955,0.2927,12,41
11956,0.6974,53,76
11957,0.4694,46,98
11958,0.6452,40,62
11959,0.4,2,5
11960,0.3111,14,45
11961,0.5556,5,9
11962,0.1,1,10
11963,0.75,15,20
11964,0.449,22,49
11965,0.0,0,6
11966,0.6176,21,34
11967,0.9375,45,48
11968,0.5,3,6
11969,0.6667,14,21
11970,0.3929,11,28
11971,0.6757,25,37
11972,0.75,3,4
11973,0.7778,14,18
11974,1.0,6,6
11975,0.6087,14,23
11976,0.5,10,20
11977,0.7812,25,32
11978,0.6027,44,73
11979,0.5397,34,63
11980,0.7619,16,21
11981,0.8406,58,69
11982,1.0,1,1
11983,0.5909,13,22
11984,0.6429,81,126
11985,1.0,4,4
11986,0.8431,43,51
11987,0.37,37,100
11988,0.7838,29,37
11989,0.8333,5,6
11990,0.88,22,25
11991,0.0,0,1
11992,0.35,28,80
11993,0.6389,23,36
11994,0.7143,10,14
11995,0.75,9,12
11996,0.4688,15,32
11997,0.4138,12,29
11998,0.3448,10,29
11999,0.8,4,5
12000,0.3636,4,11
12001,0.5,5,10
12002,0.5333,8,15
12003,0.3448,10,29
12004,0.4444,4,9
12005,0.8947,17,19
12006,0.8649,32,37
12007,1.0,7,7
12008,0.3457,28,81
12009,0.8333,5,6
12010,0.7857,11,14
12011,0.7872,37,47
12012,0.5,2,4
12013,0.3968,25,63
12014,1.0,3,3
12015,0.3656,34,93
12016,0.6429,9,14
12017,0.7,7,10
12018,0.6154,8,13
12019,0.6,24,40
12020,0.8,4,5
12021,0.45,9,20
12022,0.2174,10,46
12023,0.8571,24,28
12024,0.6,18,30
12025,0.5,5,10
12026,0.5284,93,176
12027,0.6,3,5
12028,0.6207,36,58
12029,0.7273,8,11
12030,0.5143,18,35
12031,0.5366,22,41
12032,0.1538,2,13
12033,0.7143,30,42
12034,0.9024,37,41
12035,0.4783,11,23
12036,0.8,40,50
12037,0.4689,128,273
12038,0.0,0,3
12039,0.6111,22,36
12040,0.7778,56,72
12041,0.8,20,25
12042,0.2857,2,7
12043,0.5,13,26
12044,0.1577,41,260
12045,0.7727,17,22
12046,0.6053,46,76
12047,0.6887,73,106
12048,0.5909,13,22
12049,1.0,4,4
12050,1.0,4,4
12051,0.5905,62,105
12052,0.561,23,41
12053,0.6739,31,46
12054,0.5172,15,29
12055,0.7143,5,7
12056,0.8333,5,6
12057,0.8889,48,54
12058,0.3103,18,58
12059,0.1667,1,6
12060,0.5556,10,18
12061,0.4815,13,27
12062,0.5952,25,42
12063,0.4359,17,39
12064,0.3051,36,118
12065,0.5135,19,37
12066,0.6923,63,91
12067,0.625,5,8
12068,1.0,6,6
12069,0.3854,37,96
12070,0.2025,16,79
12071,0.4545,20,44
12072,0.8077,21,26
12073,0.8235,28,34
12074,0.875,7,8
12075,0.5,4,8
12076,0.4138,12,29
12077,0.3333,8,24
12078,0.9286,13,14
12079,0.8214,23,28
12080,0.538,92,171
12081,0.3407,31,91
12082,0.3846,15,39
12083,0.875,7,8
12084,1.0,2,2
12085,0.8571,36,42
12086,0.6667,28,42
12087,0.7273,8,11
12088,0.4762,10,21
12089,0.5667,51,90
12090,0.4928,34,69
12091,0.4423,23,52
12092,0.5,45,90
12093,0.5,3,6
12094,0.4419,19,43
12095,0.8636,19,22
12096,0.25,4,16
12097,0.9167,33,36
12098,0.7833,47,60
12099,0.4595,17,37
12100,0.3958,38,96
12101,1.0,8,8
12102,1.0,7,7
12103,0.6044,55,91
12104,0.0,0,3
12105,0.5385,14,26
12106,0.6429,18,28
12107,0.6,6,10
12108,0.4545,5,11
12109,0.7692,10,13
12110,0.3714,39,105
12111,0.7368,56,76
12112,0.7143,5,7
12113,0.8235,42,51
12114,0.4444,8,18
12115,0.6905,87,126
12116,0.375,9,24
12117,0.25,2,8
12118,0.95,38,40
12119,0.6087,14,23
12120,0.6977,60,86
12121,0.25,1,4
12122,0.7222,65,90
12123,0.2727,12,44
12124,0.8868,47,53
12125,1.0,11,11
12126,0.18,36,200
12127,0.8246,47,57
12128,0.5263,70,133
12129,1.0,15,15
12130,0.625,40,64
12131,0.1534,58,378
12132,0.5,2,4
12133,0.8889,8,9
12134,0.6786,19,28
12135,0.3571,15,42
12136,0.8,12,15
12137,0.2992,38,127
12138,0.6429,18,28
12139,0.6933,52,75
12140,0.5344,70,131
12141,1.0,2,2
12142,0.619,13,21
12143,0.8095,17,21
12144,0.6923,27,39
12145,1.0,7,7
12146,0.6667,4,6
12147,0.7237,55,76
12148,0.3333,2,6
12149,0.6241,88,141
12150,0.3478,8,23
12151,0.4783,11,23
12152,0.6395,55,86
12153,1.0,4,4
12154,0.7955,35,44
12155,0.5556,10,18
12156,0.7,35,50
12157,1.0,2,2
12158,0.2328,44,189
12159,0.25,2,8
12160,0.3684,7,19
12161,0.2893,46,159
12162,0.95,38,40
12163,0.9259,25,27
12164,0.5217,24,46
12165,0.4167,40,96
12166,0.9,18,20
12167,0.5217,24,46
12168,1.0,3,3
12169,0.4545,5,11
12170,0.7571,53,70
12171,0.3333,6,18
12172,0.6607,37,56
12173,0.7188,23,32
12174,0.75,3,4
12175,0.3182,28,88
12176,0.7647,13,17
12177,1.0,5,5
12178,0.8333,5,6
12179,0.6786,19,28
12180,0.6235,53,85
12181,0.8077,21,26
12182,0.6316,36,57
12183,0.5385,14,26
12184,0.75,6,8
12185,1.0,9,9
12186,0.7647,52,68
12188,0.4412,15,34
12189,0.75,24,32
12190,0.381,8,21
12191,0.5385,21,39
12192,0.8065,75,93
12193,0.4,2,5
12194,0.75,3,4
12195,0.7353,50,68
12196,0.4364,24,55
12197,0.7361,53,72
12198,0.8293,34,41
12199,0.0714,2,28
12200,0.4533,34,75
12201,0.25,2,8
12202,0.6212,41,66
12203,0.7273,8,11
12204,0.3143,11,35
12205,0.6341,26,41
12206,0.5455,6,11
12207,0.3529,18,51
12208,0.5641,66,117
12209,1.0,3,3
12210,0.7188,23,32
12211,0.6842,13,19
12212,0.6923,9,13
12213,0.881,37,42
12214,0.875,14,16
12215,0.5556,5,9
12216,0.6562,21,32
12217,0.3515,58,165
12218,0.6774,42,62
12219,0.5667,17,30
12220,0.275,33,120
12221,0.4211,16,38
12222,0.2549,13,51
12223,0.7528,67,89
12224,0.3333,1,3
12225,0.7308,19,26
12226,0.5455,6,11
12227,0.5833,14,24
12228,0.25,2,8
12229,0.7949,31,39
12230,0.7949,31,39
12231,1.0,7,7
12232,0.5,3,6
12233,0.4016,49,122
12234,0.9,9,10
12235,1.0,1,1
12236,0.6071,17,28
12237,0.9,9,10
12238,0.6136,27,44
12239,0.3587,66,184
12240,0.8,4,5
12241,0.0,0,1
12242,0.5962,31,52
12243,0.1667,8,48
12244,0.7931,23,29
12245,0.92,46,50
12246,0.2083,20,96
12247,0.5932,35,59
12248,0.7143,5,7
12249,0.4015,55,137
12250,0.7083,17,24
12251,0.8333,15,18
12252,0.6667,2,3
12253,0.6154,40,65
12254,0.7857,66,84
12255,0.5,3,6
12256,0.8462,22,26
12257,0.5,13,26
12258,0.6286,66,105
12259,0.6111,22,36
12260,0.7561,31,41
12261,1.0,11,11
12262,0.2712,32,118
12263,1.0,3,3
12264,0.3889,14,36
12265,1.0,4,4
12266,0.5,3,6
12267,0.7143,5,7
12268,0.8548,53,62
12269,0.2727,9,33
12270,0.4706,40,85
12271,0.6224,89,143
12272,0.6122,30,49
12273,0.7692,10,13
12274,0.4,4,10
12275,0.4151,22,53
12276,0.4444,4,9
12277,0.3226,10,31
12278,0.6667,8,12
12279,0.6,6,10
12280,0.6296,17,27
12281,0.5,3,6
12282,0.8462,11,13
12283,0.5625,9,16
12284,0.875,7,8
12285,0.5152,17,33
12286,1.0,1,1
12287,0.875,21,24
12288,0.4697,31,66
12289,0.3636,4,11
12290,0.6667,6,9
12291,0.6949,41,59
12292,1.0,11,11
12293,0.8333,5,6
12294,0.8036,45,56
12295,0.5294,9,17
12296,0.7143,60,84
12297,0.9333,14,15
12298,0.5714,24,42
12299,0.4419,57,129
12300,0.7,7,10
12301,0.6389,23,36
12302,0.4419,19,43
12303,0.6667,2,3
12304,0.574,97,169
12305,0.6364,7,11
12306,0.7755,38,49
12307,0.2963,8,27
12308,0.4737,9,19
12309,0.5091,28,55
12310,0.8302,44,53
12311,0.75,18,24
12312,0.5714,4,7
12313,0.3939,39,99
12314,0.519,41,79
12315,0.908,79,87
12316,0.6207,18,29
12317,0.6909,38,55
12318,0.8333,15,18
12319,0.8,44,55
12321,0.5238,11,21
12322,0.8222,74,90
12323,0.3333,6,18
12324,0.5467,41,75
12325,0.7143,15,21
12326,0.6154,8,13
12327,0.625,5,8
12328,0.625,5,8
12329,0.3145,39,124
12330,0.5294,27,51
12331,0.7778,14,18
12332,0.5294,9,17
12333,0.6,3,5
12334,0.7143,5,7
12335,0.7692,10,13
12336,0.5714,16,28
12337,0.5,1,2
12338,0.85,17,20
12339,0.2,1,5
12340,0.2054,23,112
12341,0.0,0,2
12342,0.3333,1,3
12343,0.9524,20,21
12344,0.2936,32,109
12345,0.6667,8,12
12346,0.425,17,40
12347,0.7692,10,13
12348,1.0,12,12
12349,0.7857,11,14
12350,0.6842,13,19
12351,0.8393,47,56
12352,1.0,4,4
12353,0.7619,48,63
12354,0.7826,18,23
12355,0.2,16,80
12356,0.75,3,4
12357,0.4833,29,60
12358,0.6,39,65
12359,0.7778,7,9
12360,0.6395,55,86
12361,0.4107,23,56
12362,0.7273,8,11
12363,0.7067,53,75
12364,0.7727,17,22
12365,0.5357,15,28
12366,0.6344,59,93
12367,0.4423,92,208
12368,0.5128,20,39
12369,0.8667,13,15
12370,0.6538,17,26
12371,0.4706,8,17
12372,0.6667,18,27
12373,1.0,24,24
12374,0.9565,22,23
12375,1.0,10,10
12376,0.5714,32,56
12377,0.6585,27,41
12378,0.5667,17,30
12379,0.7317,30,41
12380,0.8333,5,6
12381,0.8235,14,17
12382,0.5169,46,89
12383,1.0,11,11
12384,0.8333,40,48
12385,0.8889,16,18
12386,0.3333,1,3
12387,0.641,25,39
12388,0.75,3,4
12389,0.7444,99,133
12390,0.7143,35,49
12391,0.8333,5,6
12392,0.7297,27,37
12393,0.5393,48,89
12394,0.0,0,1
12395,0.75,6,8
12396,0.9286,13,14
12397,0.4727,26,55
12398,0.619,13,21
12399,1.0,10,10
12400,0.1667,1,6
12401,1.0,4,4
12402,0.6484,59,91
12403,0.6957,16,23
12404,0.8378,31,37
12405,0.5588,57,102
12406,0.2121,7,33
12407,0.9697,32,33
12408,0.6,27,45
12409,0.371,23,62
12410,0.7857,22,28
12411,0.7778,7,9
12412,0.6,3,5
12413,0.6129,19,31
12414,0.4167,10,24
12415,0.3803,27,71
12416,0.0,0,1
12417,0.3475,82,236
12418,0.6667,6,9
12419,0.6379,37,58
12420,0.5667,17,30
12421,0.9643,27,28
12422,0.0,0,4
12423,0.8889,8,9
12424,0.4706,8,17
12425,0.5441,37,68
12426,0.3333,4,12
12427,0.6923,9,13
12428,0.7917,19,24
12429,0.5357,15,28
12430,0.8889,8,9
12431,0.619,26,42
12432,0.6364,7,11
12433,0.5556,5,9
12434,0.3182,7,22
12435,0.6061,140,231
12436,0.8929,25,28
12437,0.6596,62,94
12438,0.6667,22,33
12439,0.3478,8,23
12440,0.7059,12,17
12441,0.8333,35,42
12442,0.0,0,3
12443,0.6667,4,6
12444,0.6,9,15
12445,1.0,10,10
12446,0.6364,7,11
12447,0.3652,42,115
12448,0.5357,15,28
12449,0.6957,16,23
12450,0.5833,14,24
12451,0.2727,3,11
12452,0.6119,41,67
12453,0.2889,13,45
12454,0.6667,4,6
12455,0.7857,11,14
12456,0.6585,81,123
12457,0.3333,2,6
12458,0.625,5,8
12459,0.275,22,80
12460,0.6,9,15
12461,0.6842,13,19
12462,0.8,12,15
12463,0.6727,37,55
12464,0.5192,27,52
12465,0.8654,45,52
12466,0.1638,19,116
12467,0.3575,64,179
12468,0.5919,132,223
12469,0.7727,34,44
12470,0.8621,25,29
12471,1.0,1,1
12472,0.625,30,48
12473,0.3603,49,136
12474,0.75,3,4
12475,1.0,3,3
12476,0.2667,8,30
12477,0.7455,41,55
12478,0.4286,21,49
12479,1.0,15,15
12480,0.6591,29,44
12481,0.8889,16,18
12482,0.0,0,3
12483,0.7143,5,7
12484,0.7442,32,43
12485,0.2752,41,149
12486,1.0,3,3
12487,0.7143,5,7
12488,0.875,7,8
12489,0.68,17,25
12490,0.8107,137,169
12491,0.6471,11,17
12492,0.7963,43,54
12493,0.5135,19,37
12494,0.3429,12,35
12495,0.3333,1,3
12496,0.9,9,10
12497,0.8696,20,23
12498,0.1383,13,94
12499,0.8667,13,15
12500,1.0,6,6
12501,0.75,6,8
12502,0.5,4,8
12503,1.0,4,4
12504,0.4444,16,36
12505,0.6154,8,13
12506,0.5789,11,19
12507,0.8,4,5
12508,0.75,3,4
12509,0.8148,22,27
12510,0.425,17,40
12511,0.5106,24,47
12512,0.8,20,25
12513,0.5238,22,42
12514,0.6389,23,36
12515,0.3182,7,22
12516,0.6429,27,42
12517,0.6667,32,48
12518,0.4767,41,86
12519,0.6667,2,3
12520,0.6364,7,11
12521,0.5588,19,34
12522,0.75,3,4
12523,0.8824,15,17
12524,0.3889,7,18
12525,0.6667,16,24
12526,0.6667,8,12
12527,0.9,45,50
12528,0.7429,26,35
12529,0.6,6,10
12530,0.6,6,10
12531,0.5588,57,102
12532,0.4211,24,57
12533,0.7273,8,11
12534,0.7,14,20
12535,0.95,133,140
12536,0.88,22,25
12537,0.6081,45,74
12538,0.8,8,10
12539,0.4677,58,124
12540,1.0,17,17
12541,0.7209,31,43
12542,0.6364,14,22
12543,0.5373,36,67
12544,0.5444,49,90
12545,0.5714,4,7
12546,0.2,17,85
12547,0.5806,18,31
12548,0.369,31,84
12549,0.7143,5,7
12550,0.6792,36,53
12552,0.9231,36,39
12553,0.5306,26,49
12554,0.7273,16,22
12555,0.6378,81,127
12556,0.625,20,32
12557,0.6667,8,12
12558,0.2727,3,11
12559,0.6622,49,74
12560,0.6667,6,9
12561,0.8333,5,6
12562,0.5769,30,52
12563,0.8,4,5
12564,0.6316,12,19
12565,0.625,5,8
12566,0.4937,39,79
12567,1.0,4,4
12568,0.6667,6,9
12569,0.7556,34,45
12570,1.0,9,9
12571,0.3913,36,92
12572,0.5,9,18
12573,0.6,6,10
12574,0.6897,20,29
12575,0.6,6,10
12576,0.5172,45,87
12577,0.8182,9,11
12578,0.9167,22,24
12579,0.75,3,4
12580,0.6301,46,73
12581,1.0,1,1
12582,0.6825,43,63
12583,0.5152,17,33
12584,1.0,4,4
12585,0.3733,28,75
12586,0.8333,15,18
12587,1.0,5,5
12588,0.9524,20,21
12589,0.7391,17,23
12590,0.3841,53,138
12591,0.7857,11,14
12592,0.5882,40,68
12593,0.5568,49,88
12594,0.9091,10,11
12595,0.1053,4,38
12596,0.9583,23,24
12597,0.6053,23,38
12598,0.8765,71,81
12599,0.6984,44,63
12600,0.3696,17,46
12601,0.2273,10,44
12602,0.6869,68,99
12603,0.3478,8,23
12604,0.75,3,4
12605,1.0,5,5
12606,0.7727,51,66
12607,0.5714,4,7
12608,0.0,0,1
12609,0.7407,40,54
12610,0.75,9,12
12611,0.8298,39,47
12612,0.7812,25,32
12613,0.3804,35,92
12614,0.8,4,5
12615,0.4148,56,135
12616,0.75,12,16
12617,0.6207,18,29
12618,0.242,53,219
12619,0.6972,99,142
12620,0.2807,16,57
12621,0.9375,15,16
12622,0.4237,25,59
12623,0.3125,30,96
12624,0.7143,5,7
12625,0.6571,23,35
12626,0.5385,14,26
12627,0.5833,7,12
12628,0.8889,24,27
12629,0.8033,49,61
12630,0.84,21,25
12631,0.7143,15,21
12632,0.9524,20,21
12633,0.8571,12,14
12634,0.7586,22,29
12635,0.3889,7,18
12636,0.75,9,12
12637,0.8462,11,13
12638,1.0,5,5
12639,0.4062,13,32
12640,0.6286,22,35
12641,0.4118,14,34
12642,0.7857,11,14
12643,0.6364,14,22
12644,0.4053,107,264
12645,0.7455,41,55
12646,0.2273,5,22
12647,0.8261,19,23
12648,0.6517,58,89
12649,0.75,72,96
12650,0.5405,20,37
12651,1.0,1,1
12652,0.6512,28,43
12653,0.4424,96,217
12654,0.6667,4,6
12655,0.5,11,22
12656,0.75,3,4
12657,0.5682,25,44
12658,0.75,3,4
12659,0.5088,29,57
12660,0.75,9,12
12661,0.5,2,4
12662,0.3261,15,46
12663,0.7273,8,11
12664,1.0,8,8
12665,0.7838,87,111
12666,0.8571,12,14
12667,1.0,4,4
12668,0.5161,96,186
12669,0.2987,23,77
12670,0.34,17,50
12671,0.7111,32,45
12672,0.7681,53,69
12673,0.9167,11,12
12674,0.7593,41,54
12675,0.625,20,32
12676,0.931,27,29
12677,0.2933,22,75
12678,1.0,10,10
12679,0.4,58,145
12680,0.2333,7,30
12681,0.7778,14,18
12682,0.75,6,8
12683,0.2913,30,103
12684,0.7429,26,35
12685,0.9565,22,23
12686,0.5556,20,36
12687,0.9091,10,11
12688,0.7391,51,69
12689,0.6667,2,3
12690,0.4286,3,7
12691,0.9167,11,12
12692,0.5,1,2
12693,0.1429,3,21
12694,0.625,10,16
12695,0.1538,2,13
12696,0.9459,35,37
12697,0.5,6,12
12698,0.4286,9,21
12699,0.8889,8,9
12700,0.8293,34,41
12701,0.24,12,50
12702,0.6667,4,6
12703,0.7778,7,9
12704,0.8889,24,27
12705,0.7419,92,124
12706,0.6923,9,13
12707,0.5088,29,57
12708,0.625,15,24
12709,0.6667,2,3
12710,0.6283,71,113
12711,0.3226,10,31
12712,0.75,3,4
12713,0.3333,2,6
12714,0.5882,10,17
12715,0.5,12,24
12716,0.4167,5,12
12717,0.4776,32,67
12718,0.9643,27,28
12719,0.6702,63,94
12720,0.6034,35,58
12721,0.75,3,4
12722,0.2486,43,173
12723,1.0,2,2
12724,0.85,17,20
12725,0.873,55,63
12726,0.4634,57,123
12727,0.8367,41,49
12728,1.0,8,8
12729,0.7927,65,82
12730,0.45,18,40
12731,1.0,3,3
12732,0.6,60,100
12733,0.8723,41,47
12734,0.9474,18,19
12735,0.4194,13,31
12736,0.3068,27,88
12737,0.1429,1,7
12738,0.6,3,5
12739,0.7059,12,17
12740,0.2773,61,220
12741,0.5882,10,17
12742,0.75,3,4
12743,0.8462,11,13
12744,0.6,6,10
12745,0.5,2,4
12746,0.8046,70,87
12748,0.4286,3,7
12749,0.3514,13,37
12750,0.8974,35,39
12751,0.875,14,16
12752,0.6129,19,31
12753,0.6848,63,92
12754,0.4795,117,244
12755,0.3864,17,44
12756,0.2581,8,31
12757,0.5455,6,11
12758,0.8222,37,45
12759,0.3125,10,32
12760,1.0,2,2
12761,0.7,14,20
12762,0.8125,13,16
12763,0.8444,38,45
12764,0.2222,2,9
12765,0.2174,5,23
12766,0.6,15,25
12767,0.419,119,284
12768,0.68,17,25
12769,0.8571,6,7
12770,0.6667,42,63
12771,0.6667,2,3
12772,0.4,14,35
12773,0.5962,31,52
12774,0.5952,50,84
12775,0.6667,8,12
12776,0.875,7,8
12777,0.9167,11,12
12778,0.5109,47,92
12779,0.8,8,10
12780,1.0,3,3
12781,0.75,51,68
12782,0.4,2,5
12783,0.6429,81,126
12784,0.5714,4,7
12785,0.73,73,100
12786,0.625,5,8
12787,0.3091,17,55
12788,0.8696,20,23
12789,0.5493,39,71
12790,0.7,7,10
12791,0.5,3,6
12792,0.9474,18,19
12793,0.4398,95,216
12794,1.0,1,1
12795,0.5714,8,14
12796,0.6071,17,28
12797,0.2258,7,31
12798,0.7273,16,22
12799,0.75,30,40
12800,1.0,7,7
12801,0.4925,33,67
12802,0.5169,122,236
12803,0.7778,7,9
12804,0.6,3,5
12805,0.8571,6,7
12806,0.75,15,20
12807,0.5862,17,29
12808,0.9062,58,64
12809,0.0968,3,31
12810,0.4694,23,49
12811,0.8788,29,33
12812,0.6538,17,26
12813,0.5918,29,49
12814,0.6441,38,59
12815,0.8148,22,27
12816,0.3333,1,3
12817,0.5385,7,13
12818,0.4667,14,30
12819,0.8824,15,17
12820,0.6957,16,23
12821,0.7692,10,13
12822,0.6604,35,53
12823,1.0,11,11
12824,0.6226,33,53
12825,0.4839,15,31
12826,0.9167,11,12
12827,0.8333,5,6
12828,0.8333,10,12
12829,0.6667,30,45
12830,0.8,4,5
12831,0.76,38,50
12832,0.6364,14,22
12833,0.625,5,8
12834,0.5,7,14
12835,0.3269,17,52
12836,0.6667,6,9
12837,1.0,13,13
12838,0.766,36,47
12839,1.0,2,2
12840,0.1429,1,7
12841,0.8333,25,30
12842,0.8571,24,28
12843,0.8182,18,22
12844,0.75,60,80
12845,0.6,3,5
12846,0.75,3,4
12847,0.6818,15,22
12848,0.6591,29,44
12849,0.5714,76,133
12850,0.3654,38,104
12851,0.7429,26,35
12852,0.85,17,20
12853,0.5161,16,31
12854,0.55,11,20
12855,0.9583,23,24
12856,0.6667,14,21
12857,0.1628,7,43
12858,0.5238,33,63
12859,0.82,82,100
12860,0.5281,47,89
12861,0.8333,5,6
12862,0.5,2,4
12863,0.8776,43,49
12864,0.4615,6,13
12865,0.7692,20,26
12866,0.4667,28,60
12867,0.9091,10,11
12868,0.6842,13,19
12869,0.7857,33,42
12870,0.6364,14,22
12871,0.6667,20,30
12872,0.3721,16,43
12873,0.8,4,5
12874,0.5806,36,62
12875,0.6471,44,68
12876,0.75,3,4
12877,0.7692,10,13
12878,0.4545,45,99
12879,0.4,2,5
12880,0.5,20,40
12881,0.2209,19,86
12882,0.7143,20,28
12883,0.8182,9,11
12884,0.7551,37,49
12885,1.0,11,11
12886,0.7273,8,11
12887,0.8974,105,117
12888,0.45,9,20
12889,0.7,14,20
12890,0.8333,10,12
12891,0.2857,16,56
12892,0.7042,50,71
12893,0.54,54,100
12894,1.0,2,2
12895,0.6875,11,16
12896,0.92,23,25
12897,0.6786,19,28
12898,0.2,1,5
12899,0.6667,16,24
12900,0.6667,8,12
12901,0.4315,63,146
12902,1.0,10,10
12903,0.625,5,8
12904,0.8519,23,27
12905,0.6538,34,52
12906,0.7,14,20
12907,0.526,81,154
12908,0.2105,4,19
12909,0.8519,23,27
12910,0.3636,4,11
12911,0.4035,23,57
12912,0.7778,7,9
12913,0.2143,3,14
12914,0.9286,26,28
12915,1.0,7,7
12916,0.5,12,24
12917,0.5417,13,24
12918,0.3478,8,23
12919,0.4583,11,24
12920,0.8095,17,21
12921,0.8889,8,9
12922,0.9286,26,28
12923,0.8889,8,9
12924,0.4,4,10
12925,0.0,0,6
12926,0.6667,4,6
12927,0.9167,11,12
12928,0.7778,7,9
12929,0.9697,32,33
12930,0.6667,4,6
12931,0.9111,41,45
12932,1.0,2,2
12933,0.6562,42,64
12934,0.875,35,40
12935,0.3548,22,62
12936,0.2,1,5
12937,0.4062,13,32
12938,0.6786,19,28
12939,0.9091,10,11
12940,0.8182,9,11
12941,0.7273,8,11
12942,1.0,3,3
12943,0.8333,30,36
12944,0.494,41,83
12945,0.3333,1,3
12946,0.7,21,30
12947,0.7917,19,24
12948,0.6226,33,53
12949,1.0,5,5
12950,0.5484,102,186
12951,0.875,7,8
12952,1.0,4,4
12953,0.5714,16,28
12954,0.5938,38,64
12955,1.0,6,6
12956,0.7941,27,34
12957,0.5909,13,22
12958,1.0,10,10
12959,1.0,19,19
12960,0.7297,27,37
12961,1.0,1,1
12962,0.5333,8,15
12963,0.5263,10,19
12964,0.3636,8,22
12965,0.7473,68,91
12966,0.0,0,7
12967,0.413,19,46
12968,1.0,21,21
12971,1.0,5,5
12972,0.4259,23,54
12973,0.4023,105,261
12974,0.6486,24,37
12975,0.4813,103,214
12976,0.3846,5,13
12977,0.8222,37,45
12978,0.1111,1,9
12979,0.8,4,5
12980,0.5556,5,9
12981,0.7273,8,11
12982,0.7619,16,21
12983,0.5714,4,7
12984,0.4286,3,7
12985,0.4779,54,113
12986,0.3333,32,96
12987,0.75,15,20
12988,0.5897,23,39
12989,0.6316,12,19
12990,0.3816,29,76
12991,0.6364,7,11
12992,0.5686,29,51
12993,1.0,6,6
12994,0.6,12,20
12995,0.6,9,15
12996,0.0588,1,17
12997,0.8,8,10
12998,0.4655,27,58
12999,0.4722,17,36
13000,0.6538,17,26
13001,0.625,10,16
13002,0.6071,17,28
13003,0.7407,20,27
13004,0.6522,15,23
13005,0.5075,34,67
13006,0.6842,13,19
13007,0.125,2,16
13008,0.4524,38,84
13009,0.7778,7,9
13010,0.8182,9,11
13011,0.0,0,2
13012,0.7368,14,19
13013,0.5,4,8
13014,0.4286,3,7
13015,0.9444,17,18
13016,0.3269,17,52
13017,0.6154,8,13
13018,0.8438,27,32
13019,0.8889,16,18
13020,0.4795,35,73
13021,0.75,3,4
13022,0.4286,3,7
13023,0.5233,45,86
13024,0.8182,9,11
13025,0.6038,32,53
13026,0.4902,25,51
13027,0.875,7,8
13028,0.6875,33,48
13029,0.5455,12,22
13030,0.75,18,24
13031,0.2727,21,77
13032,0.65,13,20
13033,1.0,9,9
13034,0.6923,9,13
13035,0.0,0,1
13036,0.3636,4,11
13037,1.0,4,4
13039,0.4286,3,7
13040,0.5581,24,43
13041,0.5714,24,42
13042,0.5833,14,24
13043,0.7105,27,38
13044,0.6119,41,67
13045,0.7049,43,61
13046,1.0,2,2
13047,0.9231,12,13
13048,0.5172,15,29
13049,0.6423,88,137
13050,0.25,1,4
13051,0.7368,14,19
13052,0.6429,9,14
13053,0.525,21,40
13054,0.625,10,16
13055,0.9524,20,21
13056,0.3333,1,3
13057,0.7361,53,72
13058,0.7619,32,42
13059,0.8519,46,54
13060,0.6429,9,14
13061,0.5,16,32
13062,0.2593,7,27
13063,0.5122,21,41
13064,0.2708,78,288
13065,0.3889,7,18
13066,0.3243,12,37
13067,0.7778,21,27
13068,0.3584,100,279
13069,0.9733,73,75
13070,0.5,18,36
13071,0.7,28,40
13072,0.7727,17,22
13073,0.3875,31,80
13074,0.4412,30,68
13075,0.7857,33,42
13076,0.2857,8,28
13077,0.8333,20,24
13078,0.5,12,24
13079,0.9032,28,31
13080,0.4444,16,36
13081,0.4,6,15
13082,0.8,20,25
13083,0.1667,9,54
13084,0.7872,37,47
13085,0.6429,9,14
13086,0.3333,1,3
13087,0.6202,80,129
13088,0.2703,20,74
13089,0.9231,12,13
13090,0.2042,29,142
13091,0.6071,17,28
13092,0.531,60,113
13093,1.0,1,1
13094,0.6923,18,26
13095,1.0,7,7
13096,0.4565,21,46
13097,0.9333,14,15
13098,0.3548,11,31
13099,0.5294,9,17
13100,0.8889,16,18
13101,0.913,21,23
13102,0.3429,12,35
13103,0.5,2,4
13104,0.7,14,20
13105,0.625,20,32
13106,0.6765,23,34
13107,0.4167,15,36
13108,0.5,31,62
13109,0.8333,10,12
13110,0.6304,29,46
13111,0.4865,18,37
13112,0.6176,21,34
13113,1.0,16,16
13114,0.7,14,20
13115,0.6207,18,29
13116,0.7755,76,98
13117,0.8333,20,24
13118,0.3636,4,11
13119,0.6667,2,3
13120,0.0,0,4
13121,0.5338,71,133
13122,0.8095,17,21
13123,0.64,16,25
13124,0.2667,4,15
13125,0.5833,7,12
13126,0.6557,40,61
13127,0.4,2,5
13128,0.7143,5,7
13129,0.6875,22,32
13130,0.8254,52,63
13131,0.8182,18,22
13132,0.5227,46,88
13133,0.9333,14,15
13134,1.0,6,6
13135,0.7059,12,17
13136,0.58,29,50
13138,0.6667,22,33
13139,0.5132,39,76
13140,0.931,27,29
13141,0.669,97,145
13142,0.8125,26,32
13143,0.3229,31,96
13144,0.8182,18,22
13145,0.5484,17,31
13146,0.8182,9,11
13147,0.6667,12,18
13148,0.5867,44,75
13149,0.8462,11,13
13150,0.75,6,8
13151,0.5366,22,41
13152,0.7353,25,34
13153,0.7,7,10
13154,0.3333,2,6
13155,0.4532,63,139
13156,0.5652,13,23
13157,0.3571,5,14
13158,0.8,4,5
13159,1.0,9,9
13160,1.0,2,2
13161,0.6,15,25
13162,0.9545,21,22
13163,1.0,7,7
13164,0.3548,11,31
13165,0.5,11,22
13166,0.2727,6,22
13167,0.7381,62,84
13168,0.875,14,16
13169,0.5806,18,31
13170,0.1397,64,458
13171,0.8571,6,7
13172,0.766,36,47
13173,0.45,9,20
13174,0.5309,43,81
13175,1.0,6,6
13176,0.7037,19,27
13177,1.0,2,2
13178,0.75,3,4
13179,0.8966,26,29
13180,0.375,3,8
13181,0.6562,21,32
13182,0.5636,31,55
13183,0.3714,13,35
13184,0.4706,24,51
13185,0.5417,13,24
13186,0.2857,2,7
13187,1.0,7,7
13188,0.4324,16,37
13189,0.6875,22,32
13190,0.913,21,23
13191,0.8571,12,14
13192,0.9565,22,23
13193,0.4186,18,43
13194,0.4545,10,22
13195,0.6557,40,61
13196,0.631,53,84
13197,0.9565,22,23
13198,0.4286,3,7
13199,0.9286,13,14
13200,0.8,4,5
13201,0.1667,1,6
13202,0.5,35,70
13203,1.0,2,2
13204,0.7059,12,17
13205,0.8529,58,68
13206,0.4,2,5
13207,0.3729,22,59
13208,1.0,2,2
13209,1.0,6,6
13210,1.0,12,12
13211,0.4151,22,53
13212,0.6,9,15
13213,0.7692,10,13
13214,0.73,73,100
13215,0.3676,25,68
13216,0.5753,42,73
13217,0.5,1,2
13218,0.8889,48,54
13219,0.3333,7,21
13220,0.6552,19,29
13221,0.3846,5,13
13222,0.4773,21,44
13223,0.5,8,16
13224,0.4143,29,70
13225,0.5093,55,108
13226,0.7941,54,68
13227,0.7708,74,96
13228,1.0,7,7
13229,0.3947,15,38
13230,0.9,54,60
13231,0.2597,20,77
13232,0.3402,33,97
13233,0.7143,5,7
13234,1.0,2,2
13235,0.6207,18,29
13236,0.55,11,20
13237,0.6471,22,34
13238,0.625,5,8
13239,0.3947,30,76
13240,0.7273,8,11
13242,0.5,12,24
13243,0.6452,20,31
13244,0.5259,61,116
13245,0.5,7,14
13246,0.75,9,12
13247,0.3247,25,77
13248,0.6296,17,27
13249,0.6279,27,43
13250,0.5,3,6
13251,0.6176,21,34
13252,0.0,0,6
13253,0.5833,21,36
13254,0.5417,13,24
13255,0.5564,74,133
13256,0.5412,46,85
13257,0.7,7,10
13258,0.6923,9,13
13259,0.3907,59,151
13260,0.4615,6,13
13261,0.5349,46,86
13262,0.5833,21,36
13263,0.8333,35,42
13264,0.6069,88,145
13265,0.5,3,6
13266,1.0,5,5
13267,0.2857,6,21
13268,0.0,0,1
13269,0.6333,38,60
13270,0.5,25,50
13271,1.0,3,3
13272,0.4059,41,101
13273,0.68,17,25
13274,0.6667,20,30
13275,0.7037,19,27
13276,0.5417,13,24
13277,0.52,13,25
13278,0.8864,39,44
13279,0.5664,64,113
13280,1.0,5,5
13281,0.6667,86,129
13282,1.0,8,8
13283,0.6667,6,9
13284,0.8333,10,12
13285,0.4071,57,140
13286,0.7333,22,30
13287,0.4595,17,37
13288,0.3913,9,23
13289,0.6571,46,70
13290,0.434,23,53
13291,0.6842,13,19
13292,0.6857,24,35
13293,0.7826,36,46
13294,0.8667,13,15
13295,0.7143,5,7
13296,0.9565,22,23
13297,0.4848,32,66
13298,0.3333,1,3
13299,0.5,3,6
13300,0.7931,46,58
13301,0.4211,16,38
13302,0.5352,38,71
13303,0.8889,8,9
13304,0.5,15,30
13305,0.6923,18,26
13306,0.7222,13,18
13307,0.5476,23,42
13308,0.7778,21,27
13309,0.2,1,5
13310,0.7368,14,19
13311,0.2083,10,48
13312,0.5312,17,32
13313,0.7258,45,62
13314,1.0,8,8
13315,0.7143,10,14
13316,0.8333,10,12
13317,0.75,3,4
13318,0.6771,65,96
13319,0.6923,9,13
13320,0.5,2,4
13321,0.3333,2,6
13322,0.8065,25,31
13323,0.8462,55,65
13324,0.5102,25,49
13325,0.913,21,23
13326,1.0,1,1
13327,1.0,40,40
13328,0.2941,15,51
13329,0.4286,12,28
13330,1.0,11,11
13331,0.7568,28,37
13332,0.8696,20,23
13333,0.6282,49,78
13334,0.6,12,20
13335,0.5,1,2
13336,0.6875,11,16
13337,0.3714,13,35
13338,0.25,38,152
13339,0.3881,26,67
13340,0.6,3,5
13341,0.4545,20,44
13342,0.2381,5,21
13343,0.7692,30,39
13344,0.6667,24,36
13345,0.7431,81,109
13346,0.6667,2,3
13347,1.0,8,8
13348,0.6019,65,108
13349,0.1,1,10
13350,0.8636,19,22
13351,0.8571,12,14
13352,0.3125,15,48
13353,0.4898,24,49
13354,0.8571,6,7
13355,0.6667,2,3
13356,0.3,6,20
13357,0.6719,43,64
13358,0.625,10,16
13359,0.8,4,5
13360,0.7021,33,47
13361,0.5918,29,49
13362,0.3333,2,6
13363,0.4706,16,34
13364,0.6957,16,23
13365,0.72,18,25
13366,0.75,21,28
13367,0.7143,55,77
13368,0.8611,62,72
13369,1.0,11,11
13370,0.2556,34,133
13371,0.8,8,10
13372,0.5,2,4
13373,0.3222,58,180
13374,0.7778,7,9
13375,1.0,4,4
13376,0.5878,77,131
13377,0.5,3,6
13378,1.0,3,3
13379,0.7619,16,21
13380,0.7273,8,11
13381,1.0,6,6
13382,0.5,3,6
13383,0.9016,55,61
13384,0.7419,23,31
13385,0.7083,51,72
13386,0.0,0,1
13387,1.0,11,11
13388,0.8182,9,11
13389,0.5135,19,37
13390,0.9091,10,11
13391,0.6897,40,58
13392,1.0,4,4
13393,0.5625,9,16
13394,0.7273,8,11
13395,1.0,2,2
13396,0.7586,22,29
13397,0.8056,29,36
13398,0.4959,60,121
13399,0.5556,10,18
13400,0.875,7,8
13401,0.1429,6,42
13402,0.5714,12,21
13403,0.7344,47,64
13404,0.8571,30,35
13405,0.5893,33,56
13406,0.7529,64,85
13407,0.4179,28,67
13408,0.2143,3,14
13409,0.5926,16,27
13410,0.7647,13,17
13411,0.0,0,2
13412,0.8125,13,16
13413,0.6984,88,126
13414,0.1159,8,69
13415,0.8158,31,38
13416,0.3021,29,96
13417,0.0,0,1
13418,0.4483,13,29
13419,0.6607,37,56
13420,0.3881,26,67
13421,0.76,19,25
13422,0.6,3,5
13423,0.7778,7,9
13424,0.7,7,10
13425,0.5833,7,12
13426,0.5263,10,19
13427,1.0,2,2
13428,0.5652,39,69
13429,0.4474,51,114
13430,0.8214,23,28
13431,0.56,42,75
13432,0.7143,5,7
13433,0.5679,46,81
13434,0.5765,49,85
13435,0.1667,3,18
13436,0.4706,8,17
13437,0.36,9,25
13438,0.5185,14,27
13439,0.8636,19,22
13440,0.5,18,36
13441,0.5,1,2
13442,0.3333,4,12
13443,1.0,6,6
13444,0.3833,46,120
13445,0.5455,6,11
13446,0.6774,21,31
13447,0.5926,16,27
13448,0.0,0,3
13449,0.875,7,8
13450,0.7273,8,11
13451,0.3333,13,39
13452,0.2857,2,7
13453,0.7419,69,93
13454,0.7532,58,77
13455,0.2031,13,64
13456,0.3,30,100
13457,0.2308,3,13
13458,0.625,25,40
13459,0.5526,42,76
13460,0.5625,27,48
13461,0.7021,33,47
13462,0.8667,39,45
13463,0.3333,2,6
13464,0.5,2,4
13465,0.4478,60,134
13466,0.4059,41,101
13467,0.375,3,8
13468,0.6667,6,9
13469,0.6667,6,9
13470,0.5398,61,113
13471,0.2558,11,43
13472,0.9091,20,22
13473,0.8095,17,21
13474,1.0,4,4
13475,0.625,15,24
13476,0.7667,23,30
13477,0.5507,76,138
13478,0.5385,7,13
13479,0.8889,8,9
13480,0.5,1,2
13481,0.716,58,81
13482,0.6957,16,23
13483,0.2632,10,38
13484,0.5,2,4
13485,0.4167,25,60
13486,0.6,27,45
13487,0.9643,27,28
13488,0.5,6,12
13490,0.3333,1,3
13491,0.5934,54,91
13492,0.9375,30,32
13493,0.8043,37,46
13494,0.625,120,192
13495,0.88,22,25
13496,0.6667,4,6
13497,0.5246,32,61
13498,0.4545,15,33
13499,0.4932,73,148
13500,0.8636,38,44
13501,1.0,2,2
13502,0.7333,33,45
13503,0.5,6,12
13504,0.8,40,50
13505,0.7273,24,33
13506,0.7143,5,7
13507,0.7778,7,9
13508,0.5172,15,29
13509,0.35,28,80
13510,0.8,8,10
13511,0.6875,11,16
13512,0.7647,78,102
13513,0.6923,9,13
13514,0.8205,32,39
13515,0.5333,8,15
13516,0.5957,28,47
13517,0.75,18,24
13518,0.4773,21,44
13519,0.6667,10,15
13520,0.626,82,131
13521,0.7,7,10
13522,0.6667,2,3
13523,0.3333,8,24
13524,0.8333,10,12
13525,0.5972,43,72
13526,0.4643,26,56
13527,0.245,37,151
13528,0.5,2,4
13529,0.2,2,10
13530,0.1818,2,11
13531,0.6196,57,92
13532,0.6111,11,18
13533,1.0,2,2
13534,0.375,15,40
13535,0.4586,61,133
13536,0.6792,72,106
13537,0.5,3,6
13538,0.2809,25,89
13539,0.4722,17,36
13540,0.6667,2,3
13541,0.4222,19,45
13542,0.6,3,5
13543,0.7373,87,118
13544,0.5,1,2
13545,0.6,3,5
13546,0.5588,38,68
13547,0.5143,18,35
13548,0.625,5,8
13549,0.5079,32,63
13550,0.8095,17,21
13551,0.3026,23,76
13552,0.3784,14,37
13553,0.5556,5,9
13554,0.3333,33,99
13555,0.6667,2,3
13556,0.28,7,25
13557,0.8333,10,12
13558,0.4028,29,72
13559,0.2308,24,104
13560,0.8333,5,6
13561,0.2586,15,58
13562,1.0,7,7
13563,0.5,10,20
13564,0.7391,51,69
13565,0.75,36,48
13566,0.75,12,16
13567,0.0,0,1
13568,0.5833,7,12
13569,0.3304,38,115
13570,0.8636,19,22
13571,0.8333,10,12
13572,0.7714,27,35
13573,0.4194,13,31
13574,0.7419,23,31
13575,0.8824,15,17
13576,0.4361,99,227
13577,0.7404,77,104
13578,0.5455,6,11
13579,0.6,3,5
13580,1.0,2,2
13581,0.4153,49,118
13582,0.7778,21,27
13583,0.449,22,49
13584,1.0,14,14
13585,0.0476,2,42
13586,0.5,4,8
13587,0.5417,13,24
13588,0.55,11,20
13589,0.6452,120,186
13590,0.9231,12,13
13591,0.5968,37,62
13592,0.6957,16,23
13593,0.2353,4,17
13594,0.4762,10,21
13595,0.8519,23,27
13596,0.8182,9,11
13597,0.6875,66,96
13598,0.9333,56,60
13599,0.625,5,8
13600,0.875,14,16
13601,0.6596,31,47
13602,0.2381,5,21
13603,0.2703,20,74
13604,0.4889,66,135
13605,0.6977,30,43
13606,0.3293,27,82
13607,0.625,5,8
13608,0.46,23,50
13609,0.6765,46,68
13610,0.5,18,36
13611,0.5714,4,7
13612,0.5227,23,44
13613,0.5,4,8
13614,0.7857,11,14
13615,0.5,44,88
13616,0.25,1,4
13617,0.3333,3,9
13618,0.5588,19,34
13619,0.8081,80,99
13620,0.8889,8,9
13621,0.8125,13,16
13622,0.3413,57,167
13623,0.6601,134,203
13624,0.7895,15,19
13625,0.88,22,25
13626,0.8571,6,7
13627,0.48,12,25
13628,0.8333,5,6
13629,0.7681,53,69
13630,0.5789,11,19
13631,0.4,24,60
13632,0.6667,10,15
13633,0.3704,10,27
13634,0.569,33,58
13635,0.7857,11,14
13636,0.6207,18,29
13637,0.6667,10,15
13638,1.0,6,6
13639,0.5094,27,53
13640,0.525,42,80
13641,0.6,3,5
13642,0.6,21,35
13643,0.5652,13,23
13644,0.6167,74,120
13645,0.9167,11,12
13646,1.0,2,2
13647,1.0,8,8
13648,0.4286,3,7
13649,0.7714,27,35
13650,1.0,7,7
13651,0.8,4,5
13652,1.0,10,10
13653,0.6667,2,3
13654,0.3636,4,11
13655,0.5,2,4
13656,0.3333,1,3
13657,1.0,5,5
13658,0.9091,10,11
13659,0.6316,12,19
13660,0.5714,12,21
13661,0.8,16,20
13662,0.6154,8,13
13663,0.4762,10,21
13664,0.5,7,14
13665,0.5357,15,28
13666,0.8365,133,159
13667,0.4386,25,57
13668,0.6957,16,23
13669,0.75,6,8
13670,0.8,4,5
13671,0.3219,47,146
13672,0.8333,5,6
13673,1.0,3,3
13674,1.0,7,7
13675,0.5,3,6
13676,0.5,2,4
13677,0.8125,13,16
13678,1.0,25,25
13679,0.4043,76,188
13680,0.566,60,106
13681,0.8235,28,34
13682,0.6667,16,24
13683,0.814,35,43
13684,0.379,47,124
13685,0.6,6,10
13686,0.6,3,5
13687,0.9714,34,35
13688,0.9615,25,26
13689,0.8966,26,29
13690,0.2871,29,101
13691,1.0,1,1
13692,0.8462,11,13
13693,0.5769,15,26
13694,0.7692,10,13
13695,1.0,5,5
13696,0.6935,43,62
13697,0.75,3,4
13698,0.3793,33,87
13699,0.4634,19,41
13700,0.525,21,40
13701,0.6667,4,6
13702,0.6571,23,35
13703,0.8966,26,29
13704,0.5,10,20
13705,0.2778,5,18
13706,0.7143,5,7
13707,0.6774,42,62
13708,0.5849,31,53
13709,0.6087,14,23
13710,0.4889,22,45
13711,0.9333,14,15
13712,0.7667,23,30
13713,1.0,6,6
13714,0.4167,10,24
13715,0.5437,56,103
13716,0.8889,16,18
13717,0.4889,44,90
13718,0.3394,37,109
13719,0.2222,2,9
13720,0.5116,22,43
13721,0.913,21,23
13722,0.5882,10,17
13723,0.2975,36,121
13724,0.7917,19,24
13725,0.7843,40,51
13726,0.2712,16,59
13727,0.8,4,5
13728,0.2,1,5
13729,0.9,27,30
13730,0.4033,73,181
13731,0.5417,13,24
13732,0.7196,77,107
13733,0.5556,5,9
13734,0.3846,5,13
13735,0.3333,1,3
13736,0.2214,29,131
13737,0.7627,45,59
13738,0.5376,50,93
13739,0.2821,11,39
13740,0.8889,8,9
13741,0.875,63,72
13742,0.0,0,1
13743,0.52,39,75
13744,1.0,43,43
13745,0.6,3,5
13746,0.9333,14,15
13747,0.5,2,4
13748,1.0,11,11
13749,0.2,2,10
13750,0.5556,5,9
13751,0.7778,7,9
13752,0.4828,14,29
13753,0.7436,174,234
13755,0.625,20,32
13756,0.5682,25,44
13757,0.7222,39,54
13758,0.1,2,20
13759,0.8889,8,9
13760,1.0,15,15
13761,0.5467,41,75
13762,0.7027,78,111
13763,0.2228,45,202
13764,0.4167,5,12
13765,0.8,4,5
13766,0.3529,6,17
13767,0.6667,4,6
13768,0.75,12,16
13769,0.8837,38,43
13770,0.5455,18,33
13771,1.0,10,10
13772,0.7368,28,38
13773,0.7179,28,39
13774,0.7647,13,17
13775,0.5476,46,84
13776,1.0,11,11
13777,0.4815,13,27
13778,0.7273,16,22
13779,0.3214,9,28
13780,0.66,33,50
13781,0.4564,68,149
13782,0.7556,34,45
13783,0.4545,10,22
13784,0.8947,17,19
13785,0.92,23,25
13786,0.4107,23,56
13787,0.493,35,71
13788,0.6562,42,64
13789,0.9259,25,27
13790,0.3846,10,26
13791,0.7059,48,68
13792,1.0,7,7
13793,0.3333,1,3
13794,0.6667,8,12
13795,0.3286,46,140
13796,0.2727,3,11
13797,0.6667,50,75
13798,0.3607,22,61
13799,0.5357,15,28
13800,1.0,2,2
13801,0.0,0,1
13802,1.0,15,15
13803,0.4167,20,48
13804,0.6,3,5
13805,0.9688,31,32
13806,0.75,15,20
13807,0.7451,38,51
13808,0.7391,17,23
13809,0.5714,32,56
13810,0.413,19,46
13811,0.8182,18,22
13812,0.8889,32,36
13813,0.5185,14,27
13814,0.6667,8,12
13815,1.0,13,13
13816,0.3333,7,21
13817,0.5574,34,61
13818,0.2785,22,79
13819,0.75,24,32
13820,0.7188,23,32
13821,0.6522,15,23
13822,0.5556,5,9
13823,0.1778,16,90
13824,0.6875,11,16
13825,0.5,4,8
13826,1.0,7,7
13827,0.8333,35,42
13828,0.4776,32,67
13829,0.8182,9,11
13830,0.8947,17,19
13831,0.5,4,8
13832,0.75,3,4
13833,0.8235,14,17
13834,0.8519,23,27
13835,1.0,3,3
13836,0.7143,10,14
13837,0.4286,3,7
13838,0.9306,67,72
13839,0.5814,25,43
13840,0.5517,16,29
13841,0.5417,13,24
13842,1.0,5,5
13843,0.6562,21,32
13844,0.7308,19,26
13845,0.25,2,8
13846,0.75,27,36
13847,0.8,4,5
13848,0.5,6,12
13849,0.2275,48,211
13850,0.5556,5,9
13851,0.5227,23,44
13852,0.8571,6,7
13853,0.5,5,10
13854,0.8684,33,38
13855,0.6667,2,3
13856,0.4521,33,73
13857,0.6667,6,9
13858,0.2933,22,75
13859,0.5833,28,48
13860,0.6,3,5
13861,0.2609,6,23
13862,0.0,0,7
13863,0.8571,6,7
13864,0.6364,49,77
13865,0.44,22,50
13866,0.6953,89,128
13867,0.8085,38,47
13868,0.6,27,45
13869,0.9459,35,37
13870,0.8571,6,7
13871,0.6471,11,17
13872,0.8125,13,16
13873,1.0,6,6
13874,0.6897,20,29
13875,0.4524,19,42
13876,0.3929,11,28
13877,0.4286,3,7
13878,0.7222,13,18
13879,0.75,6,8
13880,1.0,13,13
13881,0.6667,2,3
13882,1.0,6,6
13883,0.4545,5,11
13884,0.7407,20,27
13885,0.6923,9,13
13886,0.7273,32,44
13887,1.0,7,7
13888,0.6857,24,35
13889,0.3556,32,90
13890,0.5,8,16
13891,0.3774,60,159
13892,0.5528,110,199
13893,0.7143,25,35
13894,0.75,3,4
13895,0.8333,50,60
13896,0.4737,9,19
13897,0.65,13,20
13898,0.8,4,5
13899,0.6774,63,93
13900,0.6923,9,13
13901,0.3889,7,18
13902,0.5556,5,9
13903,0.6,6,10
13904,0.6296,17,27
13905,0.8056,29,36
13906,0.4462,29,65
13907,0.4615,12,26
13908,0.9375,15,16
13909,0.9231,12,13
13910,0.6667,4,6
13911,0.6875,22,32
13912,0.8571,18,21
13913,0.8148,22,27
13914,1.0,11,11
13915,0.2687,18,67
13916,0.7875,63,80
13917,0.75,24,32
13918,0.8333,30,36
13919,0.7143,10,14
13920,0.791,53,67
13921,0.5122,21,41
13922,0.5882,40,68
13923,0.6957,32,46
13924,0.7778,7,9
13925,0.4878,20,41
13926,0.6667,4,6
13927,1.0,11,11
13928,0.6923,18,26
13929,0.8038,127,158
13930,0.6882,64,93
13931,0.4375,7,16
13932,0.7778,21,27
13933,0.44,11,25
13934,0.45,45,100
13935,0.5909,13,22
13936,1.0,4,4
13937,0.3704,10,27
13938,0.261,107,410
13939,0.4545,25,55
13940,0.8182,9,11
13941,0.5455,6,11
13942,0.75,78,104
13943,0.875,42,48
13944,0.9167,66,72
13945,0.8889,16,18
13946,0.6818,15,22
13947,0.6,54,90
13948,0.575,23,40
13949,0.8889,8,9
13950,0.8095,17,21
13951,1.0,4,4
13952,0.5354,53,99
13953,0.325,13,40
13954,0.0,0,1
13955,0.8192,145,177
13956,0.25,1,4
13957,0.9143,32,35
13958,0.875,7,8
13959,0.5833,28,48
13960,0.5,14,28
13961,0.0,0,1
13962,0.4,2,5
13963,0.3235,11,34
13964,0.6209,95,153
13965,0.8367,41,49
13966,0.5517,64,116
13967,0.5345,31,58
13968,0.5714,16,28
13969,0.6,3,5
13970,0.8039,41,51
13971,0.4918,30,61
13972,0.6923,9,13
13973,0.4898,24,49
13974,0.2,1,5
13975,0.8333,20,24
13976,0.3077,4,13
13977,0.1429,14,98
13978,0.6897,20,29
13979,0.5517,16,29
13980,0.6545,36,55
13981,0.7059,12,17
13982,0.4706,8,17
13983,0.4396,40,91
13984,0.4239,39,92
13985,0.6667,10,15
13986,0.5,9,18
13987,0.76,19,25
13988,0.4038,21,52
13989,0.8214,23,28
13990,0.7778,7,9
13991,0.4518,75,166
13992,0.5,2,4
13993,0.4375,14,32
13994,0.6552,19,29
13995,0.6667,4,6
13996,0.2065,19,92
13997,0.4318,19,44
13998,0.3478,16,46
13999,0.4167,10,24
14000,0.8929,25,28
14001,0.3585,19,53
14002,0.7273,16,22
14003,0.5,35,70
14004,0.8182,18,22
14005,0.6364,7,11
14006,0.6364,14,22
14007,0.8,8,10
14008,0.8125,13,16
14009,1.0,6,6
14010,0.4828,14,29
14011,0.8182,9,11
14012,0.5,5,10
14013,1.0,10,10
14014,0.7885,41,52
14015,0.3714,13,35
14016,0.3333,1,3
14017,0.5517,16,29
14018,0.9091,10,11
14019,0.5806,18,31
14020,0.4857,17,35
14021,0.8333,10,12
14022,0.3692,24,65
14023,0.8,24,30
14024,0.8557,83,97
14025,0.3916,56,143
14026,0.8571,6,7
14027,0.5806,18,31
14028,0.6721,41,61
14029,0.6364,7,11
14030,0.5294,9,17
14031,0.8438,27,32
14032,0.2727,84,308
14033,0.3409,15,44
14034,0.6693,85,127
14035,0.65,13,20
14036,0.6,9,15
14037,0.55,33,60
14038,0.625,35,56
14039,0.5,2,4
14040,0.4643,13,28
14041,1.0,9,9
14042,0.4468,21,47
14043,0.1304,3,23
14044,1.0,14,14
14045,0.5556,15,27
14046,0.449,22,49
14047,0.3636,4,11
14048,0.4118,7,17
14049,0.6957,16,23
14050,0.5714,8,14
14051,0.8378,31,37
14052,0.5766,79,137
14053,0.8257,90,109
14054,1.0,20,20
14055,0.9474,18,19
14056,0.4828,70,145
14057,0.8889,8,9
14058,0.473,35,74
14059,0.55,22,40
14060,0.5564,148,266
14061,0.25,1,4
14062,0.5,5,10
14063,0.7778,63,81
14064,0.7419,23,31
14065,0.25,5,20
14066,0.7143,5,7
14067,0.828,77,93
14068,0.3077,4,13
14069,0.7917,19,24
14070,0.52,52,100
14071,0.5808,97,167
14072,0.75,3,4
14073,0.7838,29,37
14074,0.95,19,20
14075,0.5,1,2
14076,0.3969,52,131
14077,1.0,28,28
14078,0.25,6,24
14079,0.5345,31,58
14080,1.0,2,2
14081,0.5714,68,119
14082,0.9565,22,23
14083,0.3918,67,171
14084,0.5,2,4
14085,0.4783,11,23
14086,0.2537,17,67
14087,0.8571,6,7
14088,0.6667,12,18
14089,0.6071,17,28
14090,0.7857,11,14
14091,0.8293,34,41
14092,0.6452,20,31
14093,0.5,8,16
14094,0.8077,21,26
14095,1.0,6,6
14096,0.9,18,20
14097,1.0,8,8
14099,0.7887,56,71
14100,0.3824,13,34
14101,0.8571,18,21
14102,0.4444,4,9
14103,0.9167,11,12
14104,0.6667,2,3
14105,0.5849,31,53
14106,0.64,32,50
14107,0.75,54,72
14108,0.6548,55,84
14109,0.5882,20,34
14110,0.625,5,8
14111,0.4,10,25
14112,0.7059,36,51
14113,0.9167,11,12
14114,0.8125,13,16
14115,0.7742,24,31
14116,0.8,40,50
14117,0.5677,88,155
14118,0.75,9,12
14119,0.6129,19,31
14120,0.7083,17,24
14121,0.6,6,10
14122,0.625,5,8
14123,0.8182,9,11
14124,0.0,0,5
14125,0.3448,10,29
14126,0.4444,12,27
14127,0.4101,57,139
14128,0.2,1,5
14129,0.5125,41,80
14130,0.6774,21,31
14131,0.7647,26,34
14132,0.4681,44,94
14133,0.7976,67,84
14134,0.5455,12,22
14135,0.4615,12,26
14136,0.6154,16,26
14137,1.0,8,8
14138,0.8333,5,6
14139,0.28,14,50
14140,0.3571,10,28
14141,0.2443,32,131
14142,0.6842,13,19
14143,0.3191,30,94
14144,0.5,10,20
14145,0.6667,8,12
14146,0.7632,29,38
14147,0.5556,5,9
14148,0.1857,39,210
14149,0.2,1,5
14150,0.7407,20,27
14151,0.4416,136,308
14152,0.4615,6,13
14153,0.0926,10,108
14154,0.3836,56,146
14155,0.7929,111,140
14156,1.0,1,1
14157,0.4167,10,24
14158,1.0,10,10
14159,0.8052,62,77
14160,0.4118,21,51
14161,0.7436,29,39
14162,1.0,5,5
14163,0.6346,33,52
14164,0.8864,39,44
14165,0.5714,4,7
14166,0.8974,35,39
14167,0.4,2,5
14168,0.4643,26,56
14169,0.8333,5,6
14170,0.25,6,24
14171,0.8,8,10
14172,0.3895,37,95
14173,0.4149,39,94
14174,0.7282,75,103
14175,0.8205,64,78
14176,0.75,27,36
14177,0.5,11,22
14178,0.5,4,8
14179,0.8182,9,11
14180,0.3651,23,63
14181,0.3333,2,6
14182,0.95,19,20
14183,1.0,11,11
14184,0.68,17,25
14186,0.6667,14,21
14187,0.8,36,45
14188,0.5714,4,7
14189,0.8644,51,59
14190,0.6667,6,9
14191,0.5,5,10
14192,0.8333,5,6
14193,1.0,7,7
14194,0.5833,7,12
14195,0.5,5,10
14196,0.2741,54,197
14197,0.3333,3,9
14198,0.4167,5,12
14199,0.6304,29,46
14200,0.5,2,4
14201,0.6571,23,35
14202,0.4286,39,91
14203,0.5196,53,102
14204,0.5632,49,87
14205,1.0,4,4
14206,0.8148,44,54
14207,0.8611,31,36
14208,0.2812,18,64
14209,0.6296,17,27
14210,0.4254,57,134
14211,0.8108,30,37
14212,0.8333,5,6
14213,0.5714,4,7
14214,0.9524,20,21
14215,0.6,18,30
14216,0.3377,26,77
14217,0.7647,13,17
14218,0.7,14,20
14219,0.8947,17,19
14220,0.6552,38,58
14221,0.8298,39,47
14222,0.4651,20,43
14223,0.7241,21,29
14224,0.4921,31,63
14225,0.8571,6,7
14226,0.6667,4,6
14227,0.6167,37,60
14228,0.7265,85,117
14229,0.4127,26,63
14230,0.7879,26,33
14231,0.3896,30,77
14232,0.5926,16,27
14233,1.0,5,5
14234,1.0,5,5
14235,0.8824,15,17
14236,0.8333,40,48
14237,0.8667,13,15
14238,0.6038,32,53
14239,0.0,0,2
14240,0.0,0,2
14241,0.8571,24,28
14242,0.4545,15,33
14243,0.4737,9,19
14244,1.0,6,6
14245,0.9259,25,27
14246,0.7,14,20
14247,0.25,1,4
14248,0.4096,34,83
14249,0.0588,2,34
14250,0.6667,4,6
14251,0.4583,11,24
14252,0.7308,19,26
14253,0.8452,71,84
14254,0.4444,4,9
14255,0.8696,20,23
14256,0.3333,1,3
14257,0.6923,18,26
14258,0.5833,7,12
14259,1.0,2,2
14260,0.4486,48,107
14261,0.7447,70,94
14262,0.5714,4,7
14263,0.7778,21,27
14264,0.3469,17,49
14265,0.7143,5,7
14266,0.5682,25,44
14267,0.7273,8,11
14268,1.0,14,14
14269,0.4333,39,90
14270,0.9286,13,14
14271,0.3913,9,23
14272,0.9355,29,31
14273,0.7273,8,11
14274,0.8182,9,11
14275,0.5455,6,11
14276,0.7,14,20
14277,0.359,14,39
14278,0.8864,39,44
14279,0.55,11,20
14280,0.6075,130,214
14281,0.3333,14,42
14282,0.5596,61,109
14283,0.5,18,36
14284,0.5833,14,24
14285,0.5092,111,218
14286,0.537,29,54
14287,0.5833,14,24
14288,0.7,21,30
14289,0.5714,12,21
14290,0.625,5,8
14291,0.6667,4,6
14292,0.1333,10,75
14293,0.566,30,53
14294,0.5263,10,19
14295,0.8043,37,46
14296,0.3582,24,67
14297,0.5,4,8
14298,0.3333,14,42
14299,0.551,54,98
14300,0.8235,14,17
14301,0.5208,25,48
14302,0.6667,4,6
14303,0.4918,60,122
14304,0.5094,27,53
14305,0.625,30,48
14306,0.5,1,2
14307,0.64,16,25
14308,0.9138,53,58
14309,0.7727,17,22
14310,0.5,15,30
14311,0.5,5,10
14312,0.7143,45,63
14313,0.6667,30,45
14314,0.6667,4,6
14315,0.3148,17,54
14316,0.5897,23,39
14317,1.0,6,6
14318,0.9091,10,11
14319,0.7714,27,35
14320,0.2857,8,28
14321,0.8571,6,7
14322,1.0,3,3
14323,0.4667,7,15
14324,0.6765,23,34
14325,0.8929,25,28
14326,0.6,6,10
14327,0.5397,34,63
14328,0.6909,38,55
14329,0.5,18,36
14330,0.375,3,8
14331,0.56,28,50
14332,1.0,3,3
14333,0.9286,13,14
14334,0.48,12,25
14335,0.625,15,24
14336,0.4737,27,57
14337,0.5,16,32
14338,0.375,3,8
14339,0.88,22,25
14340,0.3421,13,38
14341,0.4145,63,152
14342,0.8378,31,37
14343,0.4,4,10
14344,0.5294,9,17
14345,0.6744,29,43
14346,0.7857,22,28
14347,0.625,5,8
14348,0.7838,58,74
14349,0.7179,28,39
14350,0.8333,10,12
14351,0.3735,31,83
14352,0.5,18,36
14353,0.7273,16,22
14354,0.7692,10,13
14355,0.6195,70,113
14356,0.8667,13,15
14357,0.5625,9,16
14358,0.8,4,5
14359,0.8088,55,68
14360,0.5385,14,26
14361,0.8182,9,11
14362,0.2857,6,21
14363,0.4419,19,43
14364,0.7619,32,42
14365,0.5439,31,57
14366,0.6667,4,6
14367,0.4783,11,23
14368,0.1429,1,7
14369,0.9231,24,26
14370,0.6667,2,3
14371,0.8,4,5
14372,0.4615,42,91
14373,0.9,9,10
14374,0.8537,35,41
14375,0.4118,21,51
14376,0.7727,34,44
14377,0.625,45,72
14378,0.7692,20,26
14379,0.8,8,10
14380,0.8,4,5
14381,0.5918,29,49
14382,0.5,13,26
14383,0.5556,15,27
14384,1.0,3,3
14385,0.64,16,25
14386,0.4167,5,12
14387,0.5714,4,7
14388,0.2615,34,130
14389,0.6939,34,49
14390,0.8571,6,7
14391,0.5625,9,16
14392,0.506,42,83
14393,0.6058,63,104
14394,0.8947,17,19
14395,0.9583,23,24
14396,0.3214,9,28
14397,0.5909,13,22
14398,0.4639,45,97
14399,0.6842,13,19
14400,0.4,2,5
14401,0.3529,6,17
14402,0.8636,38,44
14403,1.0,2,2
14404,1.0,8,8
14405,0.5172,15,29
14406,0.4348,10,23
14407,0.8333,30,36
14408,0.8889,8,9
14409,0.8,24,30
14410,1.0,8,8
14411,0.4894,23,47
14412,0.64,48,75
14413,0.1429,4,28
14414,0.8378,31,37
14415,0.6316,12,19
14416,0.8333,5,6
14417,0.275,22,80
14418,0.6042,58,96
14420,0.75,6,8
14421,0.2245,66,294
14422,0.8333,15,18
14423,0.5882,20,34
14424,0.6364,7,11
14425,1.0,4,4
14426,0.5484,34,62
14427,0.6531,32,49
14428,0.4146,17,41
14429,0.2857,2,7
14430,0.7982,91,114
14431,0.6364,14,22
14432,0.5484,17,31
14433,0.7826,18,23
14434,0.1369,23,168
14435,0.1875,15,80
14436,0.8,4,5
14437,0.6327,93,147
14438,0.8571,12,14
14439,0.7,7,10
14440,0.625,5,8
14441,0.234,22,94
14442,0.5294,18,34
14443,0.4706,8,17
14444,0.7879,26,33
14445,0.6207,18,29
14446,0.5349,23,43
14447,0.5882,10,17
14448,0.2368,9,38
14449,0.7949,62,78
14450,0.4583,22,48
14451,0.8376,98,117
14452,1.0,1,1
14453,0.3723,51,137
14454,0.7313,49,67
14455,0.5,1,2
14456,0.3304,38,115
14457,0.5296,134,253
14458,0.5,46,92
14459,1.0,1,1
14460,1.0,3,3
14461,0.7308,76,104
14462,0.2982,34,114
14463,0.5377,57,106
14464,0.5714,4,7
14465,0.8462,11,13
14466,0.64,16,25
14467,0.5,3,6
14468,0.5273,29,55
14469,0.7576,25,33
14470,0.8571,18,21
14471,1.0,25,25
14472,0.4947,47,95
14473,0.6,60,100
14474,0.8851,77,87
14475,0.6923,9,13
14476,0.3402,33,97
14477,0.8182,18,22
14479,0.2982,17,57
14480,0.6,3,5
14481,0.0,0,2
14482,0.0,0,1
14483,0.4667,14,30
14484,0.9,18,20
14485,0.6154,40,65
14486,0.3373,28,83
14487,0.6,3,5
14488,1.0,6,6
14489,0.9552,64,67
14490,0.9118,31,34
14491,0.3492,22,63
14492,0.439,18,41
14493,0.2533,19,75
14494,0.6,3,5
14495,1.0,14,14
14496,0.5099,77,151
14497,0.6667,4,6
14498,0.6667,8,12
14499,0.5263,30,57
14500,0.875,14,16
14501,0.7931,23,29
14502,0.3704,10,27
14503,0.575,23,40
14504,0.6316,24,38
14505,0.9,18,20
14506,0.3529,36,102
14507,0.8235,14,17
14508,0.5,15,30
14509,0.2619,11,42
14510,0.8333,15,18
14511,0.6562,21,32
14512,0.7899,94,119
14513,0.7115,37,52
14514,0.625,5,8
14515,1.0,2,2
14516,0.3,3,10
14517,0.4,14,35
14518,0.5676,21,37
14519,0.251,65,259
14520,0.6034,35,58
14521,1.0,1,1
14522,0.7,7,10
14523,0.6875,11,16
14524,0.1724,5,29
14525,1.0,13,13
14526,0.7143,30,42
14527,0.6279,27,43
14528,0.6771,65,96
14530,0.5161,16,31
14531,0.694,93,134
14532,0.5,1,2
14533,0.7403,57,77
14534,0.3613,43,119
14535,0.8125,26,32
14536,0.8209,55,67
14537,0.5682,25,44
14538,0.75,3,4
14539,0.0,0,2
14540,0.8305,49,59
14541,0.6364,7,11
14542,0.5977,52,87
14543,0.6923,9,13
14544,0.9194,114,124
14545,0.625,5,8
14546,0.8101,64,79
14547,0.3804,62,163
14548,0.0,0,1
14549,0.8679,46,53
14550,0.5625,18,32
14551,0.5714,120,210
14552,0.4487,35,78
14553,0.5,1,2
14554,0.3,3,10
14555,0.875,21,24
14556,0.6061,20,33
14557,0.8519,23,27
14558,0.4141,82,198
14559,0.8073,88,109
14560,0.8571,6,7
14561,0.4603,29,63
14562,0.6538,34,52
14563,0.25,2,8
14564,0.0714,1,14
14565,0.5833,7,12
14566,0.2581,8,31
14567,1.0,1,1
14568,0.9167,11,12
14569,0.8333,10,12
14570,0.68,17,25
14571,0.6667,12,18
14572,0.4539,123,271
14573,0.9474,18,19
14574,0.7778,28,36
14575,0.5556,25,45
14577,1.0,8,8
14578,0.625,35,56
14579,1.0,2,2
14580,0.5556,5,9
14581,0.375,12,32
14582,0.5217,12,23
14583,0.5366,22,41
14584,1.0,14,14
14585,0.4444,8,18
14586,0.7857,11,14
14587,0.3929,11,28
14588,0.6154,8,13
14589,1.0,21,21
14590,0.6,3,5
14591,0.8519,23,27
14592,0.7273,16,22
14593,0.4231,11,26
14594,0.0,0,3
14595,1.0,3,3
14596,0.6667,6,9
14597,0.8,16,20
14598,0.67,67,100
14599,0.2,1,5
14600,0.587,27,46
14601,0.7167,43,60
14602,0.7222,13,18
14603,0.4894,23,47
14604,1.0,7,7
14605,0.1429,1,7
14606,0.6667,2,3
14607,0.68,34,50
14608,0.6667,2,3
14609,0.5,2,4
14610,0.589,43,73
14611,0.5455,6,11
14612,0.25,2,8
14613,0.8936,42,47
14614,0.25,17,68
14615,0.9,9,10
14616,0.8611,31,36
14617,0.6875,11,16
14618,0.661,39,59
14619,0.4444,4,9
14620,0.7143,5,7
14621,0.4,2,5
14622,0.1765,3,17
14623,0.8095,17,21
14624,1.0,5,5
14625,0.3659,15,41
14626,0.875,7,8
14627,0.0,0,2
14628,0.8214,69,84
14629,0.625,10,16
14630,0.6389,23,36
14631,0.6579,25,38
14632,0.5833,7,12
14633,0.7273,8,11
14634,0.75,3,4
14635,0.7143,10,14
14636,0.5476,46,84
14637,0.2453,13,53
14638,0.8,16,20
14639,0.0,0,2
14640,0.5833,7,12
14641,1.0,1,1
14642,0.3333,2,6
14643,0.5517,16,29
14644,0.878,36,41
14645,0.4286,3,7
14646,0.7778,7,9
14647,0.4643,13,28
14648,0.44,11,25
14649,0.3649,27,74
14650,0.8,4,5
14651,0.2,1,5
14652,0.625,10,16
14654,0.6316,24,38
14655,0.6166,119,193
14656,0.1429,1,7
14658,0.7941,27,34
14659,1.0,2,2
14660,0.5,2,4
14661,0.4673,50,107
14662,0.6429,18,28
14663,0.2222,2,9
14664,0.6129,19,31
14665,0.383,72,188
14666,0.6429,18,28
14667,0.7222,39,54
14668,0.449,22,49
14669,0.625,40,64
14670,1.0,7,7
14671,1.0,24,24
14672,0.0,0,2
14673,0.375,3,8
14674,0.381,8,21
14675,0.4925,33,67
14676,0.8889,24,27
14677,0.3968,25,63
14678,0.6918,101,146
14679,0.6667,14,21
14680,0.3902,32,82
14681,0.1429,1,7
14682,0.625,5,8
14683,0.75,6,8
14684,1.0,7,7
14685,0.5,1,2
14686,1.0,3,3
14687,0.7679,43,56
14688,0.2391,11,46
14689,0.3333,7,21
14690,0.6667,20,30
14691,0.9091,10,11
14692,0.5273,29,55
14693,0.7333,11,15
14694,0.4286,3,7
14695,0.5238,22,42
14696,0.6842,26,38
14697,1.0,6,6
14698,0.6923,9,13
14699,1.0,7,7
14700,0.8548,53,62
14701,0.6,3,5
14702,1.0,5,5
14703,0.7692,10,13
14704,0.211,23,109
14705,0.2675,149,557
14706,0.8529,29,34
14707,0.5238,11,21
14708,0.5333,8,15
14709,0.5102,25,49
14710,0.8333,5,6
14711,0.875,7,8
14712,0.6977,30,43
14713,0.78,39,50
14714,1.0,7,7
14715,0.0,0,3
14716,1.0,3,3
14717,0.5714,12,21
14718,0.56,14,25
14719,0.6667,4,6
14720,0.766,72,94
14721,0.3407,31,91
14722,0.4231,11,26
14723,0.4286,3,7
14724,0.5424,32,59
14725,0.8889,8,9
14726,1.0,22,22
14727,0.5714,8,14
14728,0.75,3,4
14729,0.6667,8,12
14730,0.8889,16,18
14731,0.2727,9,33
14732,0.7653,75,98
14733,0.6452,20,31
14734,0.931,27,29
14735,0.8136,48,59
14736,0.2143,3,14
14737,0.7059,12,17
14738,0.2429,17,70
14739,0.1111,1,9
14740,0.4286,3,7
14741,0.7742,24,31
14742,0.7556,34,45
14743,0.6364,7,11
14744,0.3333,2,6
14745,0.9245,49,53
14746,0.5328,65,122
14747,0.3793,11,29
14748,0.5625,36,64
14749,1.0,2,2
14750,0.7143,5,7
14751,0.52,13,25
14752,0.9231,24,26
14753,0.7778,42,54
14754,0.25,1,4
14755,0.9583,23,24
14757,0.7,7,10
14758,0.32,8,25
14759,0.6522,30,46
14760,0.8333,10,12
14761,0.5182,57,110
14762,0.7105,27,38
14763,0.6667,4,6
14764,0.75,3,4
14765,0.625,5,8
14766,0.4909,27,55
14767,0.5556,5,9
14768,0.8158,31,38
14769,0.3333,1,3
14770,0.7,7,10
14771,0.3333,5,15
14772,0.1905,12,63
14773,0.4,2,5
14774,0.75,12,16
14775,0.5556,5,9
14776,0.5789,11,19
14777,0.875,21,24
14778,0.3793,11,29
14779,0.885,100,113
14780,0.5909,26,44
14781,0.7286,51,70
14782,0.52,13,25
14783,0.7778,7,9
14784,0.75,60,80
14785,0.4262,26,61
14786,0.75,33,44
14787,0.6667,2,3
14788,1.0,7,7
14789,0.1667,4,24
14790,1.0,10,10
14791,0.9524,20,21
14792,0.9091,10,11
14793,0.7222,26,36
14794,0.5,5,10
14795,0.7727,17,22
14796,1.0,14,14
14797,0.875,7,8
14798,0.6957,96,138
14799,0.5435,25,46
14800,0.3684,7,19
14801,0.5,4,8
14802,0.825,33,40
14803,0.5333,8,15
14804,0.3333,25,75
14805,0.7143,5,7
14806,1.0,3,3
14807,1.0,2,2
14808,0.5056,91,180
14809,0.8,8,10
14810,0.5,5,10
14811,0.6667,20,30
14812,0.9167,11,12
14813,0.5,5,10
14814,0.8864,39,44
14815,0.7879,26,33
14816,0.8667,13,15
14817,0.75,27,36
14818,0.6154,8,13
14819,0.5,2,4
14820,0.8947,17,19
14821,1.0,4,4
14822,0.4615,6,13
14823,0.625,5,8
14824,0.6,30,50
14825,0.5208,25,48
14826,0.4176,38,91
14827,1.0,7,7
14828,0.8125,26,32
14829,0.65,13,20
14830,0.5857,41,70
14831,0.8235,98,119
14832,0.3654,19,52
14833,0.9167,22,24
14834,0.4082,20,49
14835,0.625,5,8
14836,0.8108,90,111
14837,0.3529,6,17
14838,0.5417,13,24
14839,0.4286,48,112
14840,0.6809,32,47
14841,0.6333,38,60
14842,0.8462,11,13
14843,0.75,3,4
14844,0.9,9,10
14845,0.6742,120,178
14846,0.5714,12,21
14847,0.25,2,8
14848,0.75,42,56
14849,0.4773,21,44
14850,0.4046,53,131
14851,0.7692,10,13
14852,0.875,28,32
14853,0.875,7,8
14854,0.5682,25,44
14855,0.7333,11,15
14856,0.3968,25,63
14857,0.4615,12,26
14858,0.75,6,8
14859,0.5321,83,156
14860,0.8966,26,29
14861,0.4167,10,24
14862,0.8,4,5
14863,0.9159,98,107
14864,0.76,19,25
14865,1.0,8,8
14866,0.4706,56,119
14867,0.3803,27,71
14868,0.6667,6,9
14869,0.4231,44,104
14870,0.5366,22,41
14871,0.8,4,5
14872,0.8,4,5
14873,0.2,1,5
14874,0.7222,13,18
14875,1.0,3,3
14876,0.8333,10,12
14877,0.5526,21,38
14878,0.6275,32,51
14879,1.0,6,6
14880,0.6316,36,57
14881,0.4211,16,38
14882,0.7703,57,74
14883,0.8571,6,7
14884,0.359,14,39
14885,0.7778,14,18
14886,0.5217,12,23
14887,0.36,9,25
14888,0.9167,22,24
14889,0.4583,11,24
14890,0.8182,9,11
14891,0.4468,21,47
14892,0.7419,23,31
14893,0.625,5,8
14894,0.3333,1,3
14895,0.6,3,5
14896,0.5714,68,119
14897,0.5238,11,21
14898,0.7288,43,59
14899,0.6667,24,36
14900,0.4186,36,86
14901,0.4444,4,9
14902,0.8182,9,11
14903,0.0,0,1
14904,0.5882,10,17
14905,1.0,5,5
14906,0.9286,13,14
14907,0.5,11,22
14908,0.5562,94,169
14909,0.6296,17,27
14910,0.8462,11,13
14911,0.5,2,4
14912,1.0,7,7
14913,1.0,4,4
14914,0.5833,21,36
14915,0.5,4,8
14916,0.4219,54,128
14917,0.8857,31,35
14918,0.7778,7,9
14919,0.875,7,8
14920,0.7931,23,29
14921,0.4444,4,9
14922,0.4167,5,12
14923,0.6,3,5
14924,0.7143,10,14
14925,0.875,14,16
14926,0.5185,14,27
14927,0.1667,1,6
14928,0.4878,40,82
14929,0.7596,79,104
14930,0.7821,61,78
14931,0.48,12,25
14932,0.5455,42,77
14933,0.2903,9,31
14934,0.8333,5,6
14935,0.4545,5,11
14936,0.68,17,25
14937,0.6471,11,17
14938,0.625,25,40
14939,0.5,1,2
14940,0.5,12,24
14941,0.7698,97,126
14942,1.0,5,5
14943,0.5422,45,83
14944,0.8837,38,43
14945,0.5714,4,7
14946,0.3333,3,9
14947,0.8462,22,26
14948,0.6,18,30
14949,0.3103,18,58
14950,0.5176,44,85
14951,0.0,0,1
14952,0.6786,19,28
14953,0.7241,21,29
14954,0.8636,19,22
14955,1.0,1,1
14956,0.8667,13,15
14957,0.6923,27,39
14958,0.7742,24,31
14959,0.8333,10,12
14960,0.25,1,4
14961,0.5152,17,33
14962,0.4186,18,43
14963,0.6944,25,36
14964,0.7,7,10
14965,0.2593,7,27
14966,0.8261,38,46
14967,0.9091,10,11
14968,0.5,1,2
14969,0.5405,20,37
14970,0.8095,17,21
14971,0.5,10,20
14972,0.5,15,30
14973,0.5,1,2
14974,0.75,9,12
14975,0.7568,28,37
14976,0.7368,14,19
14977,0.3709,56,151
14978,0.3333,1,3
14979,0.6842,26,38
14980,1.0,5,5
14981,1.0,7,7
14982,0.7,21,30
14983,0.8696,20,23
14984,0.8571,6,7
14985,0.45,9,20
14986,0.6783,97,143
14987,0.2,1,5
14988,1.0,3,3
14989,0.6667,6,9
14990,0.7222,13,18
14991,0.875,7,8
14992,0.7627,45,59
14993,0.2558,11,43
14994,0.3472,50,144
14995,0.6,3,5
14996,0.9167,11,12
14997,0.4194,13,31
14998,0.7059,12,17
14999,0.7593,41,54
15000,1.0,10,10
15001,1.0,3,3
15002,0.7647,26,34
15003,0.0,0,2
15004,1.0,2,2
15005,0.5217,24,46
15006,0.2,1,5
15007,0.9375,15,16
15008,0.8,12,15
15009,0.3673,18,49
15010,0.7143,5,7
15011,0.5455,6,11
15012,0.8333,5,6
15013,0.6727,74,110
15014,0.5179,29,56
15015,0.5758,19,33
15016,0.78,39,50
15017,0.5882,10,17
15018,0.1111,1,9
15019,0.4884,21,43
15020,0.6667,4,6
15021,0.2069,6,29
15022,0.4211,8,19
15023,0.5529,47,85
15024,0.459,56,122
15025,0.6636,73,110
15026,0.625,50,80
15027,0.5667,51,90
15028,0.6667,2,3
15029,0.6552,38,58
15030,0.6786,57,84
15031,0.5,8,16
15032,0.4615,6,13
15033,0.8372,36,43
15034,0.7778,7,9
15035,0.6,21,35
15036,0.3036,17,56
15037,0.8889,8,9
15038,0.6667,18,27
15039,0.8537,35,41
15040,0.8,4,5
15041,0.8333,10,12
15042,0.7556,34,45
15043,0.5354,53,99
15044,0.25,2,8
15045,0.5833,14,24
15046,0.5455,12,22
15047,0.4375,49,112
15048,0.6,12,20
15049,0.7143,5,7
15050,0.7,28,40
15051,0.8254,52,63
15052,0.52,13,25
15053,0.4211,8,19
15054,0.5833,7,12
15055,0.6364,21,33
15056,0.0,0,1
15057,0.35,7,20
15058,0.4815,39,81
15059,0.8095,17,21
15060,0.3906,25,64
15061,0.9079,69,76
15062,0.4815,13,27
15063,0.5833,42,72
15064,0.5833,7,12
15065,0.29,29,100
15066,0.4351,67,154
15067,0.2812,9,32
15068,0.7083,17,24
15069,0.16,4,25
15070,0.3846,10,26
15071,0.5,4,8
15072,0.3218,28,87
15073,0.4054,30,74
15074,0.9615,25,26
15075,0.4223,144,341
15076,0.6286,22,35
15077,0.8857,31,35
15078,0.7273,24,33
15079,0.9167,11,12
15080,1.0,8,8
15081,0.9048,19,21
15082,1.0,5,5
15083,0.3958,38,96
15084,0.6667,6,9
15085,0.375,9,24
15086,0.3667,11,30
15087,0.7037,19,27
15088,0.9333,14,15
15089,0.9091,20,22
15090,0.6,12,20
15091,0.8571,12,14
15092,0.5818,32,55
15093,0.8654,45,52
15094,0.7692,20,26
15095,0.8154,53,65
15096,0.8293,34,41
15097,0.7,7,10
15098,0.4551,71,156
15099,0.4227,41,97
15100,0.5,5,10
15101,1.0,8,8
15102,0.5,13,26
15103,0.4,2,5
15104,0.6304,29,46
15105,0.9231,12,13
15106,0.75,3,4
15107,0.8333,30,36
15108,0.5568,49,88
15109,0.9333,14,15
15110,0.9667,29,30
15111,0.6429,9,14
15112,0.3514,13,37
15113,0.6,6,10
15114,0.0,0,3
15115,0.6667,2,3
15116,0.4648,66,142
15117,0.5417,13,24
15118,0.6667,10,15
15119,0.3636,12,33
15120,0.8,24,30
15121,0.7059,12,17
15122,0.8,4,5
15123,0.875,7,8
15124,0.7692,10,13
15125,0.3243,12,37
15126,0.6765,23,34
15127,0.6667,4,6
15128,0.7067,53,75
15129,0.75,9,12
15130,0.5538,36,65
15131,0.4667,7,15
15132,0.4828,14,29
15133,0.6667,14,21
15134,0.5714,40,70
15135,0.7727,17,22
15136,0.7826,54,69
15137,0.2,23,115
15138,0.5542,46,83
15139,0.7895,15,19
15140,0.75,3,4
15141,0.3043,7,23
15142,0.8372,36,43
15143,0.75,3,4
15144,0.8889,8,9
15145,0.5269,49,93
15146,0.8,8,10
15147,0.4762,10,21
15148,0.6,18,30
15149,0.5307,121,228
15151,0.75,6,8
15152,0.3514,13,37
15153,0.561,23,41
15154,0.8,16,20
15155,0.6,6,10
15156,0.5645,35,62
15157,0.3125,40,128
15158,1.0,1,1
15159,0.6667,2,3
15160,0.4857,17,35
15161,0.7401,131,177
15162,0.9091,10,11
15163,0.2609,6,23
15164,0.5,4,8
15165,0.5833,7,12
15166,0.9333,28,30
15167,0.5,2,4
15168,0.3091,34,110
15169,0.6111,22,36
15170,0.5,3,6
15172,0.8333,10,12
15173,0.6531,64,98
15174,0.8182,36,44
15175,0.7391,17,23
15176,0.8667,13,15
15177,0.1017,41,403
15178,0.8077,21,26
15179,0.8571,6,7
15180,0.5833,7,12
15181,0.9,9,10
15182,0.5517,16,29
15183,0.3333,2,6
15184,0.8571,6,7
15185,0.2778,5,18
15186,0.7778,7,9
15187,0.3956,36,91
15188,0.8235,28,34
15189,0.4157,37,89
15190,0.8462,22,26
15191,0.8462,11,13
15192,0.7143,15,21
15193,0.7529,64,85
15194,0.3694,82,222
15195,0.7857,11,14
15196,0.439,36,82
15197,0.6667,4,6
15198,0.7143,5,7
15199,0.9167,11,12
15200,0.75,6,8
15201,0.6154,16,26
15202,0.566,60,106
15203,0.4346,103,237
15204,0.2667,32,120
15205,0.5283,28,53
15206,0.3333,6,18
15207,0.5,13,26
15208,0.3876,50,129
15209,1.0,6,6
15210,1.0,10,10
15211,0.8537,35,41
15212,0.6923,9,13
15213,0.3396,36,106
15214,0.9167,11,12
15215,0.6047,26,43
15216,0.4737,9,19
15217,0.5,2,4
15218,0.75,9,12
15219,0.8814,52,59
15220,0.5733,43,75
15221,0.4638,32,69
15222,0.6977,30,43
15223,0.9545,21,22
15224,0.4275,59,138
15225,0.9429,33,35
15226,0.5294,27,51
15227,0.65,13,20
15228,0.5455,6,11
15229,0.8261,19,23
15230,0.6364,7,11
15231,0.5,1,2
15232,1.0,1,1
15233,0.5,22,44
15234,0.7,14,20
15235,0.225,45,200
15236,0.6667,2,3
15237,0.4643,26,56
15238,0.5814,25,43
15239,1.0,1,1
15240,0.6471,22,34
15241,0.9655,56,58
15242,0.3562,26,73
15243,0.8065,25,31
15244,0.7576,50,66
15245,0.625,10,16
15246,0.72,18,25
15247,0.6,9,15
15248,0.54,27,50
15249,0.4848,64,132
15250,0.381,8,21
15251,0.6667,8,12
15252,0.6081,45,74
15253,0.5,59,118
15254,0.5,9,18
15255,0.5,10,20
15256,0.5161,16,31
15257,0.75,3,4
15258,1.0,1,1
15259,0.9167,11,12
15260,0.875,14,16
15261,0.5747,50,87
15262,0.3939,13,33
15263,0.0,0,1
15264,0.8462,11,13
15265,0.9167,11,12
15266,0.2113,30,142
15267,0.8148,22,27
15268,1.0,5,5
15269,0.3281,21,64
15270,0.8667,39,45
15271,0.5778,26,45
15272,0.375,6,16
15273,0.3429,12,35
15274,0.4706,8,17
15275,0.6,6,10
15276,0.5345,62,116
15277,0.5455,12,22
15278,0.4722,17,36
15279,0.4615,12,26
15280,0.3333,1,3
15281,1.0,23,23
15282,0.9167,11,12
15283,1.0,1,1
15284,0.7119,42,59
15285,0.4286,6,14
15286,0.7059,24,34
15287,0.6,6,10
15288,0.4902,25,51
15289,0.375,3,8
15290,0.4419,19,43
15291,0.4,4,10
15292,0.8889,8,9
15293,1.0,14,14
15294,0.6667,4,6
15295,0.7,7,10
15296,0.3409,15,44
15297,0.8235,14,17
15298,0.6364,21,33
15299,0.6579,75,114
15300,0.5238,11,21
15301,0.697,23,33
15302,0.3559,21,59
15303,0.3444,31,90
15304,0.75,12,16
15305,0.5,11,22
15306,0.5714,4,7
15307,0.3947,15,38
15308,0.2178,22,101
15309,0.7778,7,9
15310,0.5079,64,126
15311,0.8824,15,17
15312,0.7818,43,55
15313,0.75,9,12
15314,0.8046,70,87
15315,0.72,18,25
15316,0.7143,5,7
15317,0.472,59,125
15318,1.0,9,9
15319,0.9167,11,12
15320,0.6986,51,73
15321,0.3902,16,41
15322,0.3945,43,109
15323,0.4545,25,55
15324,0.6111,22,36
15325,0.6552,19,29
15326,1.0,3,3
15327,1.0,2,2
15328,0.7,7,10
15329,0.4524,19,42
15330,0.2154,28,130
15331,0.8571,12,14
15332,0.303,10,33
15333,0.534,110,206
15334,0.6094,39,64
15335,1.0,3,3
15336,0.2818,31,110
15338,0.2308,3,13
15339,0.8485,28,33
15340,0.4444,4,9
15341,0.2558,11,43
15342,0.3529,6,17
15343,0.6316,12,19
15344,0.3401,84,247
15345,0.5,1,2
15346,0.65,13,20
15347,0.5043,58,115
15348,0.25,1,4
15349,0.8435,97,115
15350,0.6885,42,61
15351,0.9032,28,31
15352,0.5862,17,29
15353,0.3333,13,39
15354,0.25,1,4
15355,0.6136,27,44
15356,0.8295,73,88
15357,0.7083,34,48
15358,0.25,1,4
15359,0.6557,40,61
15360,0.7241,21,29
15361,0.8861,70,79
15362,0.2676,19,71
15363,0.6111,11,18
15364,0.2361,51,216
15365,0.4444,4,9
15366,0.6061,80,132
15367,0.4,2,5
15368,0.8095,17,21
15369,0.9167,11,12
15370,0.6667,18,27
15371,0.8182,9,11
15372,0.697,23,33
15373,0.8889,8,9
15374,0.3206,42,131
15375,0.6512,28,43
15376,0.5556,5,9
15377,0.8049,33,41
15378,0.6923,18,26
15379,0.5,16,32
15380,0.8095,17,21
15381,0.2273,5,22
15382,0.581,61,105
15383,0.6341,26,41
15384,0.8791,80,91
15385,0.5,4,8
15386,0.6842,13,19
15387,0.4643,26,56
15388,0.8889,24,27
15389,0.7812,25,32
15390,0.3929,11,28
15392,0.6122,30,49
15393,0.4533,68,150
15394,0.4516,42,93
15395,0.3143,11,35
15396,1.0,5,5
15397,0.7586,22,29
15398,0.1888,27,143
15399,0.5484,17,31
15400,0.875,7,8
15401,1.0,16,16
15402,0.3099,22,71
15403,0.6667,2,3
15404,0.7143,5,7
15405,0.8333,10,12
15406,0.5714,4,7
15407,0.4851,49,101
15408,0.4186,18,43
15409,0.7778,7,9
15410,1.0,6,6
15411,0.5455,12,22
15412,0.45,9,20
15413,0.8966,26,29
15414,0.7778,14,18
15415,0.6944,25,36
15416,0.25,1,4
15417,0.7692,20,26
15418,0.5122,21,41
15419,0.1429,7,49
15420,0.5556,5,9
15421,0.35,14,40
15422,0.1882,16,85
15423,0.5,13,26
15424,0.4286,9,21
15425,0.8125,52,64
15426,1.0,4,4
15427,0.7727,17,22
15428,0.5122,21,41
15429,0.5294,9,17
15430,0.7143,15,21
15431,0.25,2,8
15432,0.2235,19,85
15433,0.7273,8,11
15434,0.6154,8,13
15435,0.8824,15,17
15436,0.5152,17,33
15437,0.7632,29,38
15438,0.3659,15,41
15439,0.4925,33,67
15440,0.6111,22,36
15442,1.0,10,10
15443,0.7222,13,18
15444,0.4545,10,22
15445,0.6667,8,12
15446,0.8125,13,16
15447,0.5046,55,109
15448,0.8333,5,6
15449,0.8889,16,18
15450,0.5347,54,101
15451,0.48,12,25
15452,0.2143,3,14
15453,0.9412,16,17
15454,0.3714,13,35
15455,0.72,54,75
15456,0.5426,70,129
15457,0.7656,49,64
15458,0.7321,41,56
15459,0.4706,16,34
15460,0.7179,28,39
15461,0.5172,15,29
15462,0.8197,50,61
15463,0.4286,3,7
15464,0.9167,11,12
15465,0.4412,15,34
15466,0.8,56,70
15467,0.5,21,42
15468,0.6364,7,11
15469,0.5161,32,62
15470,0.2857,2,7
15471,0.4909,27,55
15472,0.5714,12,21
15473,1.0,5,5
15474,0.8,4,5
15475,0.9167,11,12
15476,0.5,21,42
15477,0.5616,41,73
15478,0.2305,77,334
15479,0.8571,12,14
15480,0.6923,18,26
15481,0.5514,59,107
15482,1.0,9,9
15483,0.8919,33,37
15484,0.4194,13,31
15485,0.625,5,8
15486,0.2509,73,291
15487,0.2222,10,45
15488,0.7619,16,21
15489,0.4583,22,48
15490,0.4792,69,144
15491,0.8667,13,15
15492,0.2667,8,30
15493,0.7143,25,35
15494,0.1579,6,38
15495,0.6,27,45
15496,0.4783,22,46
15497,0.3827,62,162
15499,0.6429,9,14
15500,0.5,4,8
15501,0.5625,27,48
15502,1.0,3,3
15503,0.4,60,150
15504,0.5833,14,24
15505,0.3026,23,76
15506,0.5962,62,104
15507,0.8,4,5
15508,0.8889,8,9
15509,0.6562,21,32
15510,0.5,1,2
15511,0.7308,19,26
15512,0.6042,29,48
15513,0.6027,44,73
15514,0.36,18,50
15515,0.875,7,8
15516,0.3333,1,3
15517,0.449,22,49
15518,0.5882,10,17
15519,0.55,33,60
15520,0.9231,12,13
15521,0.825,33,40
15522,0.7778,14,18
15523,0.2083,5,24
15524,0.9,27,30
15525,0.5532,26,47
15526,0.1875,3,16
15527,0.75,3,4
15528,1.0,6,6
15529,0.369,100,271
15530,0.1818,2,11
15531,0.5714,4,7
15532,0.7222,39,54
15533,0.5357,15,28
15534,0.6667,2,3
15535,0.4839,45,93
15536,0.5,2,4
15537,0.8519,46,54
15538,0.7,7,10
15539,0.9,9,10
15540,0.75,3,4
15541,0.3934,24,61
15542,0.6667,28,42
15543,0.8621,50,58
15544,0.7414,43,58
15545,0.5,5,10
15546,0.6667,2,3
15547,0.7143,5,7
15548,0.4706,40,85
15549,0.5882,10,17
15550,0.6875,44,64
15551,0.7,56,80
15552,0.4831,43,89
15553,0.2708,13,48
15554,1.0,26,26
15555,0.6587,83,126
15556,0.0,0,1
15557,0.6774,21,31
15558,0.9677,30,31
15559,0.6111,11,18
15560,1.0,3,3
15561,0.75,3,4
15562,0.4706,16,34
15563,0.9286,13,14
15564,0.3793,11,29
15565,0.5686,29,51
15566,0.3953,17,43
15567,0.7857,11,14
15568,0.9211,35,38
15569,0.3085,29,94
15570,0.0556,2,36
15571,0.8485,56,66
15572,0.7778,14,18
15573,0.5333,24,45
15574,0.6316,12,19
15575,0.6389,46,72
15576,0.6,3,5
15577,0.5312,17,32
15578,0.6429,9,14
15579,0.75,9,12
15580,1.0,13,13
15581,0.4,22,55
15582,1.0,4,4
15583,0.5,1,2
15584,0.8421,16,19
15585,0.8296,112,135
15586,0.6739,31,46
15587,1.0,3,3
15588,0.68,17,25
15589,0.305,43,141
15590,0.6506,54,83
15591,0.8824,45,51
15592,0.619,13,21
15593,0.9091,20,22
15594,0.4706,16,34
15595,0.6,18,30
15596,0.8387,26,31
15597,0.5882,10,17
15598,0.4545,25,55
15599,0.325,13,40
15600,0.625,10,16
15601,0.2764,68,246
15602,0.9091,60,66
15603,1.0,1,1
15604,0.5882,20,34
15605,0.5,6,12
15606,0.6792,36,53
15607,0.8,12,15
15608,0.6667,10,15
15609,0.2188,7,32
15610,1.0,3,3
15611,0.4286,3,7
15612,0.6154,40,65
15613,0.7857,44,56
15614,0.7143,5,7
15615,0.5714,4,7
15616,0.1771,31,175
15617,0.3503,138,394
15618,0.3529,6,17
15619,0.6269,42,67
15620,0.2,1,5
15621,0.5862,17,29
15622,0.8125,13,16
15623,1.0,8,8
15624,0.75,3,4
15625,0.7576,25,33
15626,1.0,3,3
15627,0.1288,17,132
15628,0.9474,18,19
15629,0.6667,2,3
15630,0.8667,13,15
15631,0.9167,11,12
15632,0.7105,27,38
15633,0.5,1,2
15634,0.6316,12,19
15635,0.3918,38,97
15636,0.7037,19,27
15637,0.7,7,10
15638,0.6,3,5
15639,0.7778,7,9
15640,0.75,39,52
15641,0.375,3,8
15642,0.75,3,4
15643,0.6754,77,114
15644,0.6429,9,14
15645,1.0,7,7
15646,0.4103,32,78
15647,1.0,40,40
15648,0.8,24,30
15649,0.569,33,58
15650,0.6667,4,6
15651,0.4483,26,58
15652,0.6,9,15
15653,0.8,8,10
15654,0.7143,5,7
15655,0.7203,85,118
15656,0.5463,124,227
15657,0.6452,20,31
15658,0.5,4,8
15659,1.0,2,2
15660,0.4138,12,29
15661,0.7037,19,27
15662,1.0,4,4
15663,1.0,3,3
15664,0.8235,14,17
15665,0.4355,54,124
15667,0.3333,2,6
15668,1.0,6,6
15669,0.4478,30,67
15670,0.5,1,2
15671,0.6154,16,26
15672,0.7273,8,11
15673,0.3636,20,55
15674,0.7436,29,39
15675,0.4167,10,24
15676,0.6346,33,52
15677,0.4,2,5
15678,0.2,4,20
15679,0.7143,25,35
15680,1.0,6,6
15681,0.7656,49,64
15682,0.3829,67,175
15683,0.7625,61,80
15684,0.3934,96,244
15685,0.3,9,30
15686,0.1871,32,171
15687,0.8947,17,19
15688,0.8,8,10
15689,0.6491,37,57
15690,0.6667,6,9
15691,0.6667,4,6
15692,0.4,2,5
15693,0.7368,42,57
15694,0.7759,90,116
15695,0.5455,6,11
15696,0.25,1,4
15697,0.8889,8,9
15698,0.44,22,50
15699,0.4634,19,41
15700,0.4667,7,15
15701,0.529,73,138
15702,0.7778,7,9
15703,0.5227,23,44
15704,0.6279,27,43
15705,0.7407,20,27
15706,0.5739,66,115
15707,0.375,9,24
15708,0.7273,8,11
15709,0.4107,69,168
15710,0.5,5,10
15711,0.7727,51,66
15712,0.3784,14,37
15713,0.7667,23,30
15714,0.3279,40,122
15715,0.96,24,25
15716,0.4407,26,59
15717,0.6905,29,42
15718,0.655,150,229
15719,0.6897,40,58
15720,0.6041,119,197
15721,0.3846,15,39
15722,0.6087,14,23
15723,0.6667,10,15
15724,0.875,21,24
15725,0.8333,5,6
15726,1.0,1,1
15727,0.7273,8,11
15728,0.7273,8,11
15729,0.8462,22,26
15730,0.5385,7,13
15731,0.6842,13,19
15732,0.4286,9,21
15733,0.181,61,337
15734,0.9512,39,41
15735,0.5846,38,65
15736,0.4,18,45
15737,0.2308,3,13
15738,0.8462,22,26
15739,0.7368,14,19
15740,0.5,1,2
15741,0.6818,15,22
15742,0.6154,8,13
15743,0.3443,21,61
15744,1.0,12,12
15745,1.0,5,5
15746,0.7857,11,14
15747,0.9,27,30
15748,0.369,31,84
15749,0.2059,7,34
15750,0.3188,22,69
15751,0.6709,53,79
15752,0.25,1,4
15753,0.6912,141,204
15754,0.8,12,15
15755,0.5556,15,27
15756,0.3,6,20
15757,0.8333,5,6
15758,0.3662,26,71
15759,0.2857,2,7
15760,0.9,18,20
15761,0.5496,72,131
15762,0.7308,19,26
15763,0.9167,11,12
15764,0.4667,7,15
15765,1.0,1,1
15766,0.4808,25,52
15767,0.8182,9,11
15768,0.9403,63,67
15769,0.8,20,25
15770,0.7,7,10
15771,0.5833,14,24
15772,0.642,52,81
15773,0.7778,7,9
15774,0.4,4,10
15775,0.8571,12,14
15776,1.0,13,13
15777,0.5,2,4
15778,0.8929,25,28
15779,0.9444,17,18
15780,0.6667,12,18
15781,0.5659,73,129
15782,1.0,8,8
15783,1.0,11,11
15784,0.1667,1,6
15785,1.0,6,6
15786,0.7292,35,48
15787,1.0,3,3
15788,0.5161,16,31
15789,0.3592,51,142
15790,1.0,5,5
15791,0.8596,49,57
15792,0.2143,9,42
15793,0.8333,15,18
15794,0.5714,16,28
15795,0.88,22,25
15796,0.8182,18,22
15797,0.4,2,5
15798,0.3824,26,68
15799,0.4444,4,9
15800,0.871,27,31
15801,0.8182,9,11
15802,0.5658,86,152
15803,0.6899,89,129
15804,0.6316,24,38
15805,0.3548,11,31
15806,0.9556,43,45
15807,0.8333,5,6
15808,0.6341,26,41
15809,0.8148,22,27
15810,0.5714,8,14
15811,0.4286,3,7
15812,0.7209,62,86
15813,0.3524,37,105
15814,0.5833,28,48
15815,0.75,15,20
15816,0.7143,40,56
15817,0.8235,14,17
15818,0.3889,21,54
15819,0.4545,5,11
15820,0.4444,12,27
15821,0.2542,15,59
15822,0.6828,155,227
15823,0.25,1,4
15824,0.75,6,8
15825,0.6768,67,99
15826,0.7857,11,14
15827,0.25,1,4
15828,0.5294,9,17
15829,1.0,1,1
15830,0.7857,11,14
15831,0.2564,20,78
15832,0.2,1,5
15833,0.25,2,8
15834,0.0,0,4
15835,0.3667,22,60
15836,1.0,2,2
15837,0.4526,62,137
15838,0.7209,93,129
15839,0.9,9,10
15840,0.7021,33,47
15841,0.3333,1,3
15842,0.5429,38,70
15843,1.0,9,9
15844,0.619,13,21
15845,0.5,27,54
15846,0.6,9,15
15847,0.7,7,10
15848,0.6364,7,11
15849,0.54,27,50
15850,0.6364,14,22
15851,0.5217,12,23
15852,0.7027,26,37
15853,1.0,11,11
15854,0.8462,11,13
15855,0.5407,113,209
15856,0.3333,2,6
15857,0.75,9,12
15858,0.5385,7,13
15859,0.7059,24,34
15860,0.7059,12,17
15861,0.4286,6,14
15862,1.0,3,3
15863,0.1613,15,93
15864,0.0,0,3
15865,0.5281,47,89
15866,0.85,17,20
15867,1.0,1,1
15868,0.7941,27,34
15869,0.7273,8,11
15870,0.6765,23,34
15871,0.875,21,24
15872,0.5052,49,97
15873,1.0,13,13
15874,0.625,10,16
15875,0.35,7,20
15876,0.8795,73,83
15877,0.6522,15,23
15878,0.0,0,1
15879,0.9,9,10
15880,0.619,26,42
15881,0.7895,15,19
15882,0.7176,122,170
15883,0.4375,14,32
15884,0.6522,30,46
15885,1.0,3,3
15886,0.8246,47,57
15887,0.625,10,16
15888,0.75,6,8
15889,0.5,19,38
15890,0.6667,4,6
15891,0.5714,4,7
15892,0.9643,27,28
15893,0.6029,41,68
15894,1.0,6,6
15895,0.4571,16,35
15896,0.8571,12,14
15897,0.5,2,4
15898,0.6522,15,23
15899,0.8261,19,23
15900,0.35,7,20
15901,0.4,56,140
15902,0.3111,14,45
15903,0.625,25,40
15904,0.9286,13,14
15905,0.5385,35,65
15906,0.6667,4,6
15907,0.5126,61,119
15908,0.5952,25,42
15909,0.45,9,20
15910,0.4737,9,19
15911,0.1707,28,164
15912,0.8333,15,18
15913,0.5479,40,73
15914,0.7143,20,28
15915,0.5161,16,31
15916,0.1724,5,29
15917,0.5,1,2
15918,0.6408,66,103
15919,0.1862,70,376
15920,0.9,9,10
15921,0.2892,48,166
15922,0.2771,23,83
15924,0.9167,11,12
15925,0.8667,26,30
15926,0.1071,3,28
15927,0.2014,29,144
15928,0.4259,23,54
15929,0.75,6,8
15930,0.4074,11,27
15931,0.2857,2,7
15932,0.3333,2,6
15933,0.4688,15,32
15934,0.7,7,10
15935,0.6667,16,24
15936,0.5077,33,65
15937,0.5825,60,103
15938,0.5278,19,36
15939,0.6471,99,153
15940,0.8529,29,34
15941,0.6774,21,31
15942,1.0,7,7
15943,0.9444,17,18
15944,0.6096,89,146
15945,0.6364,21,33
15946,0.6,6,10
15947,0.5294,27,51
15948,1.0,3,3
15949,0.8636,19,22
15950,0.8182,9,11
15951,0.7143,15,21
15952,0.4,2,5
15953,0.5455,6,11
15954,0.25,2,8
15955,1.0,1,1
15956,0.7857,22,28
15957,0.6974,106,152
15958,0.5397,34,63
15959,0.7778,7,9
15960,0.5571,39,70
15961,1.0,7,7
15962,0.8571,18,21
15963,0.3333,10,30
15964,0.6964,78,112
15965,0.7778,7,9
15966,0.5714,4,7
15967,0.28,14,50
15968,0.6667,4,6
15969,0.4348,10,23
15970,0.9123,52,57
15971,0.4,12,30
15972,0.3684,7,19
15973,0.8,4,5
15974,0.6842,26,38
15975,0.297,30,101
15976,0.5053,95,188
15977,0.8333,5,6
15978,0.65,39,60
15979,0.9062,29,32
15980,0.4,2,5
15981,1.0,18,18
15982,1.0,3,3
15983,0.4444,4,9
15984,0.8077,21,26
15985,0.3607,44,122
15986,0.7931,69,87
15987,0.3824,13,34
15988,0.8636,19,22
15989,0.8,8,10
15990,0.42,21,50
15991,0.7273,24,33
15992,0.75,27,36
15993,0.6353,54,85
15994,0.5417,13,24
15995,0.4444,12,27
15996,1.0,3,3
15997,0.1944,7,36
15998,0.8837,38,43
15999,0.8,16,20
16000,0.6129,19,31
16001,0.5,3,6
16002,0.9,9,10
16003,1.0,4,4
16004,0.6471,11,17
16005,0.4615,12,26
16006,0.9592,47,49
16007,0.641,25,39
16008,0.9524,20,21
16009,0.4,12,30
16010,0.6364,14,22
16011,0.6061,20,33
16012,0.7551,37,49
16013,0.8182,9,11
16014,0.8269,43,52
16015,0.6897,20,29
16016,1.0,21,21
16017,0.3235,11,34
16018,0.3684,7,19
16019,0.1786,5,28
16020,0.1163,5,43
16021,0.8235,14,17
16022,0.3939,13,33
16023,0.62,62,100
16024,0.7073,29,41
16025,0.0,0,3
16026,1.0,11,11
16027,0.8462,22,26
16028,0.3333,2,6
16029,0.575,23,40
16030,0.4167,5,12
16031,0.6667,34,51
16032,0.2,1,5
16033,0.5185,14,27
16034,0.4175,43,103
16035,0.507,36,71
16036,0.5385,14,26
16037,0.6149,91,148
16038,0.6,9,15
16039,0.7857,33,42
16040,0.7778,42,54
16041,0.8218,83,101
16042,0.9333,42,45
16043,0.4815,13,27
16044,0.5588,19,34
16045,0.2857,50,175
16046,0.54,27,50
16047,0.9123,52,57
16048,0.6964,39,56
16049,0.6923,9,13
16050,0.211,23,109
16051,0.875,14,16
16052,0.9091,10,11
16053,0.0537,13,242
16054,0.8824,15,17
16055,0.6667,2,3
16056,0.5849,62,106
16057,0.5,8,16
16058,0.4857,17,35
16059,0.3333,1,3
16060,0.7209,31,43
16061,0.5957,28,47
16062,0.2667,8,30
16063,0.5385,7,13
16065,1.0,1,1
16066,0.86,43,50
16067,0.1,1,10
16068,0.4211,32,76
16069,0.5357,15,28
16070,0.7736,41,53
16071,0.7143,25,35
16072,0.5122,21,41
16073,0.2059,7,34
16074,0.88,22,25
16075,0.5503,82,149
16076,1.0,4,4
16077,0.5,17,34
16078,0.1923,25,130
16079,0.5,1,2
16080,0.6176,21,34
16081,0.6842,26,38
16082,1.0,6,6
16083,0.3642,55,151
16084,1.0,2,2
16085,0.6667,24,36
16086,0.4,2,5
16087,0.4,2,5
16088,0.7586,22,29
16089,0.6667,4,6
16090,0.8,4,5
16091,0.7407,20,27
16092,0.8235,70,85
16093,0.5,15,30
16094,0.5,4,8
16095,0.2222,4,18
16096,0.6957,16,23
16097,0.9275,64,69
16098,1.0,5,5
16099,0.8,4,5
16100,0.3333,25,75
16101,0.625,5,8
16102,0.8261,19,23
16103,0.6615,43,65
16104,0.5778,78,135
16105,0.775,62,80
16106,0.625,5,8
16107,0.3565,41,115
16108,0.75,6,8
16109,0.8,4,5
16110,0.6,3,5
16111,0.8889,24,27
16112,0.7273,8,11
16114,0.8,8,10
16115,0.963,26,27
16116,0.767,79,103
16117,0.6386,53,83
16118,0.8519,23,27
16119,0.4545,10,22
16120,0.7451,38,51
16121,0.8182,36,44
16122,0.5385,14,26
16123,0.7391,17,23
16124,0.5833,21,36
16125,0.3929,11,28
16126,0.5573,73,131
16127,0.5614,64,114
16128,0.5632,49,87
16129,0.9677,30,31
16130,0.7778,7,9
16131,0.5909,13,22
16132,0.625,50,80
16133,0.95,19,20
16134,0.8065,25,31
16135,0.681,79,116
16136,0.9231,24,26
16137,0.76,19,25
16138,0.2609,6,23
16139,0.48,12,25
16140,0.5149,52,101
16141,0.3333,17,51
16142,0.5714,12,21
16143,0.7619,32,42
16144,0.4754,29,61
16145,0.7629,74,97
16146,0.0,0,1
16147,0.3333,7,21
16148,0.7143,15,21
16149,0.8571,6,7
16150,0.4,8,20
16151,0.5,2,4
16152,0.9,27,30
16153,1.0,5,5
16154,0.4706,16,34
16155,0.375,3,8
16156,0.7273,16,22
16157,0.8941,76,85
16158,0.6,21,35
16159,0.5,1,2
16160,0.925,37,40
16161,0.4545,25,55
16162,0.625,110,176
16163,0.7019,73,104
16164,0.3226,10,31
16165,0.5455,6,11
16166,0.8889,8,9
16167,0.9216,47,51
16168,0.4444,4,9
16169,0.6087,14,23
16170,0.4815,13,27
16171,0.8182,18,22
16172,0.8571,18,21
16174,0.8984,115,128
16175,0.4505,50,111
16176,0.8571,6,7
16177,0.1212,4,33
16178,0.9167,11,12
16179,0.9,9,10
16180,0.8,12,15
16181,0.8095,17,21
16182,0.8182,18,22
16183,0.5,18,36
16184,0.6842,13,19
16185,0.5517,16,29
16186,0.7455,41,55
16187,0.5488,45,82
16188,1.0,14,14
16189,0.6535,66,101
16190,0.5556,10,18
16191,0.7059,12,17
16192,0.5714,4,7
16193,1.0,5,5
16194,0.8333,20,24
16195,1.0,2,2
16196,0.5455,12,22
16197,0.6154,8,13
16198,0.5,59,118
16199,0.75,9,12
16200,0.4,2,5
16201,0.4667,28,60
16202,0.5882,30,51
16203,0.5789,55,95
16204,0.9091,10,11
16205,0.6,3,5
16206,0.4925,33,67
16207,0.5926,16,27
16208,0.7143,10,14
16209,0.2264,12,53
16210,0.4286,9,21
16211,0.6667,4,6
16212,0.6,3,5
16213,0.5495,61,111
16214,0.8438,27,32
16215,0.5714,12,21
16216,0.6739,31,46
16217,0.6364,14,22
16218,0.0789,3,38
16219,0.2963,8,27
16220,0.7128,67,94
16221,0.4,8,20
16222,0.8627,44,51
16223,0.7241,21,29
16224,0.3913,9,23
16225,0.5217,12,23
16226,0.9091,10,11
16227,0.5614,32,57
16228,0.8831,68,77
16229,0.3962,21,53
16230,0.4091,9,22
16231,0.3457,28,81
16232,0.4792,23,48
16233,0.5,11,22
16234,0.4815,39,81
16235,0.1045,7,67
16236,0.5506,49,89
16237,0.541,33,61
16238,0.8148,154,189
16239,1.0,5,5
16240,0.8333,5,6
16241,0.6203,49,79
16242,0.697,23,33
16243,0.3333,11,33
16244,0.84,21,25
16245,0.5472,29,53
16246,0.55,11,20
16247,0.6,36,60
16248,0.4828,42,87
16249,0.5,1,2
16250,0.3462,18,52
16251,0.3824,39,102
16252,0.8889,8,9
16253,0.4898,48,98
16254,0.5556,15,27
16255,0.7547,40,53
16256,0.5455,6,11
16257,0.5235,89,170
16258,0.4444,12,27
16259,0.7143,5,7
16260,1.0,5,5
16261,0.5306,26,49
16262,1.0,5,5
16263,0.6875,22,32
16265,0.6129,76,124
16266,0.0,0,13
16267,0.7143,35,49
16268,0.1429,15,105
16269,0.4091,9,22
16270,0.4464,50,112
16271,0.75,12,16
16272,0.3636,12,33
16273,0.2857,6,21
16274,0.7143,20,28
16275,0.75,15,20
16276,0.7308,19,26
16277,0.2917,7,24
16278,0.4422,65,147
16279,0.8571,18,21
16280,0.5208,25,48
16281,0.0,0,13
16282,0.75,45,60
16283,0.32,24,75
16284,0.4824,41,85
16285,0.8846,46,52
16286,0.6667,8,12
16287,1.0,3,3
16288,0.5588,19,34
16289,0.5766,79,137
16290,0.5429,19,35
16291,0.6471,11,17
16292,1.0,3,3
16293,0.5714,8,14
16294,0.5,14,28
16295,0.7143,25,35
16296,0.5,2,4
16297,0.7,14,20
16298,0.4194,13,31
16299,0.6071,17,28
16300,0.3158,6,19
16301,0.9444,34,36
16302,0.4583,11,24
16303,0.725,58,80
16304,0.2632,35,133
16305,0.4538,54,119
16306,0.7586,22,29
16307,0.6889,31,45
16308,0.5,2,4
16309,0.913,21,23
16310,0.7692,20,26
16311,0.875,7,8
16312,0.625,10,16
16313,0.7778,14,18
16314,0.25,1,4
16315,0.5909,26,44
16316,1.0,8,8
16317,0.5652,26,46
16318,0.3913,18,46
16319,0.72,18,25
16320,0.5,1,2
16321,0.2083,5,24
16322,0.7447,35,47
16323,0.4937,39,79
16324,0.6792,36,53
16325,0.9583,23,24
16326,0.411,30,73
16327,0.6667,8,12
16328,0.8571,12,14
16329,0.7143,5,7
16330,0.9167,11,12
16331,1.0,5,5
16332,0.5,6,12
16333,1.0,13,13
16334,0.4706,8,17
16335,0.5156,33,64
16336,0.3636,20,55
16337,0.8571,6,7
16338,0.7273,8,11
16339,0.4875,39,80
16340,0.3176,27,85
16341,0.1667,1,6
16342,0.4,2,5
16343,0.355,71,200
16344,0.75,39,52
16345,0.39,39,100
16346,0.4333,13,30
16347,0.5,2,4
16348,0.3108,23,74
16349,0.2824,24,85
16350,0.8333,5,6
16351,0.2966,43,145
16352,0.5,10,20
16353,0.5714,4,7
16354,0.4091,9,22
16355,0.2727,27,99
16356,0.375,15,40
16357,1.0,4,4
16358,0.3956,36,91
16359,0.7407,20,27
16360,0.2,15,75
16361,0.9429,33,35
16362,0.1364,3,22
16363,0.4286,3,7
16364,0.6813,62,91
16365,0.8333,5,6
16366,0.4444,8,18
16367,0.7812,25,32
16368,0.7727,17,22
16369,0.4815,13,27
16370,0.8542,41,48
16371,0.7059,12,17
16372,0.6364,14,22
16373,0.8333,5,6
16374,0.8,4,5
16375,0.4286,3,7
16376,0.5319,25,47
16377,0.72,18,25
16378,0.541,66,122
16379,0.8571,18,21
16380,0.5333,32,60
16381,0.5,2,4
16382,1.0,2,2
16383,0.5432,44,81
16384,0.4,2,5
16386,1.0,4,4
16387,0.6667,4,6
16388,0.2093,27,129
16389,0.8182,9,11
16390,1.0,2,2
16391,0.96,24,25
16392,0.8,32,40
16393,0.3253,27,83
16394,0.85,34,40
16395,1.0,26,26
16396,0.5882,10,17
16397,0.4,2,5
16398,0.489,89,182
16399,0.7241,21,29
16400,0.5146,53,103
16401,0.8571,6,7
16402,0.5455,6,11
16403,0.3333,2,6
16404,0.5867,44,75
16405,0.8,24,30
16406,1.0,10,10
16407,0.8462,11,13
16408,0.5455,12,22
16409,0.4889,22,45
16410,0.7308,19,26
16411,0.5714,12,21
16412,0.5574,34,61
16413,1.0,7,7
16414,0.625,5,8
16415,0.5789,11,19
16416,0.6914,56,81
16417,0.5556,10,18
16418,0.6667,4,6
16419,0.8,40,50
16420,0.1818,2,11
16421,0.6857,24,35
16422,0.5,11,22
16423,0.8462,11,13
16424,0.4634,76,164
16425,0.6047,26,43
16426,0.1739,4,23
16427,0.9286,13,14
16428,0.5,1,2
16429,0.5909,26,44
16430,0.8387,26,31
16431,0.875,14,16
16432,0.0,0,1
16433,0.4545,5,11
16434,0.7179,28,39
16435,0.8,4,5
16436,0.8261,19,23
16437,0.619,13,21
16438,0.75,3,4
16439,0.35,7,20
16440,0.7955,35,44
16441,0.5741,31,54
16442,0.9333,14,15
16443,0.6286,110,175
16444,0.381,8,21
16445,0.375,3,8
16446,0.3585,57,159
16447,0.6453,111,172
16448,0.6842,26,38
16449,0.9,9,10
16450,0.6,9,15
16451,0.6957,32,46
16452,0.5903,85,144
16453,0.5556,15,27
16454,0.5465,47,86
16455,0.2353,32,136
16456,0.6667,4,6
16457,0.5833,7,12
16458,0.7333,11,15
16459,1.0,1,1
16460,0.5,1,2
16461,1.0,6,6
16462,0.9429,66,70
16463,0.7313,98,134
16464,0.8333,5,6
16465,0.2432,18,74
16466,0.875,7,8
16467,0.8696,20,23
16468,0.75,18,24
16469,0.2195,9,41
16470,0.881,37,42
16471,1.0,11,11
16472,0.6471,33,51
16473,0.9231,12,13
16474,0.5714,4,7
16475,0.3902,16,41
16476,0.8333,15,18
16477,0.625,10,16
16478,0.5714,4,7
16479,0.6216,23,37
16480,0.6374,58,91
16481,0.8889,8,9
16482,0.1786,5,28
16483,0.7826,18,23
16484,0.6538,17,26
16485,0.5455,18,33
16486,0.8333,5,6
16487,0.3846,5,13
16488,0.6452,40,62
16489,0.5862,51,87
16490,0.352,44,125
16491,0.25,3,12
16492,0.6667,24,36
16493,1.0,5,5
16494,0.4792,23,48
16495,0.8,4,5
16496,0.6316,12,19
16497,0.4435,51,115
16498,0.5579,53,95
16499,0.4,12,30
16500,0.2632,5,19
16501,0.5556,10,18
16502,0.75,9,12
16503,0.3974,31,78
16504,0.7778,7,9
16505,0.5686,29,51
16506,0.35,7,20
16507,0.697,46,66
16508,0.5667,17,30
16509,0.6875,55,80
16510,0.8,8,10
16511,0.5,7,14
16512,0.5,19,38
16513,0.6667,4,6
16514,0.4648,33,71
16515,0.3571,5,14
16516,0.6,9,15
16517,0.7671,56,73
16518,0.8958,43,48
16519,0.375,6,16
16520,0.85,17,20
16521,0.2286,8,35
16522,0.6429,18,28
16523,0.7391,17,23
16524,1.0,18,18
16525,0.8148,22,27
16526,0.3793,11,29
16527,0.9043,85,94
16528,0.8889,8,9
16529,0.8462,11,13
16530,0.6667,4,6
16531,1.0,5,5
16532,0.4471,38,85
16533,1.0,44,44
16534,0.3333,2,6
16535,0.8125,13,16
16536,0.875,14,16
16537,0.5714,8,14
16538,0.7143,10,14
16539,0.7619,16,21
16540,0.5663,47,83
16541,0.5312,17,32
16542,0.8462,11,13
16543,0.3784,28,74
16544,0.9737,37,38
16545,0.8571,6,7
16546,0.3357,47,140
16547,0.5,3,6
16548,0.7692,10,13
16549,0.5,4,8
16550,0.8475,50,59
16551,0.672,84,125
16552,0.6471,33,51
16553,0.6875,11,16
16554,0.4872,19,39
16555,0.5357,15,28
16556,1.0,15,15
16557,0.587,27,46
16558,0.8571,42,49
16559,0.9091,10,11
16560,0.4778,43,90
16561,0.5286,37,70
16562,0.7407,140,189
16563,0.55,33,60
16564,0.5946,22,37
16565,0.8182,9,11
16566,0.5417,13,24
16567,0.1429,1,7
16568,0.75,9,12
16569,0.6296,17,27
16570,0.7761,52,67
16571,0.7241,21,29
16572,1.0,6,6
16573,0.5098,26,51
16574,0.7273,8,11
16575,0.5926,16,27
16576,0.6047,26,43
16577,1.0,2,2
16578,0.2273,5,22
16579,0.4286,3,7
16580,0.8462,11,13
16581,0.5104,49,96
16582,1.0,1,1
16583,0.3913,9,23
16584,0.2,1,5
16585,0.24,30,125
16586,1.0,3,3
16587,0.4571,16,35
16588,0.7692,10,13
16589,0.5,4,8
16590,0.381,16,42
16591,0.8,4,5
16592,0.6562,21,32
16593,0.5965,34,57
16594,0.3333,2,6
16595,0.6667,34,51
16596,0.7273,8,11
16597,0.6364,14,22
16598,0.8182,9,11
16599,0.2,1,5
16600,0.5,1,2
16601,1.0,5,5
16602,0.8,12,15
16603,0.5909,13,22
16604,0.8,32,40
16605,0.1667,1,6
16606,0.5573,107,192
16607,0.3654,38,104
16608,0.5642,101,179
16609,0.6571,46,70
16610,0.6197,44,71
16611,0.6731,35,52
16612,0.3366,68,202
16613,0.5238,44,84
16614,0.3824,26,68
16615,0.875,28,32
16616,0.7308,19,26
16617,0.4118,28,68
16618,0.6154,16,26
16619,1.0,1,1
16620,0.5789,44,76
16621,0.5,1,2
16622,0.0,0,71
16623,0.4545,5,11
16624,0.4783,22,46
16625,0.8235,14,17
16626,0.3548,44,124
16627,0.4,2,5
16628,0.5542,46,83
16629,0.0,0,1
16630,1.0,18,18
16631,0.5775,41,71
16632,1.0,3,3
16633,0.75,6,8
16634,0.9508,58,61
16635,0.7895,15,19
16636,1.0,8,8
16637,0.5714,4,7
16638,0.8571,6,7
16639,0.7,14,20
16640,0.625,5,8
16641,0.55,11,20
16642,1.0,6,6
16643,0.7,14,20
16644,0.7164,48,67
16645,0.693,79,114
16646,0.4054,30,74
16647,0.4348,10,23
16648,0.6667,4,6
16649,0.5385,7,13
16650,1.0,3,3
16651,1.0,5,5
16652,0.0,0,3
16653,0.0,0,5
16654,1.0,7,7
16655,0.4795,35,73
16656,0.6944,25,36
16657,0.8,12,15
16658,0.5625,9,16
16659,0.7442,32,43
16660,0.5,1,2
16661,0.5053,48,95
16662,0.7,21,30
16663,0.8636,19,22
16664,0.6,9,15
16665,0.5,3,6
16666,0.6842,26,38
16667,0.5,1,2
16668,0.4839,15,31
16669,1.0,3,3
16670,0.5435,50,92
16671,0.75,51,68
16672,0.8421,16,19
16673,0.8462,11,13
16674,0.6923,18,26
16675,0.4,8,20
16676,0.5,103,206
16677,0.3421,13,38
16678,0.7059,12,17
16679,0.6364,7,11
16680,0.9286,13,14
16681,0.3836,28,73
16682,0.6452,20,31
16683,0.5714,8,14
16684,0.3,3,10
16685,0.6667,6,9
16686,1.0,1,1
16687,0.7907,34,43
16688,0.4911,55,112
16689,0.4143,58,140
16690,0.6581,77,117
16691,0.6905,29,42
16692,0.75,6,8
16693,0.8167,49,60
16694,0.1667,1,6
16695,1.0,2,2
16696,0.2946,38,129
16697,0.4286,9,21
16698,0.5385,7,13
16699,0.5769,15,26
16700,1.0,21,21
16701,0.6667,38,57
16703,1.0,3,3
16704,0.3793,11,29
16705,0.5333,16,30
16706,0.5833,14,24
16707,0.6783,78,115
16708,0.6875,11,16
16709,0.7692,30,39
16710,0.6389,23,36
16711,0.7,21,30
16712,1.0,5,5
16713,0.4242,14,33
16714,0.9286,13,14
16715,0.8,16,20
16716,0.7,14,20
16717,0.7302,46,63
16718,0.4444,28,63
16719,0.2326,10,43
16720,0.5263,10,19
16721,0.7568,28,37
16722,0.6,6,10
16723,1.0,9,9
16724,0.8857,31,35
16725,1.0,4,4
16726,0.0,0,4
16727,1.0,2,2
16728,0.4706,8,17
16729,0.6667,2,3
16730,1.0,2,2
16731,0.55,11,20
16732,0.7174,33,46
16733,0.8571,6,7
16734,0.547,64,117
16735,1.0,13,13
16736,0.7097,22,31
16737,0.25,22,88
16738,0.4386,25,57
16739,0.1786,5,28
16740,1.0,5,5
16741,0.6,12,20
16743,0.619,26,42
16744,0.14,7,50
16745,0.2958,21,71
16746,1.0,6,6
16747,0.6591,29,44
16748,0.6275,32,51
16749,0.84,21,25
16750,0.7568,28,37
16751,0.8209,55,67
16752,0.5,2,4
16753,0.5,70,140
16754,0.7273,8,11
16755,0.4186,18,43
16756,0.0,0,28
16757,0.6667,6,9
16758,0.0,0,1
16759,0.5794,73,126
16760,0.5278,19,36
16761,0.7857,22,28
16762,0.3838,38,99
16763,0.7143,10,14
16764,0.875,7,8
16765,0.4337,36,83
16766,0.65,13,20
16767,0.36,18,50
16768,0.7778,7,9
16769,0.3333,1,3
16770,0.35,7,20
16771,0.8148,22,27
16772,0.7632,29,38
16773,0.4,4,10
16774,0.3529,48,136
16775,1.0,10,10
16776,0.875,7,8
16777,0.6667,66,99
16778,0.625,5,8
16779,0.8333,30,36
16780,0.8333,45,54
16781,0.75,6,8
16782,0.3455,19,55
16783,0.6,33,55
16784,0.325,52,160
16785,0.7778,91,117
16786,0.6486,24,37
16787,0.64,16,25
16788,0.4,16,40
16789,0.1429,1,7
16790,0.6818,15,22
16791,0.3846,5,13
16792,0.1538,2,13
16793,0.2857,12,42
16794,0.5,5,10
16795,0.629,39,62
16796,1.0,12,12
16797,0.6364,7,11
16798,0.6154,16,26
16799,0.3333,3,9
16800,0.5,10,20
16801,0.6667,12,18
16802,0.5833,14,24
16803,0.4,2,5
16804,0.4286,3,7
16805,0.625,5,8
16806,0.7879,26,33
16807,0.5625,9,16
16808,0.4245,45,106
16809,0.5556,5,9
16810,1.0,1,1
16811,0.9231,12,13
16812,0.9286,13,14
16813,0.4828,14,29
16814,0.7143,15,21
16815,0.5385,21,39
16816,0.0,0,8
16817,1.0,3,3
16818,0.8,8,10
16819,0.0,0,1
16820,0.7143,5,7
16821,0.7143,5,7
16822,0.5447,67,123
16823,0.8889,8,9
16824,0.8983,53,59
16825,0.5,1,2
16826,0.6207,18,29
16827,0.4103,16,39
16828,0.6702,63,94
16829,1.0,1,1
16830,0.3153,105,333
16831,0.3415,14,41
16832,0.875,7,8
16833,0.619,13,21
16834,0.4286,12,28
16835,0.3419,40,117
16836,0.6316,12,19
16837,0.4286,18,42
16838,0.5714,8,14
16839,0.6667,2,3
16840,0.2509,70,279
16841,0.4242,14,33
16842,0.1,1,10
16843,0.3878,19,49
16844,0.7143,15,21
16845,0.5909,13,22
16846,0.6216,23,37
16847,0.8,12,15
16848,0.3953,34,86
16849,0.3333,1,3
16850,0.7619,16,21
16851,0.4688,15,32
16852,0.7216,70,97
16853,0.125,1,8
16854,0.9231,12,13
16855,0.2308,3,13
16856,0.7714,27,35
16857,0.4474,17,38
16858,0.5588,19,34
16859,0.8,36,45
16860,0.6538,17,26
16861,0.7179,28,39
16862,0.24,6,25
16863,0.3,3,10
16864,1.0,4,4
16865,0.2902,92,317
16866,0.5,1,2
16867,0.6765,46,68
16868,0.6,3,5
16869,0.5,2,4
16870,0.8077,21,26
16871,0.6341,26,41
16872,1.0,3,3
16873,0.8462,11,13
16874,0.9048,95,105
16875,0.7727,17,22
16876,1.0,5,5
16877,0.766,36,47
16878,0.7778,14,18
16879,0.9091,20,22
16880,0.7333,22,30
16881,0.7073,58,82
16882,0.0,0,2
16883,0.7586,22,29
16884,0.3694,41,111
16885,0.4286,9,21
16886,0.25,1,4
16887,0.5,5,10
16888,0.4898,72,147
16889,0.3333,1,3
16890,0.4938,40,81
16891,0.8182,9,11
16892,0.5263,10,19
16893,0.1471,25,170
16894,0.7619,16,21
16895,0.8,4,5
16896,0.3333,1,3
16897,0.75,3,4
16898,0.6875,11,16
16899,0.875,7,8
16900,0.8889,8,9
16901,0.5172,15,29
16902,0.4595,17,37
16903,0.875,7,8
16904,0.7,7,10
16905,0.6667,24,36
16906,1.0,8,8
16907,0.75,3,4
16908,0.6939,34,49
16909,0.6667,2,3
16910,0.175,7,40
16911,0.125,4,32
16912,0.3636,4,11
16913,0.5,2,4
16914,0.4,8,20
16915,0.3333,2,6
16916,0.5581,24,43
16917,0.2778,5,18
16918,0.9167,22,24
16919,0.1915,27,141
16920,0.3521,25,71
16921,0.4568,37,81
16922,1.0,23,23
16923,0.8667,13,15
16924,0.512,85,166
16925,0.4455,49,110
16926,0.7041,69,98
16927,0.5,17,34
16928,0.2745,14,51
16929,0.8571,6,7
16930,0.3947,15,38
16931,0.3377,26,77
16932,0.9474,18,19
16933,0.4,2,5
16934,0.625,5,8
16935,0.6308,41,65
16936,0.65,39,60
16937,0.3333,1,3
16938,0.7388,215,291
16939,1.0,1,1
16940,0.2857,2,7
16941,0.5143,18,35
16942,0.8471,72,85
16943,0.3636,16,44
16944,0.2857,2,7
16945,0.6667,2,3
16946,0.8095,68,84
16947,0.8478,39,46
16948,0.3613,69,191
16949,0.8462,11,13
16950,1.0,9,9
16951,0.6917,83,120
16952,0.5556,5,9
16953,0.3617,34,94
16954,0.5745,27,47
16955,0.7826,72,92
16956,0.6667,42,63
16957,0.7442,32,43
16958,0.303,10,33
16959,0.9412,32,34
16960,0.6271,37,59
16961,0.6176,21,34
16962,1.0,5,5
16963,0.8,12,15
16964,0.8125,13,16
16965,0.8182,9,11
16966,0.8667,13,15
16967,0.8,4,5
16968,1.0,6,6
16969,0.6522,15,23
16970,0.8333,5,6
16972,0.4118,21,51
16973,0.6522,45,69
16974,0.8553,65,76
16975,0.4706,16,34
16976,0.8889,8,9
16977,0.5556,55,99
16978,0.5368,51,95
16979,0.6667,2,3
16980,0.3662,26,71
16981,0.3182,21,66
16982,0.6667,4,6
16983,0.0,0,7
16984,0.2588,22,85
16985,0.381,8,21
16986,0.6857,24,35
16987,0.4,4,10
16988,0.5862,17,29
16990,0.9231,12,13
16991,0.4211,8,19
16992,0.5385,28,52
16993,0.5556,5,9
16994,1.0,6,6
16995,0.6923,9,13
16996,0.0,0,1
16997,0.3684,7,19
16998,0.7273,16,22
16999,0.6667,16,24
17000,0.6923,9,13
17001,0.5,3,6
17002,0.4615,18,39
17003,0.5573,73,131
17004,0.75,3,4
17005,0.4091,18,44
17006,1.0,19,19
17007,0.5385,35,65
17008,0.75,3,4
17009,0.7374,73,99
17010,0.5128,20,39
17011,0.5583,67,120
17012,0.3256,14,43
17013,0.1111,1,9
17014,0.5448,73,134
17015,0.2206,30,136
17016,0.5244,43,82
17017,0.6364,7,11
17018,0.8,80,100
17019,0.3333,1,3
17020,0.8571,6,7
17021,0.4595,34,74
17022,0.8542,82,96
17023,0.0,0,5
17024,0.9,18,20
17025,1.0,2,2
17026,0.8235,14,17
17027,0.4,48,120
17028,0.6792,36,53
17029,0.5641,22,39
17030,0.747,62,83
17031,0.8148,22,27
17032,0.3766,29,77
17033,0.7143,5,7
17034,0.7742,24,31
17035,0.625,20,32
17036,0.5217,12,23
17037,0.5,1,2
17038,0.3014,66,219
17039,1.0,21,21
17040,0.5328,122,229
17041,0.5294,18,34
17042,0.6265,52,83
17043,0.8,20,25
17044,0.6304,58,92
17045,1.0,5,5
17046,0.9231,12,13
17047,0.5227,23,44
17048,0.6667,14,21
17050,0.3895,67,172
17051,0.4865,36,74
17052,0.7143,15,21
17053,0.8182,54,66
17054,0.913,21,23
17055,0.4138,12,29
17056,1.0,4,4
17057,0.7222,13,18
17058,0.85,17,20
17059,0.6087,14,23
17060,0.5556,10,18
17061,0.8016,101,126
17062,0.4932,36,73
17063,0.5714,32,56
17064,0.6154,8,13
17065,1.0,2,2
17066,0.697,23,33
17067,0.3824,13,34
17068,0.4032,25,62
17069,0.85,17,20
17070,0.6667,6,9
17071,0.4821,27,56
17072,0.7778,21,27
17073,0.8182,9,11
17074,0.8667,26,30
17075,0.8,72,90
17076,0.1,2,20
17077,0.5789,11,19
17078,0.72,54,75
17079,0.5,2,4
17080,1.0,5,5
17081,0.95,38,40
17082,0.3333,2,6
17083,0.6667,30,45
17084,0.8889,8,9
17085,0.6957,16,23
17086,0.3077,8,26
17087,0.3478,16,46
17088,0.6667,100,150
17089,0.8889,16,18
17090,0.5652,13,23
17091,0.9167,11,12
17092,1.0,14,14
17093,0.8378,31,37
17094,0.4627,31,67
17095,0.5556,20,36
17096,0.5397,34,63
17097,0.5256,41,78
17098,0.8286,29,35
17099,0.8571,24,28
17100,0.5862,17,29
17101,0.725,29,40
17102,0.8333,5,6
17103,0.9,27,30
17104,0.3043,14,46
17105,0.5625,27,48
17106,1.0,16,16
17107,0.8065,25,31
17108,0.1159,27,233
17109,1.0,5,5
17110,0.7576,25,33
17111,0.8333,5,6
17112,0.7209,31,43
17113,1.0,3,3
17114,0.3846,5,13
17115,0.5,28,56
17116,0.3529,6,17
17117,0.5385,7,13
17118,0.6102,36,59
17119,0.0,0,5
17120,1.0,12,12
17121,0.75,33,44
17122,0.875,7,8
17123,0.4706,8,17
17124,0.8333,5,6
17126,0.4533,34,75
17127,0.5279,104,197
17128,0.7368,14,19
17129,0.9167,33,36
17130,0.3333,1,3
17131,0.9792,47,48
17132,0.6364,7,11
17133,0.5789,33,57
17134,0.5,11,22
17135,0.7857,11,14
17136,0.6744,29,43
17137,0.75,18,24
17138,0.5323,33,62
17139,1.0,4,4
17140,0.5541,41,74
17141,0.75,6,8
17142,0.5,1,2
17143,0.3333,12,36
17144,0.35,14,40
17145,0.68,17,25
17146,0.3784,14,37
17147,0.2778,10,36
17148,0.6667,2,3
17149,0.875,7,8
17150,0.3019,16,53
17151,1.0,3,3
17152,0.5143,18,35
17153,0.9091,10,11
17154,0.8571,18,21
17155,0.6154,8,13
17156,0.8182,18,22
17157,0.94,47,50
17158,0.9231,12,13
17159,0.6667,10,15
17160,0.3095,13,42
17161,0.3511,33,94
17162,0.619,13,21
17163,0.75,99,132
17164,0.561,69,123
17165,0.8,16,20
17166,0.6417,77,120
17167,0.5625,18,32
17168,0.5714,4,7
17169,0.6923,18,26
17170,1.0,3,3
17171,0.3333,2,6
17172,0.5417,13,24
17173,0.4545,65,143
17174,0.2714,19,70
17175,0.5,1,2
17176,0.5229,80,153
17177,1.0,6,6
17178,0.5,8,16
17179,0.459,28,61
17180,0.6857,24,35
17181,0.56,56,100
17182,1.0,2,2
17183,0.2941,5,17
17184,0.875,21,24
17185,0.4118,28,68
17186,0.3448,20,58
17187,0.5946,22,37
17188,0.6667,6,9
17189,0.8,8,10
17190,0.6742,89,132
17191,0.7872,37,47
17192,1.0,18,18
17193,0.6957,16,23
17194,0.6667,2,3
17196,0.67,134,200
17197,0.65,13,20
17198,0.8571,6,7
17199,1.0,8,8
17200,0.7247,129,178
17201,0.4762,20,42
17202,0.8571,12,14
17203,0.6071,17,28
17204,0.4194,26,62
17205,0.8889,24,27
17206,0.8095,17,21
17207,1.0,17,17
17208,0.6,3,5
17209,0.4286,9,21
17210,0.7619,16,21
17211,0.459,28,61
17212,0.4466,46,103
17213,0.5,5,10
17214,0.3696,17,46
17215,0.9412,16,17
17216,1.0,3,3
17217,0.8636,19,22
17218,0.7727,17,22
17219,0.45,18,40
17220,0.7008,89,127
17221,0.3846,5,13
17222,0.5106,24,47
17223,0.85,17,20
17224,0.75,18,24
17225,0.7473,68,91
17226,0.6136,27,44
17227,0.2,1,5
17228,0.8571,6,7
17229,0.75,6,8
17230,0.1,11,110
17231,0.9,9,10
17232,0.8235,14,17
17233,0.7353,25,34
17234,0.3696,17,46
17235,0.9474,18,19
17236,0.6429,9,14
17237,0.7234,34,47
17238,0.7143,15,21
17239,0.25,2,8
17240,0.25,2,8
17241,0.4286,9,21
17242,0.75,18,24
17243,0.5,2,4
17244,1.0,8,8
17245,0.4545,10,22
17246,0.6364,7,11
17247,0.4066,37,91
17248,0.5333,8,15
17249,0.8571,6,7
17250,0.4621,67,145
17251,0.8889,24,27
17252,0.7778,7,9
17253,0.7143,15,21
17254,0.8571,6,7
17255,0.4717,25,53
17256,0.6429,9,14
17257,0.9474,18,19
17258,0.4412,15,34
17259,0.7778,14,18
17260,0.6667,6,9
17261,0.9,9,10
17262,0.6,15,25
17263,0.7,21,30
17264,0.8,4,5
17265,0.4444,16,36
17266,0.1667,1,6
17267,0.831,59,71
17268,0.1667,1,6
17269,0.9048,19,21
17270,0.3636,44,121
17271,0.3846,5,13
17272,0.8333,5,6
17273,0.6301,46,73
17274,0.8889,32,36
17275,0.3269,17,52
17276,0.3279,20,61
17277,0.8125,13,16
17278,0.7407,20,27
17279,0.875,7,8
17280,0.4174,48,115
17281,0.9231,24,26
17282,1.0,5,5
17283,0.6087,14,23
17284,1.0,6,6
17285,0.7667,23,30
17286,0.6429,9,14
17287,1.0,40,40
17288,0.6667,24,36
17289,0.6111,11,18
17290,0.3333,3,9
17291,0.8571,6,7
17292,0.5833,7,12
17293,0.5,16,32
17294,0.8,12,15
17295,0.2632,5,19
17296,0.9412,16,17
17297,0.5,25,50
17298,0.2258,14,62
17299,1.0,1,1
17300,0.7143,5,7
17301,0.75,15,20
17302,0.7143,10,14
17303,0.5455,12,22
17304,0.7407,20,27
17305,0.9394,31,33
17306,0.8889,16,18
17307,0.2466,18,73
17308,0.3333,1,3
17309,0.7692,10,13
17310,0.8889,8,9
17311,0.4302,37,86
17312,1.0,10,10
17313,0.5,2,4
17314,0.5227,23,44
17315,0.5,13,26
17316,0.5,5,10
17317,0.6667,2,3
17318,0.9302,40,43
17319,0.7358,39,53
17320,0.3868,41,106
17321,0.9,18,20
17322,0.6111,11,18
17323,0.5,2,4
17324,0.6923,9,13
17325,0.72,18,25
17326,0.6667,2,3
17327,0.8462,33,39
17328,0.2745,28,102
17329,0.5,3,6
17330,0.7778,7,9
17331,1.0,2,2
17332,0.7143,10,14
17333,0.6335,159,251
17334,0.5714,4,7
17335,1.0,6,6
17336,0.5,1,2
17337,0.3182,7,22
17338,0.0,0,1
17339,0.75,3,4
17340,1.0,9,9
17341,0.9091,10,11
17342,0.8889,8,9
17343,1.0,5,5
17344,0.2143,3,14
17345,0.88,22,25
17346,0.7778,7,9
17347,0.5714,4,7
17348,0.6667,56,84
17349,0.5,3,6
17350,0.75,3,4
17351,0.6477,57,88
17352,0.6923,9,13
17353,0.5385,14,26
17354,0.8333,5,6
17355,0.75,21,28
17356,0.8,20,25
17357,0.8704,47,54
17358,0.5,9,18
17359,0.6829,28,41
17360,0.6667,8,12
17361,0.6923,18,26
17362,0.5714,4,7
17363,0.3333,1,3
17364,1.0,3,3
17365,0.75,6,8
17366,0.7778,14,18
17367,0.3571,10,28
17368,0.7143,5,7
17369,0.75,6,8
17370,0.475,38,80
17371,0.3043,14,46
17372,0.68,17,25
17373,0.6,18,30
17374,1.0,1,1
17375,0.8936,42,47
17376,0.3333,2,6
17377,0.4068,24,59
17378,0.6667,4,6
17379,0.4783,11,23
17380,0.5238,22,42
17381,0.4186,18,43
17382,0.878,36,41
17383,0.5513,43,78
17384,0.6944,25,36
17385,0.3784,14,37
17386,0.7368,14,19
17387,0.375,3,8
17388,0.7143,20,28
17389,0.3056,11,36
17390,0.6429,27,42
17391,0.2846,37,130
17392,0.2857,2,7
17393,0.3472,25,72
17394,0.76,38,50
17395,0.623,38,61
17396,0.0,0,1
17397,0.5,5,10
17398,1.0,1,1
17399,0.75,30,40
17400,1.0,8,8
17401,0.4677,29,62
17402,0.6667,4,6
17403,0.8125,13,16
17404,0.5417,13,24
17405,0.4615,6,13
17406,0.25,5,20
17407,0.8182,18,22
17408,0.5714,16,28
17409,0.6667,14,21
17410,0.5,11,22
17411,0.6328,81,128
17412,0.7667,23,30
17413,0.35,7,20
17414,0.6129,57,93
17415,0.9167,11,12
17416,0.5128,20,39
17417,0.5036,70,139
17418,1.0,8,8
17419,0.4906,26,53
17420,0.7059,12,17
17421,0.3333,2,6
17422,1.0,5,5
17423,1.0,2,2
17424,0.3762,38,101
17425,0.7692,10,13
17426,0.75,33,44
17427,0.7308,19,26
17428,0.4848,16,33
17429,0.4737,9,19
17430,0.2879,19,66
17431,0.6957,16,23
17432,0.6,3,5
17433,0.5455,12,22
17434,0.7778,49,63
17435,0.9167,22,24
17436,0.3548,11,31
17437,0.8372,36,43
17438,0.35,7,20
17439,1.0,24,24
17440,0.875,56,64
17441,0.8243,61,74
17442,1.0,2,2
17443,0.9,9,10
17444,0.635,87,137
17445,0.6,3,5
17446,0.5222,47,90
17447,0.3333,13,39
17448,0.3333,31,93
17449,0.8,4,5
17450,0.32,48,150
17452,0.4615,6,13
17453,1.0,7,7
17454,1.0,6,6
17455,0.2624,95,362
17456,0.6842,13,19
17457,0.725,29,40
17458,0.5306,26,49
17459,0.4865,36,74
17460,1.0,10,10
17461,0.3333,2,6
17462,0.55,77,140
17463,0.2069,18,87
17464,0.8636,38,44
17465,0.5806,18,31
17466,0.6712,49,73
17467,1.0,15,15
17468,0.5195,40,77
17469,0.6667,10,15
17470,0.3794,107,282
17471,0.5625,9,16
17472,0.1429,1,7
17473,1.0,6,6
17474,0.4593,62,135
17475,0.6078,31,51
17476,0.8571,6,7
17477,0.5455,6,11
17478,1.0,8,8
17479,0.5536,31,56
17480,0.6,6,10
17481,0.875,21,24
17482,0.625,15,24
17483,0.4581,71,155
17484,0.4545,10,22
17485,0.5904,49,83
17486,0.3298,31,94
17487,0.5417,13,24
17488,0.4845,47,97
17489,0.6857,24,35
17490,0.5952,25,42
17491,1.0,4,4
17492,0.4219,27,64
17493,0.8056,29,36
17494,0.5564,74,133
17495,0.6296,51,81
17496,0.6364,28,44
17497,0.6667,4,6
17498,0.75,3,4
17499,0.1552,9,58
17500,1.0,4,4
17501,0.4286,9,21
17502,0.6667,6,9
17503,0.4409,56,127
17504,0.6,3,5
17505,0.4242,14,33
17506,1.0,4,4
17507,0.9143,32,35
17508,0.9455,52,55
17509,0.6667,26,39
17510,0.4333,13,30
17511,0.6316,12,19
17512,0.2857,2,7
17513,0.7051,55,78
17514,0.7838,29,37
17515,0.1494,39,261
17516,0.6204,67,108
17517,0.8571,6,7
17518,0.8378,31,37
17519,0.56,14,25
17520,0.7391,17,23
17521,0.7797,46,59
17522,0.5,8,16
17523,0.8333,25,30
17524,0.3333,2,6
17525,0.5714,20,35
17526,0.7778,7,9
17527,0.381,32,84
17528,0.7692,20,26
17529,0.8,4,5
17530,0.8182,9,11
17531,0.48,12,25
17532,0.8182,9,11
17533,0.24,6,25
17534,1.0,7,7
17535,0.5556,25,45
17536,0.75,78,104
17537,0.75,6,8
17538,0.625,5,8
17539,0.3571,5,14
17540,0.8115,99,122
17541,0.44,11,25
17542,0.6111,22,36
17543,0.75,27,36
17544,0.8125,13,16
17545,0.6923,9,13
17546,0.5556,5,9
17547,0.8462,11,13
17548,0.5333,8,15
17549,0.3333,1,3
17550,0.8333,5,6
17551,0.7778,7,9
17552,0.5926,32,54
17553,0.3636,8,22
17554,0.6154,16,26
17555,0.3077,8,26
17556,0.2857,42,147
17557,1.0,5,5
17558,0.9091,10,11
17559,0.7857,11,14
17560,0.8148,22,27
17561,0.6,3,5
17562,1.0,2,2
17563,0.8462,11,13
17564,0.7073,58,82
17565,0.7391,17,23
17566,0.0467,5,107
17567,0.75,42,56
17568,0.4737,9,19
17569,0.6033,73,121
17570,1.0,12,12
17571,0.6986,51,73
17572,0.8889,24,27
17573,0.7778,14,18
17574,0.75,6,8
17575,1.0,8,8
17576,0.7778,14,18
17577,0.25,1,4
17578,1.0,5,5
17579,0.6875,11,16
17580,0.625,5,8
17581,0.8,4,5
17582,0.5741,31,54
17583,0.2174,10,46
17584,0.7045,62,88
17585,0.8,4,5
17586,0.1381,25,181
17587,0.6364,14,22
17588,0.6667,14,21
17589,0.6809,32,47
17590,0.5588,19,34
17591,0.6667,8,12
17592,0.75,27,36
17593,0.6067,54,89
17594,0.5556,5,9
17595,0.4307,59,137
17596,0.8571,6,7
17597,0.6923,9,13
17598,0.7273,8,11
17599,0.3333,8,24
17600,0.5329,81,152
17601,0.8,20,25
17602,0.2593,14,54
17603,0.4841,61,126
17604,0.6386,53,83
17605,1.0,13,13
17606,0.5714,4,7
17607,0.6471,11,17
17608,0.9565,22,23
17609,1.0,4,4
17610,0.8889,24,27
17611,0.7,70,100
17613,0.5745,27,47
17614,0.8804,81,92
17615,0.5,1,2
17616,0.642,52,81
17617,0.9048,19,21
17618,0.6562,21,32
17619,0.0,0,1
17620,0.8,4,5
17621,0.2,1,5
17622,0.7692,10,13
17623,0.8125,13,16
17624,0.7,14,20
17625,0.4762,20,42
17626,0.5,1,2
17627,0.75,12,16
17628,0.8,8,10
17629,0.8889,8,9
17630,0.7013,54,77
17631,0.2381,5,21
17632,0.5,1,2
17633,0.5714,40,70
17634,0.4286,15,35
17635,0.4,74,185
17636,0.2391,22,92
17637,0.875,7,8
17638,0.375,3,8
17639,0.3846,5,13
17640,0.4898,48,98
17641,0.6923,18,26
17642,0.8571,18,21
17643,0.85,17,20
17644,0.5,3,6
17645,0.54,27,50
17646,0.5909,13,22
17647,0.5,5,10
17649,0.7143,5,7
17650,0.549,56,102
17651,0.5417,13,24
17652,0.6667,2,3
17653,0.8,8,10
17654,0.6957,16,23
17655,0.75,21,28
17656,0.7,35,50
17657,0.8571,6,7
17658,1.0,6,6
17659,0.75,3,4
17660,0.75,12,16
17661,0.6364,28,44
17662,0.8947,17,19
17663,0.6667,6,9
17664,0.6857,24,35
17665,0.75,9,12
17666,0.3462,9,26
17667,1.0,23,23
17668,0.4167,5,12
17669,0.0909,2,22
17670,0.3485,23,66
17671,0.413,57,138
17672,0.7143,5,7
17673,0.2344,15,64
17674,0.7143,5,7
17675,0.875,14,16
17676,0.9032,28,31
17677,1.0,6,6
17678,1.0,5,5
17679,0.7143,5,7
17680,0.8929,25,28
17681,0.7273,16,22
17682,0.6786,19,28
17683,0.7347,72,98
17684,0.4328,58,134
17685,0.0,0,5
17686,0.4318,19,44
17687,0.8261,19,23
17688,0.3721,16,43
17690,0.55,11,20
17691,0.45,18,40
17692,1.0,3,3
17693,0.4963,67,135
17694,0.6979,67,96
17695,0.625,5,8
17696,1.0,10,10
17697,0.0909,1,11
17698,0.36,9,25
17699,0.4127,26,63
17700,0.64,16,25
17701,0.7143,5,7
17702,0.4211,8,19
17703,0.3084,33,107
17704,0.25,6,24
17705,0.8919,33,37
17706,0.8571,72,84
17707,1.0,9,9
17708,0.5316,84,158
17709,0.9016,55,61
17710,1.0,6,6
17711,0.4632,63,136
17712,0.4655,27,58
17713,0.6832,69,101
17714,1.0,2,2
17715,0.6316,12,19
17716,0.5526,42,76
17717,1.0,6,6
17718,0.0,0,3
17719,0.8182,45,55
17720,0.6173,50,81
17721,0.75,12,16
17722,0.4,4,10
17723,0.4,4,10
17724,0.5294,9,17
17725,0.6,9,15
17726,0.5075,34,67
17727,1.0,5,5
17728,0.6667,4,6
17729,0.8929,25,28
17730,0.0,0,4
17731,1.0,5,5
17732,1.0,9,9
17733,1.0,4,4
17734,0.6875,22,32
17735,0.5,17,34
17736,0.7188,92,128
17737,0.6111,22,36
17738,0.5102,25,49
17739,0.75,6,8
17740,0.4773,21,44
17741,0.6932,61,88
17742,1.0,6,6
17743,0.8276,48,58
17744,0.6,3,5
17745,0.5926,16,27
17746,0.92,23,25
17747,0.3878,38,98
17748,0.6667,48,72
17749,0.6667,8,12
17750,0.2222,18,81
17751,0.6552,19,29
17752,0.6,3,5
17753,0.3333,20,60
17754,0.7368,14,19
17755,1.0,8,8
17756,0.431,25,58
17757,0.6667,2,3
17758,0.9444,34,36
17759,0.9167,11,12
17760,0.2333,14,60
17761,0.1818,2,11
17762,0.9167,110,120
17763,0.9143,32,35
17764,0.3556,16,45
17765,0.5,4,8
17766,0.475,19,40
17767,0.7727,17,22
17768,0.6897,100,145
17769,0.7419,23,31
17770,0.9545,42,44
17771,0.7647,26,34
17772,0.7143,5,7
17773,0.8462,11,13
17774,1.0,5,5
17775,0.5,16,32
17776,0.1429,1,7
17777,0.8333,10,12
17778,0.7895,15,19
17779,0.6667,2,3
17780,0.4718,67,142
17781,0.7463,50,67
17782,0.9655,28,29
17783,0.56,14,25
17784,0.859,67,78
17785,0.7885,41,52
17786,0.4,12,30
17787,0.0,0,7
17788,0.6667,14,21
17789,0.0,0,2
17790,0.9474,18,19
17791,0.8125,26,32
17792,0.4646,46,99
17793,0.5,3,6
17794,0.4167,5,12
17795,0.619,13,21
17796,0.561,23,41
17797,0.4167,25,60
17798,0.8333,15,18
17799,0.7857,33,42
17800,0.7434,84,113
17801,0.5603,65,116
17802,0.7308,38,52
17803,0.9048,19,21
17804,0.7391,17,23
17805,0.6729,72,107
17806,0.84,21,25
17807,0.6076,96,158
17808,0.4762,20,42
17809,0.7006,110,157
17810,0.1667,1,6
17811,0.4194,13,31
17812,0.7273,8,11
17813,0.6,6,10
17814,0.3944,28,71
17815,1.0,4,4
17816,0.5556,5,9
17817,0.3158,42,133
17818,0.8077,84,104
17819,0.7879,26,33
17820,0.8571,6,7
17821,0.3333,9,27
17822,0.5789,11,19
17823,0.186,8,43
17824,0.6154,8,13
17825,0.9167,11,12
17826,1.0,13,13
17827,0.3919,29,74
17828,0.4103,16,39
17829,0.7835,76,97
17830,0.7394,122,165
17831,0.8696,20,23
17832,0.4286,3,7
17833,0.7778,7,9
17834,1.0,17,17
17835,0.5,7,14
17836,0.6667,6,9
17837,1.0,13,13
17838,0.942,65,69
17839,0.5789,11,19
17840,0.7778,21,27
17841,0.8,20,25
17842,0.8125,39,48
17843,0.5094,27,53
17844,0.6818,15,22
17845,0.6338,45,71
17846,0.4286,3,7
17847,0.76,19,25
17848,0.75,12,16
17849,0.8889,8,9
17850,0.4,2,5
17851,0.6552,57,87
17852,0.9048,19,21
17853,0.25,14,56
17854,0.75,3,4
17855,0.8154,53,65
17856,0.4098,25,61
17857,0.4839,30,62
17858,0.3415,14,41
17859,0.6032,76,126
17860,0.55,11,20
17861,0.8571,6,7
17862,0.3333,4,12
17863,0.9565,22,23
17864,0.7931,23,29
17865,0.6932,61,88
17866,0.5745,27,47
17867,0.9,9,10
17868,0.75,9,12
17869,0.5833,7,12
17870,0.6071,34,56
17871,0.4872,38,78
17872,0.7097,22,31
17873,0.1957,9,46
17874,0.7091,39,55
17875,0.4038,21,52
17876,0.3125,10,32
17877,0.9286,13,14
17878,0.381,8,21
17879,0.5926,16,27
17880,0.6667,20,30
17881,0.6875,11,16
17882,0.8182,18,22
17883,0.8667,26,30
17884,0.5766,64,111
17885,0.4706,8,17
17886,0.2712,16,59
17887,0.5172,15,29
17888,0.5455,36,66
17889,0.8,4,5
17890,0.8667,26,30
17891,0.7174,33,46
17892,0.4048,17,42
17893,0.3333,1,3
17894,0.6667,2,3
17895,0.5051,50,99
17896,0.4242,14,33
17897,0.6667,4,6
17898,0.3333,6,18
17899,0.3333,1,3
17900,0.6875,33,48
17901,0.1429,7,49
17902,1.0,2,2
17903,0.8636,57,66
17904,0.6,24,40
17905,0.5455,54,99
17906,0.7222,13,18
17907,0.8333,5,6
17908,0.8571,36,42
17909,0.7222,13,18
17910,0.9538,62,65
17911,0.7692,10,13
17912,0.7,7,10
17913,0.4355,27,62
17914,0.2,1,5
17915,1.0,2,2
17916,0.7895,15,19
17917,0.7037,19,27
17918,0.5682,75,132
17919,0.5,4,8
17920,1.0,3,3
17921,0.8571,6,7
17922,0.5,3,6
17923,0.6667,4,6
17924,0.5814,25,43
17925,0.1948,15,77
17926,0.3333,1,3
17927,0.6744,29,43
17928,0.75,6,8
17929,0.6364,7,11
17930,0.4545,30,66
17931,0.8571,6,7
17932,0.8571,30,35
17933,0.8333,5,6
17934,0.4444,4,9
17935,1.0,11,11
17936,0.375,15,40
17937,0.2692,7,26
17938,0.7333,33,45
17939,1.0,2,2
17940,0.7059,36,51
17941,0.4194,65,155
17942,0.5,5,10
17943,0.6667,2,3
17944,0.75,3,4
17945,0.6415,34,53
17946,0.7059,12,17
17947,1.0,5,5
17948,0.8125,13,16
17949,0.8298,39,47
17950,1.0,2,2
17952,0.7692,10,13
17953,0.4,28,70
17954,0.7647,26,34
17955,1.0,2,2
17956,0.8333,20,24
17957,1.0,7,7
17958,0.6545,36,55
17959,0.5,1,2
17960,0.5455,6,11
17961,0.9211,35,38
17962,0.8182,54,66
17963,0.72,18,25
17964,0.5818,32,55
17965,0.8571,24,28
17966,0.75,6,8
17967,0.7778,7,9
17968,0.7143,10,14
17969,0.6452,20,31
17970,0.4198,34,81
17971,0.8889,8,9
17972,0.4286,3,7
17973,0.7143,20,28
17974,0.8,4,5
17975,0.2055,15,73
17976,0.625,15,24
17977,0.4308,28,65
17978,0.7368,42,57
17980,0.7083,34,48
17981,0.8706,74,85
17982,0.5556,45,81
17983,0.7308,19,26
17984,0.8571,6,7
17985,1.0,8,8
17986,0.7917,38,48
17987,0.4,8,20
17988,0.7755,76,98
17989,0.625,10,16
17990,0.3333,2,6
17991,0.8571,18,21
17992,0.2692,14,52
17993,0.875,14,16
17994,0.42,21,50
17995,1.0,4,4
17996,0.4872,38,78
17997,0.7097,44,62
17998,0.0662,9,136
17999,1.0,2,2
18000,0.5,6,12
18001,1.0,21,21
18002,0.3235,11,34
18003,1.0,4,4
18004,0.2698,34,126
18005,0.2941,5,17
18006,0.6129,19,31
18007,0.4553,56,123
18008,0.8696,40,46
18009,0.8077,21,26
18010,0.5789,66,114
18011,0.6923,9,13
18012,0.4,2,5
18013,0.9524,20,21
18014,0.8824,30,34
18015,0.4435,51,115
18016,0.7619,16,21
18018,0.3362,39,116
18019,0.7143,10,14
18020,0.5957,28,47
18021,0.3333,2,6
18022,1.0,5,5
18023,0.525,21,40
18024,0.7273,24,33
18025,0.6207,18,29
18026,0.7143,5,7
18027,0.9574,45,47
18028,0.7872,37,47
18029,0.7157,73,102
18030,0.1667,4,24
18031,0.4527,67,148
18032,0.2727,9,33
18033,0.3333,13,39
18034,0.7778,7,9
18035,0.8205,32,39
18036,1.0,14,14
18037,0.766,36,47
18038,0.4,2,5
18039,1.0,3,3
18040,0.4706,48,102
18041,0.6373,65,102
18042,1.0,6,6
18043,0.2222,2,9
18044,0.2821,22,78
18045,0.6512,28,43
18046,0.3,6,20
18047,0.3258,29,89
18048,0.7143,5,7
18049,0.7143,5,7
18050,0.4691,38,81
18051,0.7,28,40
18052,0.6667,4,6
18053,1.0,7,7
18054,0.6071,34,56
18055,0.5,3,6
18056,0.4667,7,15
18057,0.5976,49,82
18058,0.3684,14,38
18059,0.2706,23,85
18060,0.6111,33,54
18061,0.725,29,40
18062,0.5,6,12
18063,1.0,4,4
18064,0.2553,12,47
18065,0.2222,2,9
18066,0.7619,32,42
18067,0.7143,5,7
18068,0.6852,37,54
18069,0.5423,109,201
18070,0.8462,11,13
18071,0.561,23,41
18072,0.2941,5,17
18073,0.8667,13,15
18074,0.8333,5,6
18075,0.5946,22,37
18076,0.7143,20,28
18077,0.4,4,10
18078,0.6818,15,22
18079,0.7556,34,45
18080,0.8347,101,121
18081,0.5753,42,73
18082,0.5,32,64
18083,0.5833,21,36
18084,1.0,2,2
18085,0.496,62,125
18086,0.5942,41,69
18087,0.6,3,5
18088,0.6923,9,13
18089,0.382,68,178
18090,0.5833,7,12
18091,0.7391,17,23
18092,0.4,4,10
18093,0.0,0,4
18094,0.95,19,20
18095,0.8,4,5
18096,0.6667,14,21
18097,1.0,8,8
18098,0.875,7,8
18099,0.8182,9,11
18100,1.0,7,7
18101,0.1429,4,28
18102,0.622,51,82
18103,0.3279,20,61
18104,0.72,18,25
18105,0.5455,60,110
18106,0.75,6,8
18107,0.7778,7,9
18108,0.2969,19,64
18109,0.4706,8,17
18110,0.3,3,10
18111,0.5417,13,24
18112,0.0645,4,62
18113,0.5625,9,16
18114,0.4762,20,42
18115,0.6769,44,65
18116,0.6667,2,3
18117,0.75,27,36
18118,0.6,3,5
18119,0.7551,37,49
18120,0.6078,31,51
18121,0.7143,15,21
18122,0.7895,30,38
18123,0.5333,8,15
18125,0.2778,5,18
18126,0.7143,15,21
18127,0.6571,46,70
18129,0.8889,32,36
18130,0.0,0,1
18131,0.5312,17,32
18132,0.5968,74,124
18133,0.5161,64,124
18134,0.4,12,30
18135,0.875,7,8
18136,0.8462,11,13
18137,1.0,7,7
18138,0.2193,82,374
18139,0.4706,24,51
18140,0.5882,10,17
18141,0.7681,53,69
18142,0.8261,38,46
18143,0.7742,24,31
18144,0.3913,18,46
18145,0.7115,74,104
18146,0.8333,10,12
18147,0.4,4,10
18148,0.7778,14,18
18149,0.2,4,20
18150,0.3636,8,22
18151,0.5455,18,33
18152,0.9231,12,13
18153,0.1714,6,35
18154,0.45,9,20
18155,0.4286,3,7
18156,0.8033,49,61
18157,0.3333,8,24
18158,0.6212,41,66
18159,0.7273,8,11
18160,0.75,6,8
18161,0.4667,42,90
18162,0.875,21,24
18163,0.3649,27,74
18164,1.0,13,13
18165,0.4082,20,49
18166,0.72,18,25
18167,0.6364,7,11
18168,0.5714,4,7
18169,0.5,2,4
18170,0.52,26,50
18171,0.2537,17,67
18172,0.5,8,16
18173,0.7143,10,14
18174,0.6,6,10
18175,0.5,18,36
18176,1.0,6,6
18177,0.5417,13,24
18178,0.6364,21,33
18179,0.4286,3,7
18180,0.7097,44,62
18181,0.25,1,4
18182,0.2857,12,42
18183,0.6333,19,30
18184,0.4865,18,37
18185,0.383,18,47
18186,0.5517,16,29
18187,0.6154,8,13
18188,0.8261,19,23
18189,0.4818,53,110
18190,0.4444,4,9
18191,0.2014,56,278
18192,0.875,28,32
18193,0.4231,22,52
18194,0.8214,23,28
18195,0.8,4,5
18196,0.541,33,61
18197,0.78,39,50
18198,0.2617,28,107
18199,0.7455,41,55
18200,0.5862,34,58
18201,0.85,34,40
18202,0.8235,14,17
18203,0.5753,42,73
18204,0.6667,2,3
18205,0.9091,10,11
18206,0.3548,11,31
18207,0.7,7,10
18208,0.7692,20,26
18209,0.8667,13,15
18210,0.6167,37,60
18211,0.6667,4,6
18212,0.5667,51,90
18214,0.5769,45,78
18215,0.6,3,5
18216,0.7164,48,67
18217,0.2727,3,11
18218,0.0,0,6
18219,0.8125,13,16
18220,0.625,5,8
18221,0.5882,20,34
18222,0.82,41,50
18223,0.7692,20,26
18224,0.4762,10,21
18226,0.3594,23,64
18227,1.0,3,3
18228,0.4603,58,126
18229,0.7917,19,24
18230,0.6111,22,36
18231,0.8462,33,39
18232,0.775,31,40
18233,0.72,18,25
18234,0.625,20,32
18235,0.6333,19,30
18236,0.625,5,8
18237,0.75,9,12
18238,0.8333,5,6
18239,0.4,4,10
18240,0.5167,31,60
18241,0.7778,7,9
18242,0.5185,14,27
18243,0.9333,14,15
18244,0.0,0,23
18245,0.5,9,18
18246,0.6667,10,15
18247,0.3333,16,48
18248,0.6364,7,11
18249,0.9,9,10
18250,0.567,55,97
18251,0.9268,38,41
18252,1.0,11,11
18253,0.75,30,40
18254,0.8065,25,31
18255,0.675,81,120
18256,0.9,9,10
18257,0.9592,47,49
18258,0.5455,6,11
18259,0.6316,24,38
18260,0.9524,20,21
18261,1.0,4,4
18262,0.0779,6,77
18263,0.4298,49,114
18264,0.5,6,12
18265,0.35,35,100
18266,0.4048,17,42
18267,1.0,14,14
18268,0.8,4,5
18269,0.5,11,22
18270,0.5346,139,260
18271,0.8571,6,7
18272,0.4425,50,113
18273,0.5588,76,136
18274,0.5904,49,83
18275,0.3667,22,60
18276,0.9,9,10
18277,0.4458,37,83
18278,0.5857,123,210
18279,1.0,2,2
18280,0.7156,78,109
18281,0.7368,14,19
18282,0.6857,24,35
18283,0.65,13,20
18284,0.3478,8,23
18285,0.4762,10,21
18286,0.4795,35,73
18287,0.9259,25,27
18288,0.5111,46,90
18289,0.6538,17,26
18290,1.0,2,2
18291,1.0,7,7
18292,0.0,0,1
18293,0.66,33,50
18294,0.2963,8,27
18295,0.6222,28,45
18296,0.5143,18,35
18297,0.6923,18,26
18298,0.8889,24,27
18299,0.4917,59,120
18300,0.8276,24,29
18301,0.1429,6,42
18302,0.9286,13,14
18303,0.4559,31,68
18304,0.4082,20,49
18305,0.45,18,40
18306,1.0,5,5
18307,1.0,5,5
18308,0.4545,5,11
18309,0.8333,35,42
18310,0.3235,22,68
18311,0.7121,47,66
18312,0.5625,18,32
18313,0.8298,39,47
18314,0.6667,2,3
18315,0.5,1,2
18316,0.8,20,25
18317,0.5,2,4
18318,0.6471,11,17
18319,0.4927,101,205
18320,0.8298,39,47
18321,0.8333,5,6
18322,1.0,18,18
18323,0.9118,31,34
18324,0.6379,37,58
18325,0.5,5,10
18326,0.6825,43,63
18327,0.8571,18,21
18328,0.5,11,22
18329,0.3243,12,37
18330,0.8571,6,7
18331,0.5435,25,46
18332,0.7,28,40
18333,0.5094,54,106
18334,0.8133,61,75
18335,0.1905,4,21
18336,0.8235,14,17
18337,0.8571,12,14
18338,0.2845,66,232
18339,0.4386,25,57
18340,0.9,9,10
18341,0.4328,29,67
18342,0.7879,26,33
18343,0.56,14,25
18344,0.7188,46,64
18345,0.75,9,12
18346,0.2982,17,57
18347,0.6667,24,36
18348,0.766,36,47
18349,0.7059,12,17
18350,0.8125,13,16
18351,0.6552,19,29
18352,0.8,12,15
18353,0.825,33,40
18354,0.5115,67,131
18355,0.3333,1,3
18356,0.2,1,5
18357,0.6765,23,34
18358,0.4545,5,11
18359,0.5405,20,37
18360,0.5,1,2
18361,0.3182,7,22
18362,0.283,15,53
18363,1.0,28,28
18364,0.3438,11,32
18365,0.5222,47,90
18366,1.0,7,7
18367,0.8889,16,18
18368,0.5172,60,116
18369,0.7143,5,7
18370,0.6667,8,12
18371,0.8333,40,48
18372,0.6981,74,106
18373,1.0,3,3
18374,0.9057,48,53
18375,0.8947,17,19
18376,0.5776,160,277
18377,0.4352,47,108
18378,0.8235,14,17
18379,1.0,4,4
18380,0.4348,10,23
18381,0.3871,24,62
18382,0.5914,55,93
18383,1.0,4,4
18384,0.7447,35,47
18385,0.6,6,10
18386,0.3333,19,57
18387,0.6667,4,6
18388,0.4,2,5
18389,0.3,3,10
18390,0.5528,68,123
18391,0.1913,35,183
18392,0.5,1,2
18393,0.5079,32,63
18394,0.8333,5,6
18395,0.8667,13,15
18396,1.0,5,5
18397,0.4828,14,29
18398,0.9024,37,41
18399,0.875,7,8
18400,0.7143,5,7
18401,0.7,21,30
18402,0.451,23,51
18403,0.913,21,23
18405,1.0,13,13
18406,1.0,26,26
18407,0.5556,30,54
18408,0.5758,38,66
18409,0.1271,30,236
18410,0.9444,17,18
18411,1.0,1,1
18412,0.7368,14,19
18413,0.8095,17,21
18414,0.7143,5,7
18415,0.7745,158,204
18416,0.7374,73,99
18417,0.8571,6,7
18418,0.3333,12,36
18419,0.625,5,8
18420,0.625,30,48
18421,0.8333,10,12
18422,0.3956,36,91
18423,0.6944,75,108
18424,0.7083,17,24
18425,0.12,6,50
18426,0.7143,10,14
18427,1.0,4,4
18428,0.5484,17,31
18429,0.7073,29,41
18430,0.619,26,42
18431,0.3958,19,48
18432,0.75,3,4
18433,0.6667,4,6
18434,1.0,5,5
18435,0.5,1,2
18436,0.7143,5,7
18437,0.5,6,12
18438,0.7869,48,61
18439,0.76,19,25
18440,0.3333,2,6
18441,0.8333,5,6
18442,0.5385,21,39
18443,0.16,4,25
18444,1.0,3,3
18445,0.5789,11,19
18446,0.1667,1,6
18447,0.7333,22,30
18448,0.7273,16,22
18449,0.8065,75,93
18450,0.7595,60,79
18451,0.5098,26,51
18452,0.5714,8,14
18453,0.8571,6,7
18454,0.4444,28,63
18455,0.6905,29,42
18456,0.7073,29,41
18457,0.5652,13,23
18458,0.7259,143,197
18459,0.7037,19,27
18460,0.875,7,8
18461,0.3208,17,53
18462,0.0,0,1
18463,0.0,0,7
18465,0.6111,22,36
18466,0.3882,66,170
18467,0.7444,67,90
18468,0.1959,19,97
18470,0.6897,40,58
18471,0.6435,139,216
18472,0.6667,4,6
18473,1.0,6,6
18474,0.75,3,4
18475,0.7333,22,30
18476,0.7414,43,58
18477,0.3,3,10
18478,0.4828,14,29
18479,0.5238,22,42
18480,0.7105,27,38
18481,0.2785,22,79
18482,0.74,37,50
18483,1.0,3,3
18484,0.3529,12,34
18485,0.6951,57,82
18486,0.6134,73,119
18487,0.68,17,25
18488,0.871,27,31
18489,0.7241,21,29
18490,0.65,13,20
18491,0.6667,4,6
18492,1.0,7,7
18493,0.9375,15,16
18494,0.4857,34,70
18495,1.0,6,6
18496,0.3267,49,150
18497,0.9444,17,18
18498,0.6,6,10
18499,0.5,1,2
18500,0.5,5,10
18501,0.6,24,40
18502,0.6316,12,19
18503,0.6296,17,27
18504,1.0,7,7
18505,0.8571,6,7
18506,0.8788,29,33
18507,0.6667,24,36
18508,0.7143,5,7
18509,1.0,2,2
18510,1.0,3,3
18511,0.3333,7,21
18512,0.6875,33,48
18513,0.2714,19,70
18514,0.0,0,8
18515,0.3109,37,119
18516,0.8125,13,16
18517,0.3333,11,33
18518,0.3039,31,102
18519,0.9286,26,28
18520,0.3488,15,43
18521,0.5147,35,68
18522,0.9333,14,15
18523,1.0,5,5
18524,0.5882,10,17
18525,0.4,2,5
18526,0.4348,10,23
18527,0.9474,18,19
18528,0.8281,53,64
18529,1.0,6,6
18530,0.25,2,8
18531,1.0,16,16
18532,1.0,1,1
18533,0.9565,22,23
18534,0.4138,48,116
18535,0.8,20,25
18536,0.7692,10,13
18537,0.8,28,35
18538,1.0,4,4
18539,0.274,40,146
18540,0.7174,66,92
18541,0.6471,55,85
18542,0.3846,5,13
18543,0.8,28,35
18544,0.449,22,49
18545,0.5641,22,39
18546,0.6316,24,38
18547,0.7885,41,52
18548,0.3676,50,136
18549,1.0,3,3
18550,0.4,24,60
18551,0.5882,20,34
18552,0.8,4,5
18553,0.3333,1,3
18554,0.5714,24,42
18555,0.5714,16,28
18556,0.25,1,4
18557,0.7273,24,33
18558,0.8,4,5
18559,0.6364,7,11
18560,0.75,3,4
18561,1.0,3,3
18562,0.68,51,75
18563,0.6667,6,9
18564,0.6471,11,17
18565,0.8125,39,48
18566,0.5556,15,27
18567,0.4103,32,78
18568,0.5536,31,56
18569,0.2326,20,86
18570,0.3333,3,9
18571,0.7241,21,29
18572,0.7619,16,21
18573,0.8889,24,27
18574,0.4146,17,41
18575,0.8571,6,7
18576,0.1765,3,17
18577,0.5349,23,43
18578,0.6944,25,36
18579,0.1429,1,7
18580,0.5625,9,16
18581,0.9,27,30
18582,0.4608,47,102
18583,0.5833,21,36
18584,0.8667,26,30
18585,0.5294,9,17
18586,1.0,12,12
18587,0.6471,11,17
18588,0.4085,58,142
18589,0.6667,8,12
18590,0.4947,47,95
18591,0.7273,8,11
18592,0.7628,119,156
18593,0.68,17,25
18594,0.7619,16,21
18595,0.4062,13,32
18596,0.6667,6,9
18597,0.3625,29,80
18598,0.7778,7,9
18599,0.3871,12,31
18600,0.2609,6,23
18601,0.6977,30,43
18602,0.4286,3,7
18603,0.3333,2,6
18604,0.4514,65,144
18605,0.8504,216,254
18606,0.3908,34,87
18607,0.75,24,32
18608,0.7857,11,14
18609,0.56,28,50
18610,0.6957,16,23
18611,0.381,152,399
18612,0.6788,112,165
18613,0.25,5,20
18614,0.2602,32,123
18615,0.4627,62,134
18616,0.72,18,25
18617,0.375,6,16
18618,0.6429,9,14
18619,1.0,7,7
18620,0.3864,17,44
18622,0.5625,9,16
18623,0.5,2,4
18624,0.9231,12,13
18625,0.3333,7,21
18626,0.8444,38,45
18627,0.6813,62,91
18628,0.2683,99,369
18629,0.2069,24,116
18630,0.75,24,32
18631,0.6,6,10
18632,0.75,15,20
18633,0.0,0,3
18634,0.8571,36,42
18635,0.7931,23,29
18636,1.0,6,6
18637,0.5833,49,84
18638,0.5167,31,60
18639,0.875,7,8
18640,0.3228,51,158
18641,0.7368,14,19
18642,0.4286,3,7
18643,0.4,2,5
18644,0.3148,17,54
18645,0.4444,4,9
18646,0.0,0,1
18647,0.9091,20,22
18648,1.0,7,7
18649,0.8,8,10
18650,0.7647,13,17
18651,1.0,7,7
18652,0.25,3,12
18653,0.3621,21,58
18654,0.6667,4,6
18655,0.3469,17,49
18656,0.4412,15,34
18657,0.625,5,8
18658,0.4531,58,128
18659,0.9048,19,21
18660,0.766,36,47
18661,0.4167,5,12
18662,1.0,4,4
18663,0.25,2,8
18664,0.2667,4,15
18665,0.6154,8,13
18666,0.25,1,4
18667,0.3333,4,12
18668,0.5714,8,14
18669,0.875,7,8
18670,0.4406,63,143
18671,0.7778,21,27
18672,0.7917,19,24
18673,0.625,5,8
18674,1.0,1,1
18675,0.3196,31,97
18676,0.9565,22,23
18677,0.875,7,8
18678,0.4127,26,63
18679,0.617,29,47
18680,0.7273,16,22
18681,0.6667,2,3
18682,0.5455,24,44
18683,0.5248,106,202
18684,1.0,10,10
18685,0.7273,8,11
18686,0.3103,18,58
18687,0.7778,56,72
18689,0.6957,16,23
18690,0.8333,15,18
18691,0.8627,44,51
18692,0.5,42,84
18693,0.8095,17,21
18694,0.68,17,25
18695,1.0,18,18
18696,0.8889,8,9
18697,0.72,18,25
18698,0.6667,6,9
18699,0.5455,12,22
18700,0.2511,55,219
18701,0.5,3,6
18702,0.8889,8,9
18703,0.6809,32,47
18704,0.5745,27,47
18705,0.5,11,22
18706,0.4332,94,217
18707,0.6923,18,26
18708,0.6364,7,11
18709,0.5962,31,52
18711,0.7606,54,71
18712,0.5941,60,101
18713,0.2991,35,117
18714,0.28,7,25
18715,0.6667,4,6
18716,0.5891,76,129
18717,1.0,4,4
18718,0.7917,19,24
18719,0.7368,14,19
18720,0.7,7,10
18721,0.8222,37,45
18722,0.5556,20,36
18723,0.8261,19,23
18724,0.5333,8,15
18725,0.8548,106,124
18726,0.84,21,25
18727,0.7143,15,21
18728,0.9333,28,30
18729,0.5,3,6
18730,0.3556,16,45
18731,0.6429,18,28
18732,0.6667,4,6
18733,0.8182,27,33
18734,0.8261,19,23
18735,0.8936,42,47
18736,0.619,13,21
18737,0.3103,9,29
18738,0.675,27,40
18739,0.3,15,50
18740,0.4783,11,23
18741,0.6111,11,18
18742,0.6176,21,34
18743,0.7586,22,29
18744,0.6389,23,36
18745,0.4348,30,69
18746,0.1333,4,30
18747,0.8571,6,7
18748,0.0,0,3
18749,0.5714,4,7
18750,0.6667,2,3
18751,0.2581,8,31
18752,0.7368,14,19
18753,0.6588,56,85
18754,0.8644,51,59
18755,0.5966,71,119
18756,0.5612,55,98
18757,0.8571,6,7
18758,0.95,57,60
18759,1.0,4,4
18760,0.7273,16,22
18761,0.3288,24,73
18762,1.0,1,1
18763,1.0,5,5
18764,0.88,88,100
18765,0.5789,132,228
18766,1.0,4,4
18767,0.7692,20,26
18768,0.4545,65,143
18769,0.8,12,15
18770,0.6757,25,37
18771,0.4348,10,23
18772,0.4615,6,13
18773,1.0,6,6
18774,0.75,3,4
18775,0.875,7,8
18776,0.7143,15,21
18777,0.7,14,20
18778,0.3636,4,11
18779,0.625,5,8
18780,0.2154,14,65
18781,1.0,4,4
18782,0.2745,14,51
18783,0.5366,44,82
18784,0.6429,27,42
18785,0.5128,20,39
18786,1.0,24,24
18787,1.0,3,3
18788,0.6207,18,29
18789,0.5455,6,11
18790,0.8,8,10
18791,0.9091,20,22
18792,0.75,6,8
18793,0.6923,18,26
18794,1.0,9,9
18795,0.518,158,305
18796,0.875,7,8
18797,0.1887,30,159
18798,0.5082,31,61
18799,0.5224,35,67
18800,1.0,11,11
18801,0.3293,27,82
18802,0.4783,44,92
18803,0.8857,31,35
18804,0.5,5,10
18805,0.8182,18,22
18806,0.6875,33,48
18807,1.0,16,16
18808,0.8485,28,33
18809,0.3793,33,87
18810,0.6316,12,19
18811,0.5,4,8
18812,0.0,0,2
18813,0.0,0,5
18814,0.85,17,20
18815,0.4088,65,159
18816,0.5714,4,7
18817,0.7143,5,7
18818,0.5833,7,12
18819,0.6667,6,9
18820,0.8983,53,59
18821,0.8519,23,27
18822,0.5,19,38
18823,0.0,0,4
18824,0.8,4,5
18825,0.1356,8,59
18826,1.0,19,19
18827,0.9375,15,16
18828,0.5,17,34
18829,1.0,2,2
18830,1.0,3,3
18831,0.2353,12,51
18832,0.5,1,2
18833,0.2566,29,113
18834,0.6338,45,71
18835,1.0,4,4
18836,1.0,7,7
18837,0.3881,26,67
18838,0.7727,34,44
18839,0.4,2,5
18841,1.0,21,21
18842,0.3333,5,15
18843,0.4554,46,101
18844,1.0,1,1
18845,0.5714,4,7
18846,0.9744,38,39
18847,0.6957,16,23
18848,1.0,15,15
18849,0.9062,58,64
18850,0.0,0,4
18851,0.8654,45,52
18852,0.5455,12,22
18853,0.75,3,4
18854,0.9492,56,59
18855,0.375,9,24
18856,0.3571,10,28
18857,0.7273,8,11
18858,0.5208,50,96
18859,0.4419,38,86
18860,0.4444,44,99
18861,0.8,4,5
18862,0.8333,10,12
18863,0.7059,12,17
18864,0.5828,95,163
18865,0.75,6,8
18866,0.3761,41,109
18867,0.6286,22,35
18868,0.4,2,5
18869,0.6273,69,110
18870,1.0,3,3
18871,1.0,18,18
18872,0.4545,10,22
18873,0.5,3,6
18874,0.3,6,20
18875,0.5844,45,77
18876,0.0,0,3
18877,0.814,105,129
18878,0.3564,36,101
18879,0.2857,2,7
18880,0.3723,51,137
18881,0.5,11,22
18882,0.5,4,8
18883,0.5385,7,13
18884,0.5,3,6
18885,0.75,3,4
18886,0.6087,14,23
18887,0.4359,34,78
18888,0.7869,48,61
18889,0.7143,5,7
18890,0.7895,15,19
18891,0.7143,10,14
18892,0.4818,66,137
18893,0.3647,97,266
18894,0.8293,34,41
18895,0.7368,28,38
18896,0.7778,7,9
18897,0.6761,48,71
18898,0.0,0,2
18899,0.4286,3,7
18900,0.9796,48,49
18901,0.3422,64,187
18902,0.5179,29,56
18903,0.7143,40,56
18904,0.8571,18,21
18905,1.0,3,3
18906,0.5455,30,55
18907,0.5507,114,207
18908,0.6667,2,3
18909,0.871,27,31
18910,0.6765,23,34
18911,0.3651,46,126
18912,0.6296,17,27
18913,0.8,28,35
18914,0.1429,2,14
18915,0.6389,23,36
18916,0.25,5,20
18917,0.5833,7,12
18918,0.8889,8,9
18919,0.9091,10,11
18920,1.0,7,7
18921,0.625,5,8
18922,0.7654,62,81
18923,0.6667,4,6
18924,0.5278,19,36
18925,0.5167,31,60
18926,1.0,12,12
18927,0.5,2,4
18928,0.7143,5,7
18929,0.3704,20,54
18930,0.3333,2,6
18931,1.0,4,4
18932,0.6364,70,110
18933,0.75,6,8
18934,0.875,7,8
18935,0.9167,11,12
18936,0.8261,19,23
18937,0.7037,19,27
18938,0.75,6,8
18939,0.5556,5,9
18940,0.4211,8,19
18941,0.7368,42,57
18942,0.6875,11,16
18943,0.75,6,8
18944,1.0,13,13
18945,1.0,2,2
18946,0.4054,15,37
18947,0.7222,13,18
18948,1.0,2,2
18949,0.3537,52,147
18950,0.2188,7,32
18951,0.5366,22,41
18952,0.0435,1,23
18953,0.8421,16,19
18954,0.9615,50,52
18955,0.85,51,60
18956,0.5,5,10
18957,0.5556,20,36
18958,0.6667,82,123
18959,1.0,10,10
18960,0.6111,33,54
18961,1.0,2,2
18962,0.4471,38,85
18963,1.0,2,2
18964,0.74,37,50
18965,1.0,13,13
18966,0.4545,5,11
18967,0.625,20,32
18968,0.7763,59,76
18969,0.7797,46,59
18970,0.4898,24,49
18971,0.7315,109,149
18972,0.1932,17,88
18973,0.7143,5,7
18974,0.5714,4,7
18975,0.48,48,100
18976,0.56,28,50
18977,0.292,33,113
18978,0.8182,9,11
18979,0.9592,47,49
18980,0.3293,27,82
18981,0.6667,20,30
18982,0.4937,39,79
18983,0.8696,20,23
18984,0.6562,21,32
18985,0.6,3,5
18986,0.3077,4,13
18987,0.5385,35,65
18988,0.6211,59,95
18989,1.0,11,11
18990,0.3571,5,14
18991,0.25,3,12
18992,0.6724,78,116
18993,0.775,31,40
18994,0.35,21,60
18995,0.75,6,8
18996,0.1111,11,99
18997,0.8333,10,12
18998,0.7576,50,66
18999,0.3714,26,70
19000,0.8889,16,18
19001,0.6809,32,47
19002,1.0,7,7
19003,0.4865,18,37
19004,0.6842,13,19
19005,1.0,5,5
19006,0.8095,17,21
19007,0.2703,10,37
19008,0.4818,66,137
19009,0.8333,5,6
19010,0.902,46,51
19011,1.0,12,12
19012,0.8571,12,14
19013,0.8542,41,48
19014,0.6667,6,9
19015,0.6923,9,13
19016,0.8333,5,6
19017,0.6977,30,43
19018,1.0,20,20
19019,0.4407,26,59
19020,0.6667,12,18
19021,0.9333,14,15
19022,0.6,6,10
19023,0.8571,6,7
19024,0.9091,10,11
19025,0.5,3,6
19026,0.6667,4,6
19027,0.1304,6,46
19028,1.0,4,4
19029,0.75,12,16
19030,0.5714,12,21
19031,0.6322,55,87
19032,0.4615,12,26
19033,0.6667,16,24
19034,0.4091,9,22
19035,0.5862,34,58
19036,0.6667,2,3
19037,1.0,1,1
19038,0.5455,6,11
19039,0.869,73,84
19040,0.4375,28,64
19041,0.5075,34,67
19042,0.8462,11,13
19043,0.8333,5,6
19044,0.6087,28,46
19045,0.4242,14,33
19046,0.6212,41,66
19047,0.6,6,10
19048,0.2826,13,46
19049,0.9231,12,13
19050,0.5,2,4
19051,0.7586,22,29
19052,0.9259,25,27
19053,0.697,23,33
19054,0.75,12,16
19055,1.0,7,7
19056,0.7143,5,7
19057,0.3947,15,38
19058,1.0,11,11
19059,0.5,10,20
19060,0.8966,26,29
19061,0.3684,7,19
19062,1.0,8,8
19063,0.6667,4,6
19064,0.3103,9,29
19065,0.7368,14,19
19066,0.3559,42,118
19067,0.0315,19,604
19068,0.7692,10,13
19069,0.8333,10,12
19070,0.5467,41,75
19071,0.4,6,15
19072,0.0,0,4
19073,1.0,5,5
19074,0.7273,48,66
19075,0.3947,15,38
19076,0.931,27,29
19077,0.7742,48,62
19078,0.8,4,5
19079,0.4158,42,101
19080,0.6667,4,6
19081,0.4483,13,29
19082,1.0,3,3
19083,0.875,7,8
19084,0.9091,20,22
19085,0.2587,37,143
19086,0.6,30,50
19087,0.7333,11,15
19088,0.55,44,80
19089,1.0,1,1
19090,0.725,29,40
19091,0.875,7,8
19092,1.0,6,6
19093,0.1047,9,86
19094,0.6122,30,49
19095,0.5111,23,45
19096,0.4737,9,19
19097,0.3182,7,22
19098,0.6809,32,47
19099,0.5312,17,32
19100,0.7917,19,24
19101,0.5455,6,11
19102,1.0,8,8
19103,0.6,3,5
19104,0.88,44,50
19105,0.6818,15,22
19106,0.6,6,10
19107,0.3684,63,171
19108,0.8065,25,31
19109,0.8065,25,31
19110,0.7895,15,19
19111,0.75,27,36
19112,0.8462,11,13
19113,0.6667,4,6
19114,0.7931,23,29
19115,0.6667,4,6
19116,0.3333,1,3
19117,0.6333,19,30
19118,0.5,1,2
19119,0.8,12,15
19120,0.4667,14,30
19121,0.875,7,8
19122,0.65,13,20
19123,0.4516,14,31
19124,1.0,4,4
19125,0.5385,7,13
19126,0.7647,13,17
19127,0.3864,17,44
19128,0.8444,38,45
19129,0.8462,11,13
19130,0.8,8,10
19131,0.6364,14,22
19132,0.5,1,2
19133,0.4694,23,49
19134,0.5802,47,81
19135,1.0,5,5
19136,0.5658,43,76
19137,0.6349,80,126
19138,0.6667,18,27
19139,0.7143,20,28
19140,0.5952,25,42
19141,0.5,15,30
19142,0.5455,18,33
19143,0.8571,72,84
19144,0.5455,12,22
19145,0.5,2,4
19146,0.6667,2,3
19147,0.4267,32,75
19148,0.6875,22,32
19149,0.625,15,24
19150,1.0,2,2
19151,0.5932,35,59
19152,0.5732,94,164
19153,0.9091,10,11
19155,0.5968,37,62
19156,0.7429,26,35
19157,0.8235,14,17
19158,0.5556,30,54
19159,0.6857,24,35
19160,0.7931,46,58
19161,1.0,9,9
19162,0.3544,73,206
19163,0.5189,55,106
19164,0.5152,17,33
19165,0.6316,12,19
19166,0.9091,20,22
19167,0.5185,14,27
19168,0.2632,25,95
19169,0.4375,14,32
19170,0.5238,22,42
19171,0.4783,33,69
19172,0.875,7,8
19173,0.4545,5,11
19174,0.6471,44,68
19175,0.1944,14,72
19176,0.3729,22,59
19177,0.7586,22,29
19178,0.75,6,8
19179,0.8,8,10
19180,0.4348,30,69
19181,0.5918,29,49
19182,0.75,15,20
19183,0.8788,29,33
19184,0.3659,45,123
19185,0.6667,2,3
19186,0.625,5,8
19187,0.434,23,53
19188,0.0,0,1
19189,0.8571,12,14
19190,0.7273,8,11
19191,0.1389,5,36
19192,0.5,13,26
19193,0.3243,12,37
19194,1.0,1,1
19195,0.65,13,20
19196,0.7727,17,22
19197,0.6957,32,46
19198,0.6333,38,60
19199,0.3256,14,43
19200,0.875,21,24
19201,0.45,9,20
19202,0.8621,50,58
19203,0.5714,12,21
19204,0.7143,5,7
19205,0.75,9,12
19206,0.6562,21,32
19207,0.5476,23,42
19208,0.875,7,8
19209,0.8889,8,9
19210,0.34,17,50
19211,0.3333,1,3
19212,0.2923,38,130
19213,0.7755,38,49
19214,0.4167,10,24
19215,0.8571,6,7
19216,0.3333,1,3
19217,0.9333,14,15
19218,0.7143,5,7
19219,0.5,6,12
19220,0.4783,11,23
19221,0.8571,12,14
19222,0.4615,30,65
19223,0.74,74,100
19224,1.0,3,3
19225,0.8333,5,6
19226,0.3962,21,53
19227,0.383,18,47
19228,0.914,170,186
19229,0.2889,13,45
19230,0.6786,19,28
19231,0.75,90,120
19232,0.6,3,5
19233,0.6667,4,6
19234,0.8182,18,22
19235,0.561,46,82
19236,0.5116,22,43
19237,0.5833,7,12
19238,1.0,2,2
19239,0.4783,11,23
19240,0.75,18,24
19241,1.0,3,3
19242,0.3097,83,268
19243,0.26,13,50
19244,0.3333,1,3
19245,0.9524,20,21
19246,0.5,5,10
19247,0.75,30,40
19248,0.6509,69,106
19249,0.6562,21,32
19250,1.0,6,6
19251,0.7083,17,24
19252,0.7273,32,44
19253,0.2308,6,26
19254,1.0,2,2
19255,0.75,6,8
19256,0.4167,10,24
19257,0.8182,9,11
19258,0.4587,50,109
19259,0.4286,3,7
19260,0.5,8,16
19261,0.6437,112,174
19262,0.3636,4,11
19263,0.25,2,8
19264,0.5,2,4
19265,0.5125,41,80
19266,0.5294,9,17
19267,0.875,7,8
19268,0.2632,5,19
19269,0.6667,8,12
19270,0.7083,34,48
19271,0.5152,17,33
19272,1.0,4,4
19273,0.3333,4,12
19274,0.6,3,5
19275,0.4054,15,37
19276,1.0,6,6
19277,0.5417,26,48
19278,0.5909,13,22
19279,0.4599,63,137
19280,0.5938,19,32
19281,0.7429,26,35
19282,0.5,25,50
19283,0.2333,14,60
19284,1.0,19,19
19285,0.5932,35,59
19286,0.5217,24,46
19287,0.5,4,8
19288,0.6333,19,30
19289,0.3896,30,77
19290,0.712,89,125
19291,0.7857,33,42
19292,0.5,3,6
19293,0.7273,56,77
19294,0.7895,15,19
19295,1.0,4,4
19296,0.5405,20,37
19297,0.75,3,4
19298,1.0,5,5
19299,0.6226,33,53
19300,0.6667,6,9
19301,0.1778,8,45
19302,0.6667,4,6
19303,0.913,21,23
19304,1.0,3,3
19305,0.4425,50,113
19306,0.8182,9,11
19307,0.5714,4,7
19308,0.7,14,20
19309,0.5532,26,47
19310,0.8151,97,119
19311,0.125,1,8
19312,0.8571,6,7
19313,0.5254,31,59
19314,0.6667,12,18
19315,0.3333,6,18
19316,0.2333,14,60
19317,1.0,5,5
19318,0.3913,45,115
19319,0.68,17,25
19320,0.6667,14,21
19321,0.5882,10,17
19322,0.2821,22,78
19323,0.6667,18,27
19324,0.2778,15,54
19325,0.9,9,10
19326,0.7619,32,42
19327,0.7727,17,22
19328,0.619,13,21
19329,0.2642,14,53
19330,0.7778,21,27
19331,0.5385,14,26
19332,0.5,2,4
19333,0.6098,50,82
19334,0.9524,20,21
19335,0.7143,20,28
19336,0.7761,52,67
19337,0.4068,24,59
19338,0.7692,30,39
19339,0.5556,5,9
19340,0.2857,2,7
19341,0.5556,5,9
19342,0.7143,5,7
19343,1.0,12,12
19344,0.6111,33,54
19345,0.2268,22,97
19346,0.6211,59,95
19347,0.4762,10,21
19348,0.6818,15,22
19349,0.7143,5,7
19350,0.64,16,25
19351,0.6984,44,63
19352,0.25,1,4
19353,0.8333,10,12
19354,0.5385,14,26
19355,0.4348,20,46
19356,0.8636,19,22
19357,0.6806,49,72
19358,0.7273,40,55
19359,1.0,3,3
19360,0.6667,8,12
19361,0.9,18,20
19362,0.8333,10,12
19363,0.6829,28,41
19364,0.8,12,15
19365,0.5741,31,54
19366,0.8182,9,11
19367,1.0,1,1
19368,0.602,59,98
19369,0.1667,1,6
19370,0.7432,55,74
19371,0.4571,32,70
19372,1.0,2,2
19373,0.913,21,23
19374,0.5,7,14
19375,0.8261,19,23
19376,0.4118,7,17
19377,0.3333,70,210
19378,0.75,39,52
19379,0.5714,4,7
19380,0.3429,36,105
19381,0.4848,16,33
19382,0.4444,4,9
19383,0.5323,33,62
19384,0.72,18,25
19385,0.4203,29,69
19386,0.6897,20,29
19387,0.7692,20,26
19388,0.619,13,21
19389,0.4667,14,30
19390,0.7059,12,17
19391,0.375,3,8
19392,0.64,64,100
19393,0.7143,5,7
19394,0.25,1,4
19395,0.5556,5,9
19396,0.5385,7,13
19397,0.8333,5,6
19398,0.1,3,30
19399,0.3333,22,66
19400,0.5625,18,32
19401,0.3333,41,123
19402,0.9048,38,42
19403,0.25,5,20
19404,0.2564,20,78
19405,0.75,3,4
19406,0.5098,26,51
19407,0.6667,2,3
19408,0.6667,4,6
19409,0.2203,13,59
19410,0.4,4,10
19411,0.6,6,10
19412,0.25,2,8
19413,0.9286,13,14
19414,0.6606,72,109
19415,0.5,5,10
19416,0.7436,29,39
19417,1.0,21,21
19418,0.9231,12,13
19419,0.75,6,8
19420,0.5682,25,44
19421,0.55,33,60
19422,0.3421,13,38
19423,0.6316,12,19
19424,0.6667,2,3
19425,0.6176,21,34
19426,0.6,6,10
19427,0.8462,33,39
19428,0.5,1,2
19429,0.5789,11,19
19430,0.7,7,10
19431,0.3333,29,87
19432,0.6,6,10
19433,0.5862,17,29
19434,0.6737,64,95
19435,0.7105,27,38
19436,0.8889,8,9
19437,0.4,2,5
19438,0.625,30,48
19439,0.66,33,50
19440,0.5645,35,62
19441,0.7,7,10
19442,0.4,6,15
19443,0.8462,11,13
19444,0.875,14,16
19445,0.8462,11,13
19446,0.3171,13,41
19447,0.6147,67,109
19448,1.0,10,10
19449,0.5,20,40
19450,0.9091,10,11
19451,0.5,14,28
19452,0.8333,5,6
19453,0.75,18,24
19454,0.875,7,8
19455,0.5893,33,56
19456,0.0,0,2
19457,0.7846,51,65
19458,0.4074,11,27
19459,0.8333,5,6
19460,0.6357,82,129
19461,0.7561,31,41
19462,0.5,5,10
19463,0.5795,51,88
19464,0.75,3,4
19465,0.9333,14,15
19466,0.4118,7,17
19467,0.425,17,40
19468,0.5676,21,37
19469,0.3636,4,11
19470,0.8333,25,30
19471,0.9474,18,19
19472,0.8095,17,21
19473,0.7677,76,99
19474,0.7143,20,28
19475,0.2857,2,7
19476,0.7778,7,9
19477,0.6429,63,98
19478,0.6111,33,54
19479,0.75,3,4
19480,0.3188,22,69
19481,0.5,11,22
19482,0.8333,20,24
19483,0.6957,32,46
19484,0.2857,2,7
19485,0.8333,5,6
19486,1.0,1,1
19487,0.6897,20,29
19488,0.5,15,30
19489,0.8182,18,22
19490,0.1111,1,9
19491,0.8696,40,46
19492,0.75,3,4
19493,0.5568,49,88
19494,0.3947,15,38
19495,0.5,8,16
19496,0.6383,60,94
19497,0.66,33,50
19498,0.6,3,5
19499,0.5741,31,54
19500,0.6061,20,33
19501,0.6667,36,54
19502,0.5556,20,36
19503,0.6364,14,22
19504,0.6667,16,24
19505,0.5856,65,111
19506,0.8298,39,47
19507,0.6667,2,3
19508,0.6538,17,26
19509,0.25,1,4
19510,0.8529,29,34
19511,0.8846,23,26
19512,0.8,16,20
19513,0.6567,44,67
19514,0.5,2,4
19515,0.6471,44,68
19516,0.2211,21,95
19517,0.8182,9,11
19518,0.6667,8,12
19519,1.0,9,9
19520,0.6875,11,16
19521,0.7381,62,84
19522,0.52,91,175
19523,0.4348,10,23
19524,0.6562,21,32
19525,0.0,0,4
19526,1.0,6,6
19527,0.65,26,40
19528,0.386,83,215
19529,0.2908,82,282
19530,0.5896,102,173
19531,0.5932,35,59
19532,0.2857,2,7
19533,0.8889,8,9
19534,1.0,17,17
19535,0.5195,40,77
19536,0.6364,7,11
19537,0.4884,21,43
19538,0.5,9,18
19539,0.6944,25,36
19540,0.4175,43,103
19541,0.5758,38,66
19542,1.0,1,1
19543,0.75,3,4
19544,0.4762,10,21
19545,0.8,12,15
19546,0.3294,56,170
19547,0.1667,1,6
19548,0.3,3,10
19549,0.3529,6,17
19550,0.6923,36,52
19551,0.0,0,3
19552,0.4,10,25
19553,0.4048,51,126
19554,1.0,5,5
19555,0.6316,12,19
19556,0.8621,50,58
19557,0.9375,15,16
19558,0.5658,43,76
19559,0.0,0,2
19560,0.7403,57,77
19561,0.6111,11,18
19562,0.6389,23,36
19563,0.6957,16,23
19564,0.7143,25,35
19565,0.8571,24,28
19566,0.7556,34,45
19567,1.0,14,14
19568,0.0,0,1
19569,0.4,10,25
19570,0.8,8,10
19571,0.3,3,10
19572,0.7143,5,7
19573,0.7714,54,70
19574,0.9016,110,122
19575,0.8387,52,62
19576,0.6222,28,45
19577,0.5882,20,34
19578,0.7674,33,43
19579,0.4462,29,65
19580,0.75,3,4
19581,0.6957,16,23
19582,0.9333,14,15
19583,0.8421,32,38
19584,0.5091,28,55
19585,0.5,16,32
19586,0.8462,11,13
19587,0.7273,8,11
19588,0.5714,8,14
19589,0.7143,10,14
19590,0.6374,116,182
19591,0.3833,23,60
19592,0.5714,4,7
19593,1.0,2,2
19594,0.0,0,1
19595,0.75,6,8
19596,0.5806,18,31
19597,0.9556,43,45
19598,0.5215,85,163
19599,0.7391,34,46
19600,0.4286,3,7
19601,0.7778,7,9
19602,0.4509,78,173
19603,0.6341,26,41
19604,0.625,5,8
19605,1.0,5,5
19606,0.5,2,4
19607,0.75,9,12
19608,0.4286,3,7
19609,0.6667,8,12
19610,0.4783,11,23
19611,0.625,5,8
19612,1.0,32,32
19613,0.2143,21,98
19614,1.0,1,1
19615,0.4615,18,39
19616,0.5,2,4
19617,0.6923,81,117
19618,0.25,1,4
19619,0.5652,26,46
19620,0.6667,2,3
19621,0.6796,70,103
19622,0.3457,28,81
19623,0.9091,20,22
19624,0.7273,32,44
19625,0.5,8,16
19627,0.8333,5,6
19628,0.6842,13,19
19629,0.5111,23,45
19630,0.4459,70,157
19631,0.4754,29,61
19632,0.3404,32,94
19633,0.8462,11,13
19634,0.7073,29,41
19635,0.871,54,62
19636,0.0,0,2
19637,0.75,3,4
19638,0.7059,12,17
19639,0.8571,6,7
19640,0.5091,28,55
19641,0.1111,1,9
19642,0.6364,21,33
19643,0.8958,43,48
19644,0.64,16,25
19645,0.2963,24,81
19646,0.6842,26,38
19647,1.0,16,16
19648,0.5909,13,22
19649,0.6667,2,3
19650,0.5263,20,38
19651,0.6098,25,41
19652,1.0,2,2
19653,0.4773,21,44
19654,0.7368,14,19
19655,0.5072,35,69
19656,0.375,6,16
19657,0.3071,39,127
19658,1.0,1,1
19659,0.5,2,4
19660,0.8,8,10
19661,0.9333,14,15
19662,0.5714,4,7
19663,0.8,8,10
19664,0.1884,39,207
19665,1.0,8,8
19666,0.6,30,50
19667,0.6061,20,33
19668,1.0,7,7
19669,0.8333,15,18
19670,0.9302,40,43
19671,0.3333,1,3
19672,0.6667,4,6
19673,1.0,1,1
19674,0.5556,10,18
19675,0.5,2,4
19676,1.0,7,7
19677,0.3871,24,62
19678,0.4706,8,17
19679,0.6,3,5
19680,0.3,3,10
19681,0.4545,15,33
19682,0.8333,5,6
19683,1.0,3,3
19684,0.3333,1,3
19685,0.5319,25,47
19686,1.0,3,3
19687,0.925,37,40
19688,0.3571,30,84
19689,1.0,4,4
19690,0.6486,24,37
19691,0.9394,31,33
19692,0.3333,1,3
19693,0.7857,11,14
19694,0.8387,26,31
19695,0.92,23,25
19696,0.8846,23,26
19697,0.697,23,33
19698,0.8824,15,17
19699,0.4,12,30
19700,0.5714,4,7
19701,0.2952,49,166
19702,1.0,7,7
19703,0.8,4,5
19704,0.5484,34,62
19705,0.6111,11,18
19706,0.3017,35,116
19707,0.8293,34,41
19708,0.8462,11,13
19709,0.3333,1,3
19710,0.75,6,8
19711,0.5333,80,150
19712,0.6667,18,27
19713,0.6111,11,18
19714,0.8704,47,54
19715,0.4,2,5
19716,0.3538,46,130
19717,0.3333,2,6
19718,0.75,21,28
19719,0.3077,8,26
19720,0.434,23,53
19721,0.3333,2,6
19722,0.5372,65,121
19723,0.5714,4,7
19724,0.5221,59,113
19725,0.7273,8,11
19726,0.7143,10,14
19727,0.541,33,61
19728,0.0,0,4
19729,0.3824,39,102
19730,0.8,24,30
19731,0.525,21,40
19732,0.2891,37,128
19733,0.375,9,24
19734,0.0,0,2
19735,0.6275,32,51
19736,0.7,56,80
19737,0.5,1,2
19738,0.6667,12,18
19739,0.9474,54,57
19740,0.6931,70,101
19741,0.6716,45,67
19742,0.3158,6,19
19743,0.25,3,12
19744,0.7857,55,70
19745,0.6667,10,15
19746,0.24,6,25
19747,0.5161,16,31
19748,0.2889,13,45
19749,0.6562,42,64
19750,0.7885,41,52
19751,0.9412,32,34
19752,0.4524,38,84
19753,0.8684,33,38
19754,0.9,18,20
19755,0.9444,17,18
19756,0.6053,23,38
19757,0.5,3,6
19758,0.7143,5,7
19759,0.7576,25,33
19760,0.6923,9,13
19761,0.6055,155,256
19762,0.7447,35,47
19763,0.6552,19,29
19764,0.5606,37,66
19765,0.8571,6,7
19766,0.7857,22,28
19767,0.6,15,25
19768,0.84,42,50
19769,0.3182,7,22
19770,0.4545,20,44
19771,0.6364,7,11
19772,0.8,8,10
19773,0.5,5,10
19774,0.4783,11,23
19775,0.7073,29,41
19776,0.2488,51,205
19777,0.619,26,42
19778,0.2667,8,30
19779,0.6667,6,9
19780,1.0,5,5
19781,0.5217,24,46
19782,0.75,3,4
19783,0.5833,42,72
19784,0.7778,7,9
19785,0.7222,13,18
19786,0.4141,41,99
19787,1.0,10,10
19788,0.6944,25,36
19789,1.0,12,12
19790,0.6667,12,18
19791,0.5625,9,16
19792,0.5135,19,37
19793,0.3333,2,6
19794,0.2742,17,62
19795,0.5455,6,11
19796,0.8333,5,6
19797,0.7778,42,54
19798,0.5122,21,41
19799,0.6667,2,3
19800,0.9032,84,93
19801,1.0,6,6
19802,0.5,1,2
19803,0.5895,56,95
19804,0.8182,9,11
19805,0.5,12,24
19806,1.0,10,10
19807,0.8462,11,13
19808,0.8148,22,27
19809,0.75,3,4
19810,0.7059,12,17
19811,0.4615,24,52
19812,0.8824,15,17
19813,0.9231,12,13
19814,0.7143,40,56
19815,0.3869,65,168
19816,0.7857,22,28
19817,1.0,2,2
19818,0.6203,49,79
19819,0.8571,24,28
19820,0.7,7,10
19821,0.4048,17,42
19822,0.4444,16,36
19823,0.6,3,5
19824,1.0,13,13
19825,0.5556,5,9
19826,0.3111,14,45
19827,0.8571,6,7
19828,0.7333,11,15
19829,0.8814,52,59
19830,0.9444,34,36
19831,0.92,23,25
19832,0.8125,13,16
19833,0.7586,22,29
19834,0.7455,41,55
19835,0.7711,64,83
19836,0.6081,45,74
19837,0.661,39,59
19838,0.75,3,4
19839,0.8333,5,6
19840,0.775,31,40
19841,0.7692,20,26
19842,0.6744,29,43
19843,0.2273,5,22
19844,0.8889,8,9
19845,0.6,3,5
19846,0.6038,32,53
19847,0.5119,43,84
19848,0.2857,4,14
19849,0.7447,35,47
19850,0.2143,9,42
19851,0.8491,45,53
19852,0.375,12,32
19853,0.9643,27,28
19854,0.8571,6,7
19855,0.6452,40,62
19856,0.6591,29,44
19857,0.8837,76,86
19858,0.3333,2,6
19859,0.75,3,4
19860,0.8333,15,18
19861,0.5185,42,81
19862,1.0,5,5
19863,0.9091,10,11
19864,0.5147,35,68
19865,0.7561,31,41
19866,0.6016,77,128
19867,0.6061,60,99
19868,0.7143,5,7
19869,1.0,1,1
19870,0.1262,13,103
19871,1.0,5,5
19872,1.0,2,2
19873,0.4286,42,98
19874,0.6818,15,22
19875,0.7805,32,41
19876,1.0,4,4
19877,0.6,3,5
19878,0.4091,9,22
19879,0.2,1,5
19880,0.3,6,20
19881,0.5146,53,103
19882,0.875,14,16
19883,0.8182,45,55
19884,0.3922,20,51
19885,0.5556,10,18
19886,0.463,25,54
19887,0.4565,42,92
19888,0.3333,2,6
19889,1.0,5,5
19890,0.5789,11,19
19891,0.3913,9,23
19892,0.5385,7,13
19893,0.5319,25,47
19894,0.3913,36,92
19895,1.0,11,11
19896,0.4368,38,87
19897,0.6389,23,36
19898,0.75,18,24
19899,0.6364,7,11
19900,0.5556,5,9
19901,0.8,12,15
19902,1.0,6,6
19903,0.7812,25,32
19904,0.6667,20,30
19905,0.4222,19,45
19906,0.5,2,4
19907,0.6154,16,26
19908,0.6667,8,12
19909,0.875,21,24
19910,0.6258,97,155
19911,0.7,35,50
19912,0.6232,43,69
19913,1.0,8,8
19914,0.5,3,6
19915,0.5,1,2
19916,0.8537,35,41
19917,0.75,9,12
19918,1.0,2,2
19919,0.6897,20,29
19920,0.6071,17,28
19921,0.8378,31,37
19922,1.0,1,1
19923,0.8387,26,31
19924,0.6667,4,6
19925,0.3438,11,32
19926,0.6212,41,66
19927,0.5,1,2
19928,0.75,6,8
19929,0.7778,21,27
19930,0.4211,48,114
19931,0.7692,10,13
19932,0.8889,8,9
19933,0.3889,7,18
19934,0.8947,17,19
19935,0.5,14,28
19936,0.3478,8,23
19937,0.7532,119,158
19938,0.6271,37,59
19939,1.0,8,8
19940,0.6176,21,34
19941,0.8333,20,24
19942,0.6562,21,32
19943,0.8,12,15
19944,0.6364,7,11
19945,0.4706,8,17
19946,1.0,1,1
19947,0.85,34,40
19948,0.8889,8,9
19949,0.5,3,6
19950,0.6275,64,102
19951,0.2353,4,17
19952,0.7778,14,18
19953,0.4868,37,76
19954,0.3592,125,348
19955,0.5161,16,31
19956,0.7727,17,22
19957,0.5312,34,64
19958,0.525,21,40
19959,0.2885,15,52
19960,0.5769,15,26
19961,0.7333,11,15
19962,1.0,10,10
19963,0.5569,93,167
19964,0.5952,25,42
19965,0.6667,44,66
19966,0.875,14,16
19967,0.5325,41,77
19968,0.4194,13,31
19969,0.9167,22,24
19970,0.28,7,25
19971,0.4957,57,115
19972,0.6667,6,9
19973,0.5417,13,24
19974,0.3778,17,45
19975,0.9583,23,24
19976,0.68,17,25
19977,1.0,4,4
19978,0.3529,18,51
19979,0.8286,29,35
19980,0.6214,64,103
19981,0.6471,22,34
19982,0.5238,11,21
19983,0.7143,5,7
19984,0.0,0,7
19985,1.0,9,9
19986,0.5882,20,34
19987,0.4,2,5
19988,0.8571,24,28
19989,0.8571,6,7
19990,0.4138,12,29
19991,0.9062,58,64
19992,0.6579,25,38
19993,0.9649,55,57
19994,1.0,10,10
19995,0.7826,54,69
19996,0.56,14,25
19997,0.6667,8,12
19998,0.7407,20,27
19999,0.8,4,5
20000,0.8667,26,30
20001,0.6753,52,77
20002,0.75,6,8
20003,0.7273,8,11
20004,0.6667,18,27
20005,0.3846,10,26
20006,1.0,7,7
20007,0.25,2,8
20008,0.8,28,35
20009,0.6667,4,6
20010,0.4857,34,70
20011,0.5028,89,177
20012,0.1471,10,68
20013,0.5,3,6
20014,0.7632,29,38
20015,0.3429,12,35
20016,1.0,5,5
20017,1.0,9,9
20018,0.4,2,5
20019,1.0,8,8
20021,0.6842,26,38
20022,0.3304,38,115
20023,0.7105,27,38
20024,0.3519,19,54
20025,1.0,1,1
20026,1.0,3,3
20027,0.6364,7,11
20028,0.7006,117,167
20029,1.0,6,6
20030,0.8667,26,30
20031,0.7368,14,19
20032,0.4091,9,22
20033,1.0,13,13
20034,0.4225,30,71
20035,0.3913,9,23
20036,1.0,4,4
20037,0.5814,25,43
20038,0.5,1,2
20039,0.8462,11,13
20040,0.1011,19,188
20041,0.6512,28,43
20042,0.7143,15,21
20043,0.8333,15,18
20044,0.6667,30,45
20045,1.0,1,1
20046,0.5714,4,7
20047,1.0,4,4
20048,0.9167,22,24
20049,0.6,6,10
20050,0.8,4,5
20051,0.6,6,10
20052,0.4186,18,43
20053,0.5,5,10
20054,0.4583,33,72
20055,0.8696,40,46
20056,0.75,6,8
20057,0.7792,60,77
20058,0.6667,18,27
20059,0.8333,5,6
20060,0.6429,9,14
20061,0.3095,13,42
20062,0.8,8,10
20063,0.125,1,8
20064,0.875,7,8
20065,1.0,1,1
20066,0.9048,38,42
20067,0.5333,8,15
20068,0.63,63,100
20069,0.4,2,5
20070,0.6667,4,6
20071,0.625,20,32
20072,0.8125,26,32
20073,0.28,21,75
20074,0.3143,11,35
20075,0.1667,1,6
20076,0.6053,23,38
20077,0.3333,24,72
20078,0.5,5,10
20079,1.0,15,15
20080,0.6379,37,58
20081,0.6,3,5
20082,0.8333,5,6
20083,0.6712,98,146
20084,0.88,22,25
20085,0.6667,42,63
20086,0.68,17,25
20087,0.7692,20,26
20088,0.8077,21,26
20089,0.5,13,26
20090,0.1825,23,126
20091,0.5,12,24
20092,0.8077,21,26
20093,0.2143,21,98
20094,0.4667,7,15
20095,0.5714,16,28
20096,0.1111,1,9
20097,0.6667,12,18
20098,0.1786,10,56
20099,0.5789,11,19
20100,0.6197,44,71
20101,0.7143,5,7
20102,0.3333,2,6
20103,0.6606,72,109
20104,0.8462,11,13
20105,0.6562,21,32
20106,0.5,3,6
20108,0.5526,21,38
20109,0.4444,4,9
20110,0.6667,30,45
20111,0.9545,42,44
20112,0.35,7,20
20113,0.9474,18,19
20114,0.6744,29,43
20115,0.8333,5,6
20116,0.7,77,110
20117,0.8354,66,79
20118,0.8824,45,51
20119,0.7342,58,79
20121,0.8364,46,55
20122,0.7407,20,27
20123,0.0,0,5
20124,0.3182,7,22
20125,0.7,7,10
20126,0.3,3,10
20127,0.754,95,126
20128,0.625,10,16
20129,0.7273,8,11
20130,0.6923,9,13
20131,0.8889,8,9
20132,0.6229,299,480
20133,0.4531,29,64
20134,0.6364,28,44
20135,0.4835,44,91
20136,0.3462,9,26
20138,0.88,22,25
20139,0.8,12,15
20140,0.5652,13,23
20141,0.7727,17,22
20142,0.875,21,24
20143,0.8333,5,6
20144,0.5329,81,152
20145,0.2877,21,73
20146,0.7647,13,17
20147,0.4286,3,7
20148,0.619,13,21
20149,0.6667,2,3
20150,0.6667,2,3
20151,0.5625,18,32
20152,0.7692,20,26
20153,0.4762,10,21
20154,0.7778,35,45
20155,0.2766,13,47
20156,0.5893,33,56
20157,0.7143,20,28
20158,0.7558,65,86
20159,0.2857,4,14
20160,0.7895,15,19
20161,0.5556,20,36
20162,0.3,3,10
20163,0.4095,43,105
20164,0.8214,46,56
20165,0.6623,51,77
20166,0.8571,6,7
20167,0.475,19,40
20168,0.6897,20,29
20169,0.5,1,2
20170,0.3158,6,19
20171,0.8333,5,6
20172,0.9565,22,23
20173,1.0,10,10
20174,0.0,0,6
20175,0.5909,13,22
20176,0.6667,12,18
20177,0.4444,12,27
20178,0.539,76,141
20179,0.7937,50,63
20180,0.781,107,137
20181,0.4375,7,16
20182,0.4655,27,58
20183,1.0,11,11
20184,0.3971,27,68
20185,0.5882,10,17
20186,0.6667,6,9
20187,0.56,14,25
20188,0.5714,20,35
20189,0.5,5,10
20190,0.7222,13,18
20191,0.7,7,10
20192,0.8529,29,34
20193,0.96,24,25
20194,0.5278,57,108
20195,0.9032,28,31
20196,0.6923,9,13
20197,0.2571,9,35
20198,0.4381,46,105
20199,0.6901,49,71
20200,0.7692,10,13
20201,0.7273,16,22
20202,0.5857,41,70
20203,0.5,38,76
20204,0.3981,43,108
20205,0.6351,47,74
20206,0.8235,14,17
20207,0.3333,67,201
20208,0.48,12,25
20209,0.6857,24,35
20210,1.0,8,8
20211,0.7308,19,26
20212,0.8333,5,6
20213,0.6111,11,18
20214,0.4375,14,32
20215,0.5528,68,123
20216,0.5,12,24
20217,0.5727,63,110
20218,0.1818,4,22
20219,0.1049,15,143
20220,0.6296,17,27
20221,1.0,1,1
20222,0.0,0,2
20223,0.6286,22,35
20224,0.45,18,40
20225,0.593,51,86
20226,0.3584,62,173
20227,1.0,6,6
20228,0.6757,25,37
20229,0.8472,61,72
20230,0.4615,6,13
20231,0.4474,17,38
20232,0.3803,27,71
20233,0.4737,36,76
20234,0.9474,18,19
20235,0.4033,73,181
20236,0.9091,10,11
20237,0.6522,15,23
20238,1.0,1,1
20239,0.8519,23,27
20240,0.5,3,6
20241,0.5222,47,90
20242,0.8182,9,11
20243,0.3889,14,36
20244,0.6667,2,3
20245,0.3717,42,113
20246,0.3774,40,106
20247,0.4783,11,23
20248,0.6667,22,33
20249,0.493,35,71
20250,0.7143,5,7
20251,0.8214,23,28
20252,0.5088,29,57
20253,1.0,25,25
20254,0.4815,13,27
20255,0.5294,18,34
20256,0.5312,17,32
20257,0.3834,97,253
20258,1.0,2,2
20259,0.6875,11,16
20260,0.3333,2,6
20261,0.5652,39,69
20262,0.9143,128,140
20263,0.5333,24,45
20264,0.8571,6,7
20265,0.5505,60,109
20266,0.6897,20,29
20267,0.5243,54,103
20268,0.4655,27,58
20269,0.5976,49,82
20270,0.7833,47,60
20271,0.9583,23,24
20272,0.6308,41,65
20273,0.5417,65,120
20274,0.8696,20,23
20275,0.5385,7,13
20276,0.3333,2,6
20277,0.4,8,20
20278,0.875,7,8
20279,0.6429,9,14
20280,0.9091,10,11
20281,0.5333,16,30
20282,0.4364,24,55
20283,0.5476,23,42
20284,0.8333,10,12
20285,0.2439,50,205
20286,0.8571,6,7
20287,0.4058,28,69
20288,0.3393,19,56
20289,0.76,57,75
20290,1.0,5,5
20291,0.5714,4,7
20292,0.4167,5,12
20293,0.72,18,25
20294,0.6384,143,224
20295,0.75,18,24
20296,0.6591,29,44
20297,0.6667,2,3
20298,0.7857,11,14
20299,0.5,3,6
20300,0.5,5,10
20301,0.5833,7,12
20302,0.5,3,6
20303,0.75,3,4
20304,0.1745,26,149
20305,0.7273,24,33
20306,0.8571,6,7
20307,0.4643,13,28
20308,0.9231,12,13
20309,0.6392,62,97
20310,0.8421,16,19
20311,0.9512,39,41
20312,0.3542,17,48
20313,0.4842,46,95
20314,0.6667,2,3
20315,0.9286,13,14
20316,0.8542,41,48
20317,0.8571,12,14
20318,0.25,2,8
20319,0.7143,5,7
20320,0.7419,23,31
20321,0.8,4,5
20322,0.6667,4,6
20323,0.8,4,5
20324,0.0952,2,21
20325,0.8235,14,17
20326,0.7333,11,15
20327,0.4787,45,94
20328,0.4909,27,55
20329,0.9231,12,13
20330,0.4,18,45
20331,0.8667,13,15
20332,1.0,18,18
20333,1.0,2,2
20334,0.6667,2,3
20335,0.6667,26,39
20336,0.4641,71,153
20337,0.7143,5,7
20338,0.775,31,40
20339,0.7391,17,23
20340,0.5806,18,31
20341,0.7,28,40
20342,0.6701,65,97
20343,0.9231,12,13
20344,0.3772,86,228
20345,0.8,12,15
20346,0.9167,11,12
20347,0.5,23,46
20348,0.5789,11,19
20349,0.6667,6,9
20350,1.0,2,2
20351,0.5789,44,76
20352,0.4667,7,15
20353,0.5,1,2
20355,0.3051,18,59
20356,0.8667,13,15
20357,0.5217,12,23
20358,0.6923,9,13
20359,0.8,8,10
20360,0.3333,3,9
20361,0.8056,29,36
20362,0.6667,16,24
20363,0.3571,10,28
20364,1.0,6,6
20365,1.0,2,2
20366,0.9107,51,56
20367,0.4286,3,7
20368,0.5556,10,18
20369,0.7037,19,27
20370,0.4667,7,15
20371,0.75,9,12
20372,0.1712,19,111
20373,1.0,15,15
20374,0.5745,27,47
20375,0.8519,23,27
20376,0.48,24,50
20377,0.4444,12,27
20378,0.875,7,8
20379,0.3729,22,59
20380,0.8333,15,18
20381,0.8333,5,6
20382,1.0,3,3
20383,0.9,36,40
20384,0.5,22,44
20385,0.64,16,25
20386,0.5714,12,21
20387,0.4286,9,21
20388,0.6744,58,86
20389,0.75,6,8
20390,1.0,1,1
20391,0.4,4,10
20392,0.5556,5,9
20393,0.7857,22,28
20394,0.6667,32,48
20395,0.2,7,35
20396,0.75,6,8
20397,0.7273,8,11
20398,0.5641,44,78
20399,0.4286,3,7
20400,0.65,13,20
20401,1.0,1,1
20402,0.2541,31,122
20403,0.5714,24,42
20404,0.2857,2,7
20405,0.4848,16,33
20406,0.5758,19,33
20407,0.2353,4,17
20408,0.375,3,8
20409,0.6522,15,23
20410,0.3333,2,6
20411,1.0,1,1
20412,0.6522,30,46
20413,0.7922,61,77
20414,0.9091,10,11
20415,0.6538,17,26
20416,0.625,10,16
20417,0.2,1,5
20418,0.7627,45,59
20419,0.8,4,5
20420,0.4,2,5
20421,1.0,3,3
20422,0.4795,35,73
20423,0.3091,17,55
20424,0.4444,4,9
20425,0.0,0,3
20426,0.4876,59,121
20427,0.6071,17,28
20428,0.55,11,20
20429,0.7143,10,14
20430,0.5,6,12
20431,0.3256,14,43
20432,0.6667,6,9
20433,0.9,27,30
20434,0.8261,38,46
20435,0.35,7,20
20436,0.4138,36,87
20437,0.0,0,1
20438,1.0,3,3
20439,0.4167,10,24
20440,0.3526,55,156
20441,0.2941,15,51
20442,0.8,12,15
20443,1.0,9,9
20444,0.7857,11,14
20445,1.0,14,14
20446,0.44,33,75
20447,0.8167,49,60
20448,0.7143,5,7
20449,0.451,23,51
20450,0.5714,12,21
20451,1.0,1,1
20452,0.4037,65,161
20453,0.7424,98,132
20454,0.7143,15,21
20455,0.6667,6,9
20456,0.825,33,40
20457,0.2857,36,126
20458,0.7273,24,33
20459,1.0,4,4
20460,0.8333,20,24
20461,0.3182,14,44
20462,0.9167,11,12
20463,0.2083,5,24
20464,0.375,3,8
20465,0.614,35,57
20466,0.2,1,5
20467,0.5152,17,33
20468,0.4694,23,49
20469,0.5833,14,24
20470,0.6667,10,15
20471,0.9167,11,12
20472,0.7,7,10
20473,0.2857,8,28
20474,0.617,29,47
20475,0.5909,26,44
20476,0.3571,5,14
20477,1.0,6,6
20478,0.54,27,50
20479,0.4375,14,32
20480,1.0,2,2
20481,0.3333,8,24
20482,0.5,11,22
20483,0.6444,29,45
20484,0.5152,17,33
20485,0.8571,6,7
20486,0.7879,26,33
20487,0.5676,21,37
20488,0.6329,50,79
20489,0.875,7,8
20490,1.0,4,4
20491,0.3333,1,3
20492,0.5714,4,7
20493,0.65,13,20
20494,0.5,1,2
20495,1.0,19,19
20496,0.6667,4,6
20497,0.6667,2,3
20498,0.8,16,20
20499,0.3243,12,37
20500,0.5833,7,12
20501,0.0,0,7
20502,0.9474,18,19
20503,0.781,82,105
20504,0.3333,1,3
20505,0.7273,40,55
20506,0.688,86,125
20507,0.1429,3,21
20508,0.6,3,5
20509,0.625,5,8
20510,0.4286,9,21
20511,0.0,0,7
20512,0.2,1,5
20513,0.9714,34,35
20514,0.35,21,60
20515,0.2,5,25
20516,0.7188,23,32
20517,0.7143,15,21
20518,0.96,24,25
20519,0.8846,23,26
20520,0.4783,11,23
20521,0.4737,9,19
20522,1.0,18,18
20523,0.4444,4,9
20524,0.4737,9,19
20525,0.7647,13,17
20526,0.7,7,10
20527,0.4444,4,9
20528,0.6163,106,172
20529,0.7121,47,66
20530,0.6071,51,84
20531,1.0,3,3
20532,0.6667,4,6
20533,0.3077,4,13
20534,0.0,0,2
20535,0.6667,2,3
20536,0.7797,46,59
20537,1.0,29,29
20538,0.2373,14,59
20539,1.0,4,4
20540,0.5,2,4
20541,0.6218,74,119
20542,0.2,1,5
20543,0.3571,30,84
20544,0.5,3,6
20545,0.5636,31,55
20546,0.5,2,4
20547,0.4444,4,9
20548,0.8571,6,7
20549,0.32,24,75
20550,0.625,10,16
20551,0.7143,5,7
20552,0.4286,3,7
20553,0.8182,27,33
20554,0.75,12,16
20555,0.6667,12,18
20556,0.697,23,33
20557,1.0,5,5
20558,0.0,0,5
20559,1.0,7,7
20560,0.6471,22,34
20561,0.1905,8,42
20562,0.3182,7,22
20563,0.7941,27,34
20564,0.45,9,20
20565,1.0,1,1
20566,0.8571,6,7
20567,0.3529,12,34
20568,0.4085,29,71
20569,0.0,0,1
20570,0.5067,38,75
20571,0.4286,3,7
20572,0.5,4,8
20573,0.5278,19,36
20574,0.7634,71,93
20575,0.3523,62,176
20576,1.0,7,7
20577,0.75,6,8
20578,0.4286,3,7
20579,0.5357,30,56
20580,0.6667,30,45
20581,0.6087,14,23
20582,0.5217,12,23
20583,0.6,9,15
20584,0.4194,13,31
20585,0.625,5,8
20586,0.2812,9,32
20587,1.0,2,2
20588,0.614,35,57
20589,0.6667,4,6
20590,0.2,12,60
20591,0.8462,11,13
20592,0.72,18,25
20593,0.2768,31,112
20594,0.4265,29,68
20595,1.0,7,7
20596,0.6604,35,53
20597,0.7222,13,18
20598,0.8846,23,26
20599,0.8333,5,6
20600,0.5,5,10
20601,0.64,16,25
20602,0.7692,10,13
20603,0.6286,22,35
20604,0.3333,3,9
20605,0.7143,5,7
20606,0.8621,25,29
20607,0.2069,6,29
20608,1.0,2,2
20609,0.4423,23,52
20610,0.5714,4,7
20611,0.9167,11,12
20612,0.5833,35,60
20613,0.6667,2,3
20614,0.0,0,4
20615,0.25,3,12
20616,0.375,3,8
20617,0.9565,22,23
20618,0.8333,5,6
20619,0.7207,80,111
20620,0.4713,41,87
20621,0.7692,20,26
20622,0.4385,57,130
20623,0.7857,11,14
20624,1.0,8,8
20625,0.8571,6,7
20626,0.4545,25,55
20627,0.3832,41,107
20628,0.8462,11,13
20629,0.6923,18,26
20630,0.9091,10,11
20631,0.2632,5,19
20632,0.6471,11,17
20633,0.8333,10,12
20634,0.3478,24,69
20635,0.4167,65,156
20636,0.5631,58,103
20637,0.2727,3,11
20638,0.3,18,60
20639,1.0,6,6
20640,0.4776,32,67
20641,0.7627,45,59
20642,0.3333,2,6
20643,0.9,9,10
20644,0.4872,19,39
20645,0.8966,26,29
20646,0.6667,28,42
20647,0.5818,32,55
20648,0.5476,23,42
20649,0.2735,32,117
20650,0.7447,35,47
20651,1.0,8,8
20652,0.6731,35,52
20653,0.625,5,8
20654,0.5161,16,31
20655,0.3333,4,12
20656,0.3333,35,105
20657,0.6364,98,154
20658,0.5625,9,16
20659,0.7204,67,93
20660,0.4839,15,31
20661,0.6667,40,60
20662,0.7143,5,7
20663,0.5,4,8
20664,0.6957,16,23
20665,0.2857,2,7
20666,0.6136,27,44
20667,0.2953,44,149
20668,0.6835,54,79
20669,1.0,4,4
20670,0.6667,4,6
20671,0.96,24,25
20672,0.3286,23,70
20673,0.3636,4,11
20674,0.75,6,8
20675,0.5,33,66
20676,0.5122,21,41
20677,0.5,10,20
20678,0.7248,79,109
20679,0.875,14,16
20680,0.7857,11,14
20681,0.5455,18,33
20682,0.1094,7,64
20683,0.2903,18,62
20684,0.4559,31,68
20685,0.7288,43,59
20686,0.4675,36,77
20687,0.4,14,35
20688,0.7895,15,19
20689,0.2059,7,34
20690,0.51,51,100
20691,0.4783,22,46
20692,0.3333,4,12
20693,0.5455,30,55
20694,0.6,3,5
20695,0.2333,7,30
20696,0.46,23,50
20697,0.3625,29,80
20698,0.2353,8,34
20699,0.6667,6,9
20700,0.4167,5,12
20701,0.48,48,100
20702,0.7708,37,48
20703,0.8947,17,19
20704,0.8636,19,22
20705,0.1667,1,6
20706,0.7407,20,27
20707,0.92,23,25
20708,0.6667,10,15
20709,0.875,7,8
20710,0.2222,2,9
20711,0.8214,23,28
20712,0.8,32,40
20713,0.1439,40,278
20714,0.1786,30,168
20715,0.6038,32,53
20716,0.6552,19,29
20717,1.0,3,3
20718,0.3023,13,43
20719,0.4138,12,29
20720,0.9375,45,48
20721,0.7273,16,22
20722,0.875,7,8
20723,0.6029,41,68
20724,0.8571,18,21
20725,1.0,15,15
20726,0.4,2,5
20727,0.75,3,4
20728,0.3182,14,44
20729,0.2727,6,22
20730,0.625,5,8
20731,0.675,27,40
20732,0.75,3,4
20733,0.2899,20,69
20734,0.3226,10,31
20735,0.9474,18,19
20736,0.4074,11,27
20737,0.7429,26,35
20738,0.6389,23,36
20739,0.8667,13,15
20740,0.75,3,4
20741,0.8,8,10
20742,1.0,3,3
20743,0.8889,8,9
20744,0.5,6,12
20745,0.9412,64,68
20746,0.8,4,5
20747,0.4583,11,24
20748,0.5769,30,52
20749,0.7647,13,17
20750,0.6458,62,96
20751,0.7,7,10
20752,0.2353,4,17
20753,0.7037,19,27
20754,0.3913,9,23
20755,0.7778,7,9
20756,0.4828,42,87
20757,0.8846,23,26
20758,0.4706,8,17
20759,0.5,1,2
20760,0.58,29,50
20761,0.6545,36,55
20762,0.4839,15,31
20763,0.537,87,162
20764,1.0,6,6
20765,0.7857,11,14
20766,0.6,12,20
20767,0.6667,2,3
20768,0.6222,28,45
20769,0.2255,23,102
20770,0.5143,18,35
20771,0.4444,8,18
20772,0.7419,23,31
20773,0.85,17,20
20774,0.2121,14,66
20775,0.6765,23,34
20776,0.8,4,5
20777,0.2857,2,7
20778,0.2917,7,24
20779,0.5106,48,94
20780,0.1176,2,17
20781,0.6034,35,58
20782,0.5455,30,55
20783,0.4483,13,29
20784,0.8824,15,17
20785,0.7258,45,62
20786,0.8276,24,29
20787,0.8,36,45
20788,0.411,30,73
20789,0.7917,38,48
20790,0.7059,24,34
20791,0.4762,10,21
20792,0.375,3,8
20793,0.2252,25,111
20794,0.7273,8,11
20795,0.5273,29,55
20796,0.875,7,8
20797,0.5,5,10
20798,0.7465,53,71
20799,1.0,3,3
20800,0.3,6,20
20801,0.4417,53,120
20802,0.7273,16,22
20803,0.625,5,8
20804,0.5909,13,22
20805,0.75,9,12
20806,0.75,3,4
20807,0.3333,1,3
20808,0.5455,12,22
20809,0.7586,22,29
20810,0.6234,48,77
20811,0.9565,22,23
20812,0.5,10,20
20813,0.404,40,99
20814,0.4286,3,7
20815,0.7143,5,7
20816,0.6889,31,45
20817,0.5969,117,196
20818,0.6667,4,6
20819,0.92,46,50
20820,0.427,38,89
20821,0.4157,37,89
20822,0.8333,5,6
20823,0.8077,21,26
20824,0.4923,64,130
20825,0.0825,8,97
20826,0.8333,10,12
20827,0.8,4,5
20828,0.9,9,10
20829,0.8919,33,37
20830,1.0,4,4
20831,0.7609,35,46
20832,1.0,7,7
20833,0.2143,6,28
20834,0.3378,25,74
20835,0.6667,20,30
20836,0.6,39,65
20837,0.6,9,15
20838,0.8095,17,21
20839,0.7857,11,14
20840,0.6486,24,37
20841,0.8889,8,9
20842,1.0,8,8
20843,0.3125,5,16
20844,0.86,43,50
20845,0.6309,94,149
20846,0.6,6,10
20847,0.3375,27,80
20848,0.8667,26,30
20849,0.5,9,18
20850,0.6452,20,31
20851,0.5714,4,7
20852,0.9118,31,34
20853,0.8889,24,27
20854,0.7,7,10
20855,0.4444,4,9
20856,0.5,1,2
20857,0.4524,19,42
20858,0.6866,46,67
20859,1.0,5,5
20860,0.4839,15,31
20861,0.4412,15,34
20862,0.5517,16,29
20863,0.6667,8,12
20864,0.8,4,5
20865,0.8333,5,6
20866,0.9286,13,14
20867,0.7273,8,11
20868,1.0,4,4
20869,0.625,5,8
20870,0.625,15,24
20871,0.9091,10,11
20872,0.4583,11,24
20873,0.6667,10,15
20874,0.38,19,50
20875,0.4878,20,41
20876,0.75,3,4
20877,0.4884,42,86
20878,0.6471,11,17
20879,0.375,3,8
20880,0.5714,4,7
20881,0.8718,34,39
20882,0.697,23,33
20883,0.6889,31,45
20884,0.3684,7,19
20885,0.64,16,25
20886,0.1111,1,9
20887,0.619,13,21
20888,0.6176,21,34
20889,0.5,7,14
20890,0.5,10,20
20891,0.5714,4,7
20892,0.6857,24,35
20893,0.4062,13,32
20894,1.0,2,2
20895,0.7667,46,60
20896,0.8542,41,48
20897,0.25,1,4
20898,0.2778,10,36
20899,0.8646,83,96
20900,0.5529,47,85
20901,0.7826,18,23
20902,0.7143,5,7
20903,0.4444,12,27
20904,1.0,3,3
20905,0.5167,31,60
20906,0.5,18,36
20907,0.3761,44,117
20908,0.6957,16,23
20909,0.3333,1,3
20910,0.3824,13,34
20911,0.7059,24,34
20912,0.6667,20,30
20913,0.75,3,4
20914,0.5833,14,24
20915,0.4713,41,87
20916,0.7414,43,58
20917,0.6757,25,37
20918,0.48,24,50
20919,0.5938,19,32
20920,0.7,7,10
20921,0.2206,15,68
20922,0.8889,24,27
20923,0.7,14,20
20924,0.4107,23,56
20925,0.6579,25,38
20926,0.1333,12,90
20927,0.86,43,50
20928,0.8889,16,18
20929,0.6923,9,13
20930,0.6596,31,47
20931,1.0,14,14
20932,0.6667,10,15
20933,0.3462,27,78
20934,1.0,1,1
20935,0.2353,4,17
20936,0.8333,5,6
20937,0.7714,27,35
20939,0.3103,9,29
20940,0.7778,21,27
20941,0.7561,31,41
20942,0.7073,58,82
20943,0.4,2,5
20944,0.7143,5,7
20945,0.3529,18,51
20946,0.6667,30,45
20947,0.6364,14,22
20948,0.4028,29,72
20949,0.8462,11,13
20950,0.9545,21,22
20951,0.7,7,10
20952,0.75,6,8
20953,0.3182,7,22
20954,0.3553,27,76
20955,0.6458,93,144
20956,0.5,10,20
20957,0.6667,2,3
20958,0.2609,12,46
20959,0.2,1,5
20960,0.3333,15,45
20961,0.4778,43,90
20962,0.8333,40,48
20963,0.0,0,4
20964,0.6522,15,23
20965,0.6,12,20
20966,0.8333,10,12
20967,0.8095,17,21
20968,0.875,7,8
20969,0.9011,82,91
20970,1.0,2,2
20971,0.65,13,20
20972,0.5413,59,109
20973,0.8889,8,9
20974,0.8462,11,13
20975,0.3,12,40
20976,0.5,4,8
20977,0.375,9,24
20978,0.8295,73,88
20979,0.4384,32,73
20980,0.7143,10,14
20981,0.2917,14,48
20982,0.2857,2,7
20983,0.8333,10,12
20984,0.8205,32,39
20985,1.0,5,5
20986,0.6462,42,65
20987,0.7105,81,114
20988,0.3933,59,150
20989,0.7778,7,9
20990,0.5641,44,78
20991,0.8571,12,14
20992,0.5581,24,43
20993,0.5714,16,28
20994,0.26,13,50
20995,0.5,12,24
20996,0.8571,6,7
20997,0.8,8,10
20999,0.4,14,35
21000,0.7895,30,38
21001,0.6508,41,63
21002,0.0,0,4
21003,0.8571,18,21
21004,1.0,1,1
21005,0.6667,2,3
21006,1.0,4,4
21007,0.4889,22,45
21008,0.6429,9,14
21009,0.5758,19,33
21010,0.0714,1,14
21011,0.6154,16,26
21012,0.5246,32,61
21013,0.8056,29,36
21014,0.5,2,4
21015,1.0,11,11
21016,0.9583,69,72
21017,0.5968,37,62
21018,0.4271,41,96
21019,0.4783,11,23
21020,0.9048,19,21
21021,0.8158,31,38
21022,0.4908,80,163
21023,0.4571,64,140
21024,0.7143,5,7
21025,0.2941,5,17
21026,0.9286,13,14
21027,0.6667,30,45
21028,0.46,23,50
21030,0.4643,26,56
21031,1.0,2,2
21032,0.6957,16,23
21033,0.6667,4,6
21034,0.8333,5,6
21035,0.5714,4,7
21036,0.7222,13,18
21037,0.4,4,10
21038,0.5,6,12
21039,0.6774,21,31
21040,0.7391,17,23
21041,0.9333,14,15
21042,0.6098,25,41
21043,1.0,3,3
21044,0.6479,46,71
21045,0.1765,3,17
21046,0.4,4,10
21047,0.3889,14,36
21048,0.7,7,10
21049,0.6667,8,12
21050,0.5714,8,14
21051,0.7188,23,32
21052,0.8846,23,26
21053,0.375,3,8
21054,0.0,0,10
21055,0.3591,93,259
21056,0.5158,49,95
21057,0.3375,54,160
21058,0.8333,25,30
21059,0.4242,14,33
21060,1.0,5,5
21061,0.3043,35,115
21062,0.3,3,10
21063,0.5667,17,30
21064,0.8696,20,23
21065,0.5769,15,26
21066,0.4786,56,117
21067,0.6667,44,66
21068,1.0,9,9
21069,0.8,4,5
21070,0.9223,178,193
21071,0.3214,27,84
21072,0.7692,10,13
21073,0.7436,29,39
21074,0.9535,41,43
21075,0.697,23,33
21076,0.2381,5,21
21078,0.4139,125,302
21079,0.7778,21,27
21080,0.7241,21,29
21081,0.9118,31,34
21082,0.7133,107,150
21083,0.4667,7,15
21084,0.8333,5,6
21085,0.625,35,56
21086,0.7381,31,42
21087,0.6522,15,23
21088,0.7692,10,13
21089,0.5172,15,29
21090,0.5,2,4
21091,0.1429,1,7
21092,0.0,0,2
21093,0.6,3,5
21094,0.4464,25,56
21095,0.481,38,79
21096,0.581,61,105
21097,0.5714,12,21
21098,0.8333,5,6
21099,0.3478,8,23
21100,0.5333,8,15
21101,0.8475,50,59
21102,0.7143,5,7
21103,0.8889,8,9
21104,0.8571,6,7
21105,1.0,12,12
21106,0.1429,11,77
21107,0.3256,14,43
21108,0.8462,66,78
21109,0.625,5,8
21110,0.4706,8,17
21111,0.6,12,20
21112,0.5455,12,22
21113,0.7576,25,33
21114,0.8125,13,16
21115,0.5,2,4
21116,0.7143,5,7
21117,0.9333,14,15
21118,0.3,3,10
21119,0.9405,79,84
21120,0.4,4,10
21121,0.7297,27,37
21122,0.5455,30,55
21123,1.0,5,5
21124,0.4516,28,62
21125,0.5625,9,16
21126,0.9167,11,12
21127,1.0,13,13
21128,0.5417,26,48
21129,0.7647,52,68
21130,0.5294,27,51
21131,1.0,3,3
21132,0.75,93,124
21133,0.3684,7,19
21134,0.5294,27,51
21135,1.0,3,3
21136,0.5176,44,85
21137,0.9091,30,33
21138,0.7333,22,30
21139,0.9412,16,17
21140,0.5476,23,42
21141,0.75,6,8
21142,0.5405,20,37
21143,0.6667,2,3
21144,0.913,21,23
21145,0.4508,55,122
21146,0.7442,64,86
21147,0.4054,15,37
21148,0.5,3,6
21149,0.3333,3,9
21150,0.8387,26,31
21151,0.2609,6,23
21152,0.4483,13,29
21153,0.7143,20,28
21154,0.5,9,18
21155,0.7143,5,7
21156,1.0,7,7
21157,0.6566,65,99
21158,0.8182,27,33
21159,0.5714,12,21
21160,0.5714,4,7
21161,1.0,10,10
21162,0.3333,2,6
21163,0.322,85,264
21164,0.8421,16,19
21165,0.4268,67,157
21166,0.4306,31,72
21167,0.5,15,30
21168,1.0,6,6
21169,0.45,9,20
21170,1.0,1,1
21171,0.4815,39,81
21172,0.7,7,10
21173,0.4231,11,26
21174,0.4571,16,35
21175,1.0,6,6
21176,0.8947,17,19
21177,0.6857,24,35
21178,0.4771,73,153
21179,0.4835,44,91
21180,0.6154,16,26
21181,0.6667,24,36
21182,0.686,59,86
21183,0.5102,50,98
21185,0.8913,123,138
21186,0.5985,82,137
21187,0.5,3,6
21188,0.2,9,45
21189,0.381,8,21
21190,0.8333,10,12
21191,0.6122,30,49
21192,0.7059,12,17
21193,0.75,87,116
21194,0.7778,21,27
21195,0.5,3,6
21196,0.6667,56,84
21197,0.7273,8,11
21198,0.3077,32,104
21199,0.55,22,40
21200,0.6,45,75
21201,0.5,21,42
21202,0.3968,25,63
21203,0.7708,37,48
21205,0.56,14,25
21206,0.6944,25,36
21207,1.0,6,6
21208,1.0,15,15
21209,0.5385,7,13
21210,1.0,8,8
21211,0.9412,16,17
21212,0.5714,4,7
21213,0.5833,14,24
21214,0.9048,19,21
21215,0.7158,68,95
21216,0.5714,4,7
21217,0.7692,10,13
21218,0.3623,25,69
21219,0.4419,19,43
21220,0.44,11,25
21221,1.0,7,7
21222,0.5806,18,31
21223,0.581,61,105
21224,0.7222,39,54
21225,0.4074,11,27
21226,0.8372,72,86
21227,0.44,11,25
21228,0.8889,16,18
21229,0.8889,8,9
21230,0.6,3,5
21231,0.5625,36,64
21232,0.7941,27,34
21233,0.5,22,44
21234,0.8,16,20
21235,0.0714,1,14
21236,0.5098,26,51
21237,0.5938,19,32
21238,0.1364,3,22
21239,0.5897,23,39
21240,0.4444,12,27
21241,0.75,18,24
21242,0.3103,54,174
21243,0.8667,13,15
21244,0.9444,17,18
21245,0.6765,23,34
21246,0.4762,20,42
21247,0.4,14,35
21248,0.3333,1,3
21249,0.8095,51,63
21250,0.7037,38,54
21251,0.8621,25,29
21252,0.875,14,16
21253,0.2857,2,7
21254,0.3333,13,39
21255,0.9286,13,14
21256,0.3684,7,19
21257,0.6667,6,9
21258,1.0,6,6
21259,0.9375,30,32
21260,0.9375,30,32
21261,0.875,7,8
21262,0.96,24,25
21263,0.675,27,40
21264,0.7419,23,31
21265,0.6444,29,45
21266,0.5217,24,46
21267,0.76,19,25
21268,0.5,1,2
21269,0.7391,17,23
21270,0.6,12,20
21271,1.0,12,12
21272,0.25,2,8
21273,0.75,6,8
21274,0.7143,5,7
21275,0.7143,5,7
21276,0.6,6,10
21277,0.7255,37,51
21278,0.5,12,24
21279,0.6667,2,3
21280,0.5,37,74
21281,0.3636,8,22
21282,1.0,2,2
21283,0.5,4,8
21284,0.9412,48,51
21285,0.2848,45,158
21286,0.3793,11,29
21287,0.4262,52,122
21288,0.9552,64,67
21289,0.619,13,21
21290,0.7,7,10
21291,0.8,4,5
21292,1.0,6,6
21293,0.7143,10,14
21294,0.6379,37,58
21295,0.5714,4,7
21296,0.6667,4,6
21297,0.7143,5,7
21298,0.5,1,2
21299,0.697,23,33
21300,0.7273,24,33
21301,0.4464,25,56
21302,0.8594,55,64
21303,0.7263,69,95
21304,0.4348,10,23
21305,0.8864,39,44
21306,0.4699,39,83
21307,0.4878,20,41
21308,1.0,1,1
21309,0.8824,15,17
21310,0.6,6,10
21311,0.9062,29,32
21312,0.2941,5,17
21313,0.5,2,4
21314,0.4833,29,60
21315,0.4444,4,9
21316,0.9,36,40
21317,0.9167,22,24
21318,0.0,0,3
21319,0.75,6,8
21320,0.4,4,10
21321,0.4545,25,55
21322,0.5526,84,152
21323,0.6,9,15
21324,0.6538,85,130
21325,1.0,8,8
21326,0.4464,104,233
21327,0.8,28,35
21328,0.6562,21,32
21329,0.7143,25,35
21330,1.0,8,8
21331,0.8216,175,213
21332,0.2258,7,31
21333,0.2941,5,17
21334,0.4348,30,69
21335,0.9,27,30
21336,0.6667,12,18
21337,0.6712,49,73
21338,0.6667,6,9
21339,0.3333,9,27
21340,0.44,22,50
21341,0.6216,23,37
21342,0.8701,67,77
21343,0.6053,23,38
21344,0.4643,13,28
21345,0.0,0,2
21346,0.9231,12,13
21347,0.4615,12,26
21348,0.8286,29,35
21349,0.2255,69,306
21350,0.7143,5,7
21351,0.8696,20,23
21352,0.6316,12,19
21353,0.75,18,24
21354,0.5,4,8
21355,0.6364,14,22
21356,0.2947,28,95
21357,0.5,4,8
21358,0.7292,35,48
21359,0.3898,46,118
21360,1.0,5,5
21361,1.0,1,1
21362,0.9231,48,52
21363,0.8209,55,67
21364,0.4643,13,28
21365,0.75,12,16
21366,0.6667,36,54
21367,0.7778,7,9
21368,0.8235,42,51
21369,0.7931,23,29
21370,0.3333,6,18
21371,0.8125,13,16
21372,0.7143,10,14
21373,0.5556,5,9
21374,0.8148,22,27
21375,0.7917,19,24
21376,0.9231,12,13
21377,0.8,60,75
21378,0.7857,44,56
21379,0.7,21,30
21380,1.0,8,8
21381,0.9565,88,92
21382,0.5714,4,7
21383,0.7778,14,18
21384,1.0,8,8
21385,0.4286,3,7
21386,0.7273,24,33
21387,0.4571,32,70
21388,0.4815,13,27
21389,1.0,2,2
21390,0.8667,13,15
21391,0.337,92,273
21392,0.4375,14,32
21393,1.0,11,11
21394,0.875,7,8
21395,0.5455,12,22
21396,0.4348,10,23
21397,0.8462,11,13
21398,0.6346,165,260
21399,0.8,4,5
21400,0.3684,7,19
21401,0.5,1,2
21402,0.7778,7,9
21403,0.5522,37,67
21404,0.7778,84,108
21405,0.4583,11,24
21406,0.7727,17,22
21407,0.2571,9,35
21408,0.7101,49,69
21409,0.5526,21,38
21410,0.8,12,15
21411,0.5217,12,23
21412,0.3625,29,80
21413,0.5385,7,13
21414,0.875,35,40
21415,0.6977,30,43
21416,0.3333,1,3
21417,0.5918,29,49
21418,0.0,0,3
21419,0.5,8,16
21420,0.2759,8,29
21421,0.7073,58,82
21422,1.0,56,56
21423,0.7778,7,9
21424,0.6364,7,11
21425,0.7241,21,29
21426,0.5652,13,23
21427,0.7027,26,37
21428,0.8966,26,29
21429,0.75,12,16
21430,0.6957,48,69
21431,0.8636,19,22
21432,0.75,9,12
21433,0.4118,28,68
21434,0.5135,19,37
21435,0.3837,33,86
21436,0.5312,17,32
21437,1.0,2,2
21438,0.5769,30,52
21439,0.7632,29,38
21440,0.2917,7,24
21441,0.256,32,125
21442,0.6667,4,6
21443,0.5714,40,70
21444,0.5714,8,14
21445,0.9412,16,17
21446,0.931,27,29
21447,0.5167,31,60
21448,0.578,63,109
21449,1.0,3,3
21450,0.5946,22,37
21451,0.8571,18,21
21452,0.8636,19,22
21453,0.5278,19,36
21454,0.8333,5,6
21455,0.6923,18,26
21456,0.1667,1,6
21457,0.5,6,12
21458,0.9149,43,47
21459,0.6,3,5
21460,1.0,5,5
21461,1.0,3,3
21462,0.4167,5,12
21463,0.8333,35,42
21464,0.6667,2,3
21465,0.7143,5,7
21466,0.7451,38,51
21467,0.75,9,12
21468,0.55,11,20
21469,0.8462,22,26
21470,0.625,5,8
21471,0.6667,18,27
21472,1.0,5,5
21473,0.7895,15,19
21474,0.6333,19,30
21475,0.4255,20,47
21476,0.8,8,10
21477,0.0,0,2
21478,0.7692,10,13
21479,0.7742,24,31
21480,0.6875,22,32
21481,0.8824,15,17
21482,0.4528,24,53
21483,0.6889,31,45
21484,0.7297,27,37
21485,0.2,1,5
21486,0.75,24,32
21487,0.6842,13,19
21488,0.7619,16,21
21489,1.0,21,21
21490,0.7692,20,26
21491,0.5,1,2
21492,0.4706,16,34
21493,0.6364,7,11
21494,0.75,3,4
21495,0.7778,7,9
21496,0.3886,68,175
21497,0.6429,63,98
21498,0.6098,25,41
21499,0.6364,14,22
21500,1.0,17,17
21501,0.7778,7,9
21503,0.8519,23,27
21504,0.6818,15,22
21505,0.8095,17,21
21506,0.5962,31,52
21507,0.4,8,20
21508,0.3741,55,147
21509,0.3594,23,64
21510,0.6,3,5
21511,0.8,16,20
21512,0.8571,18,21
21513,0.6667,10,15
21514,0.5385,7,13
21515,0.5,10,20
21516,0.3043,42,138
21517,0.7826,36,46
21518,0.75,3,4
21519,0.9412,16,17
21520,1.0,6,6
21521,0.4815,13,27
21522,0.6774,21,31
21523,0.8354,66,79
21524,0.5,2,4
21525,0.5699,53,93
21526,0.5806,18,31
21527,0.2381,10,42
21528,0.2069,12,58
21529,0.4138,12,29
21530,0.2286,8,35
21531,0.4118,28,68
21532,0.8421,16,19
21533,0.5152,17,33
21534,0.5385,7,13
21535,0.9375,15,16
21536,0.4,12,30
21537,0.9545,21,22
21538,0.6923,45,65
21539,0.5909,13,22
21540,0.4259,23,54
21541,0.6825,43,63
21542,1.0,6,6
21543,0.5833,14,24
21544,0.68,17,25
21545,0.6667,4,6
21546,0.75,6,8
21547,0.8065,25,31
21548,0.8333,15,18
21549,0.6667,36,54
21550,0.4516,14,31
21551,0.4667,7,15
21552,0.8621,25,29
21553,0.7763,59,76
21554,0.7778,7,9
21555,0.6667,4,6
21556,0.75,3,4
21557,0.5,2,4
21558,0.7143,5,7
21559,0.4074,11,27
21560,0.6667,22,33
21561,0.4,2,5
21562,0.3673,18,49
21563,0.5385,49,91
21564,0.4615,30,65
21565,0.8125,26,32
21566,0.5556,5,9
21567,0.6667,2,3
21568,1.0,7,7
21569,0.5872,64,109
21570,0.8824,15,17
21571,0.05,1,20
21572,0.4412,30,68
21573,0.0,0,1
21574,0.8667,13,15
21575,0.5,3,6
21576,0.8,8,10
21577,0.5625,9,16
21578,0.7083,34,48
21579,0.6,3,5
21580,0.5161,16,31
21581,0.4453,57,128
21582,0.9048,19,21
21583,0.375,3,8
21584,0.7381,31,42
21585,0.4,20,50
21586,0.8333,5,6
21587,0.8065,25,31
21588,0.2,1,5
21589,0.7,49,70
21590,0.3741,55,147
21591,0.25,2,8
21592,0.82,82,100
21593,0.8974,105,117
21594,0.625,5,8
21595,0.6667,16,24
21596,0.4,2,5
21597,0.0,0,7
21598,0.4,2,5
21599,0.9211,35,38
21600,0.7778,14,18
21601,0.7069,123,174
21602,0.0,0,4
21603,0.3407,31,91
21604,0.6,3,5
21605,0.7027,26,37
21606,0.8857,31,35
21607,0.9167,11,12
21608,0.4359,17,39
21609,0.3417,95,278
21610,0.6,3,5
21611,0.5,26,52
21612,0.8824,15,17
21613,0.913,21,23
21614,0.0,0,3
21615,0.5,1,2
21616,0.75,9,12
21617,0.4574,59,129
21618,0.8,8,10
21619,0.8667,65,75
21620,0.0,0,7
21621,0.8571,6,7
21622,0.2963,8,27
21623,0.45,27,60
21624,0.6267,47,75
21625,1.0,1,1
21626,0.9231,12,13
21627,0.5784,59,102
21628,0.7377,45,61
21629,0.2857,2,7
21630,0.5217,36,69
21631,0.75,15,20
21632,0.8333,5,6
21633,0.7327,74,101
21634,0.544,68,125
21635,0.9545,21,22
21636,0.8,8,10
21637,0.6,39,65
21638,0.6,12,20
21639,1.0,10,10
21640,0.3333,1,3
21641,0.375,3,8
21642,0.8571,6,7
21643,0.6667,18,27
21644,0.2,9,45
21645,0.3333,1,3
21646,1.0,1,1
21647,0.7222,13,18
21648,0.3333,2,6
21649,0.375,12,32
21650,0.5667,17,30
21651,0.7826,18,23
21652,0.7714,27,35
21653,0.5,1,2
21654,0.6667,6,9
21655,0.3421,26,76
21656,0.3333,7,21
21657,0.3333,12,36
21658,0.6765,46,68
21659,0.8333,5,6
21660,0.7164,48,67
21661,0.3333,7,21
21662,0.8929,25,28
21663,0.6977,60,86
21664,0.472,118,250
21665,0.24,6,25
21666,0.7857,11,14
21667,0.5,7,14
21668,0.9722,70,72
21669,0.7778,7,9
21670,0.4476,64,143
21671,0.5,13,26
21672,0.4253,37,87
21673,0.5455,6,11
21674,0.4444,4,9
21675,0.375,15,40
21676,0.5,16,32
21677,0.3864,34,88
21678,0.3333,62,186
21679,0.6901,49,71
21680,0.7,7,10
21681,0.4483,13,29
21682,0.8125,13,16
21683,0.5667,17,30
21684,0.875,7,8
21685,0.5,10,20
21686,0.64,32,50
21687,1.0,1,1
21688,1.0,2,2
21689,1.0,5,5
21690,0.4959,61,123
21691,0.7429,26,35
21692,0.5625,9,16
21693,0.8333,10,12
21694,0.5,2,4
21695,0.5312,17,32
21696,1.0,11,11
21697,0.4775,53,111
21698,0.9167,11,12
21699,0.6111,11,18
21700,0.8372,36,43
21701,0.4815,13,27
21702,0.7222,13,18
21703,0.0,0,1
21704,0.8,8,10
21705,0.9149,43,47
21706,0.6939,34,49
21707,0.5,1,2
21708,0.75,3,4
21709,0.5714,4,7
21710,0.5714,8,14
21711,0.43,43,100
21712,0.7,7,10
21713,0.2258,7,31
21714,0.4559,31,68
21715,0.7778,14,18
21716,1.0,5,5
21717,0.7447,70,94
21718,0.9091,40,44
21719,0.531,60,113
21720,1.0,5,5
21721,0.6667,2,3
21722,0.4,2,5
21723,0.4545,10,22
21724,0.7778,14,18
21725,0.8333,5,6
21726,0.2182,12,55
21727,0.7778,7,9
21728,0.6364,14,22
21729,1.0,8,8
21730,0.8182,27,33
21731,0.5,1,2
21732,0.35,7,20
21733,0.5,3,6
21734,1.0,2,2
21735,0.4,2,5
21736,0.6944,25,36
21737,0.3429,12,35
21738,0.9048,19,21
21739,0.463,25,54
21740,0.8333,5,6
21741,0.5,10,20
21742,0.875,7,8
21743,1.0,19,19
21744,0.5161,16,31
21745,0.1918,14,73
21746,0.9196,103,112
21747,0.1724,5,29
21748,0.7143,5,7
21749,0.3684,7,19
21750,0.9583,23,24
21751,0.8333,5,6
21752,0.6667,2,3
21753,0.6364,7,11
21754,1.0,2,2
21755,0.4444,32,72
21756,0.6,18,30
21757,0.5441,37,68
21758,0.2174,5,23
21759,0.7872,37,47
21760,0.3684,7,19
21761,0.9107,51,56
21762,0.8889,16,18
21763,0.3232,64,198
21764,0.6667,2,3
21765,0.75,3,4
21766,0.5714,12,21
21767,0.4884,21,43
21768,0.5156,33,64
21769,0.3906,25,64
21770,0.5938,19,32
21771,0.5263,10,19
21772,0.6,3,5
21773,0.5571,39,70
21774,0.8824,15,17
21775,0.6053,23,38
21776,1.0,7,7
21777,0.8,8,10
21778,0.8,8,10
21779,0.7647,13,17
21780,0.9583,23,24
21781,0.9833,59,60
21782,0.6875,11,16
21783,0.44,33,75
21784,0.4965,70,141
21785,0.5833,14,24
21786,0.75,9,12
21787,0.8824,15,17
21788,0.8571,6,7
21789,0.283,60,212
21790,0.4444,4,9
21791,0.5806,18,31
21792,0.5429,19,35
21793,0.6667,20,30
21794,0.913,21,23
21795,0.5,5,10
21796,0.7222,65,90
21797,0.3333,14,42
21798,0.4,16,40
21799,0.2727,6,22
21800,1.0,7,7
21801,0.6588,56,85
21802,0.4615,12,26
21803,0.9,18,20
21804,0.0,0,1
21805,0.6479,46,71
21806,0.3228,51,158
21807,0.7273,8,11
21808,0.7778,7,9
21809,0.551,27,49
21810,0.5077,33,65
21811,0.7059,12,17
21812,0.1273,7,55
21813,0.3846,15,39
21814,0.3704,10,27
21815,0.6,27,45
21816,0.96,24,25
21817,0.64,32,50
21818,1.0,9,9
21819,0.7778,7,9
21820,1.0,2,2
21821,0.8182,36,44
21822,0.7073,29,41
21824,0.569,33,58
21825,0.8947,17,19
21826,0.4957,58,117
21827,0.1923,10,52
21828,0.6364,14,22
21829,0.7879,52,66
21830,0.2,1,5
21831,0.383,18,47
21832,0.5395,41,76
21833,0.619,13,21
21834,0.5938,19,32
21835,0.5185,28,54
21836,0.5,5,10
21837,0.7368,14,19
21838,1.0,1,1
21839,0.375,3,8
21840,0.7754,145,187
21841,1.0,4,4
21842,0.466,48,103
21843,0.5714,12,21
21844,0.7692,10,13
21845,0.2969,19,64
21846,0.65,13,20
21847,0.3,3,10
21848,0.0,0,1
21849,0.52,13,25
21850,0.7351,111,151
21851,1.0,12,12
21852,0.3171,13,41
21853,0.75,75,100
21854,0.6667,8,12
21855,0.8636,19,22
21856,0.575,23,40
21857,0.3462,9,26
21858,0.4839,15,31
21859,0.3559,21,59
21860,0.6,57,95
21861,0.6103,177,290
21862,1.0,18,18
21863,0.4912,28,57
21864,0.8333,5,6
21865,0.3684,7,19
21866,0.5152,17,33
21867,0.8571,6,7
21868,0.5818,32,55
21869,0.6522,15,23
21870,0.3714,13,35
21871,0.9,18,20
21872,0.4,8,20
21873,0.48,24,50
21874,0.6981,37,53
21875,0.3333,1,3
21876,1.0,3,3
21877,0.5,3,6
21878,0.625,10,16
21879,1.0,4,4
21880,0.5,3,6
21881,1.0,4,4
21882,0.6111,11,18
21883,0.4722,17,36
21884,0.6909,38,55
21885,0.6981,74,106
21886,0.6667,26,39
21887,0.3,3,10
21888,0.7143,10,14
21889,0.64,16,25
21890,0.8571,12,14
21891,0.75,21,28
21892,0.2333,14,60
21893,0.6667,8,12
21894,1.0,4,4
21895,0.6829,28,41
21896,1.0,9,9
21897,0.5532,26,47
21898,0.6967,85,122
21899,0.9,9,10
21900,0.4937,39,79
21901,0.5972,43,72
21902,0.399,158,396
21903,0.3333,2,6
21904,0.9615,25,26
21905,0.6102,36,59
21906,0.6667,16,24
21907,0.2414,14,58
21908,0.8333,5,6
21909,0.3836,28,73
21910,0.5789,11,19
21911,0.4167,5,12
21912,0.3333,1,3
21913,0.8571,12,14
21915,0.5455,6,11
21916,0.75,3,4
21917,0.8182,9,11
21918,0.4444,4,9
21919,0.7143,5,7
21920,0.4857,17,35
21921,0.3333,1,3
21922,0.6966,62,89
21923,0.4,6,15
21924,0.1667,1,6
21925,0.75,6,8
21926,0.0,0,2
21927,0.4854,50,103
21928,0.5,21,42
21930,1.0,9,9
21931,0.3182,7,22
21932,0.5714,12,21
21933,0.4688,30,64
21934,0.7931,46,58
21935,0.6774,21,31
21936,0.6552,38,58
21937,1.0,7,7
21938,0.7593,82,108
21939,0.7273,8,11
21940,1.0,9,9
21941,0.0909,1,11
21942,0.198,20,101
21943,0.2063,13,63
21944,0.6923,9,13
21945,0.5273,29,55
21946,0.8571,6,7
21947,0.6667,12,18
21948,0.5,16,32
21949,0.15,3,20
21950,0.3034,27,89
21951,0.4375,7,16
21952,0.5396,75,139
21953,0.175,7,40
21954,0.7143,10,14
21955,0.5932,35,59
21956,0.8095,17,21
21957,0.5357,15,28
21958,0.8182,9,11
21959,0.7143,15,21
21960,0.475,38,80
21961,1.0,1,1
21962,0.4286,9,21
21963,0.6154,16,26
21964,0.4405,37,84
21965,0.5,2,4
21966,0.6667,2,3
21967,0.6757,25,37
21968,0.8261,38,46
21969,0.5385,14,26
21970,0.5909,13,22
21971,0.4103,32,78
21972,0.2812,18,64
21973,0.3889,21,54
21974,0.9,9,10
21975,0.5238,11,21
21976,0.675,27,40
21977,0.5,1,2
21978,0.6545,36,55
21979,0.1781,13,73
21980,1.0,1,1
21981,0.0,0,1
21982,0.6049,49,81
21983,0.6207,18,29
21984,0.8333,5,6
21985,0.625,5,8
21986,0.75,48,64
21987,0.2609,6,23
21988,0.7097,22,31
21989,0.8,4,5
21990,0.7368,14,19
21991,1.0,9,9
21992,0.7778,21,27
21993,0.75,12,16
21994,0.5909,13,22
21995,0.5867,44,75
21996,0.1333,4,30
21997,0.9286,26,28
21998,0.2179,17,78
21999,0.9412,16,17
22000,0.9512,39,41
22001,0.6905,29,42
22002,0.5,2,4
22003,0.7483,107,143
22004,1.0,5,5
22005,0.25,1,4
22006,0.6471,11,17
22007,0.3438,11,32
22008,0.9176,78,85
22009,0.5714,32,56
22010,0.549,28,51
22011,0.2778,20,72
22012,0.4667,7,15
22013,0.7273,8,11
22014,1.0,4,4
22015,0.875,7,8
22016,0.8113,43,53
22017,0.5647,48,85
22018,0.8333,15,18
22019,0.625,5,8
22020,1.0,11,11
22021,0.7,14,20
22022,0.8,4,5
22023,0.3656,34,93
22024,0.875,7,8
22025,0.2424,8,33
22026,0.5625,9,16
22027,0.78,39,50
22028,0.8485,28,33
22029,0.86,43,50
22030,0.814,35,43
22031,0.8333,45,54
22032,0.7917,38,48
22033,0.7778,28,36
22034,0.7895,15,19
22035,0.4737,18,38
22036,0.5,30,60
22037,0.7353,25,34
22038,0.3226,10,31
22039,0.7273,16,22
22040,0.7015,47,67
22041,0.6098,25,41
22042,0.7681,53,69
22043,0.5,5,10
22044,0.525,21,40
22045,0.625,10,16
22046,0.6087,14,23
22047,0.8182,18,22
22048,0.5,4,8
22049,0.4545,5,11
22050,0.5352,38,71
22051,1.0,4,4
22052,0.6667,24,36
22053,0.2536,35,138
22054,0.6471,11,17
22055,0.6667,16,24
22056,0.5455,6,11
22057,0.0,0,1
22058,0.4318,38,88
22059,0.5417,26,48
22060,0.8507,57,67
22061,0.8713,88,101
22062,0.8235,42,51
22063,0.7456,126,169
22064,0.3684,14,38
22065,0.7143,25,35
22066,0.7297,27,37
22067,0.4167,5,12
22068,1.0,6,6
22069,0.7619,32,42
22070,0.4321,35,81
22071,0.4493,31,69
22072,0.5238,22,42
22073,0.825,33,40
22074,0.3111,14,45
22075,0.5,3,6
22076,1.0,3,3
22077,0.75,15,20
22078,0.2817,20,71
22079,1.0,8,8
22080,1.0,9,9
22081,0.7077,46,65
22082,0.7692,10,13
22083,1.0,5,5
22084,0.5392,55,102
22085,0.549,28,51
22086,0.6522,45,69
22087,0.6667,18,27
22088,0.8,8,10
22089,0.3514,13,37
22090,0.7826,36,46
22091,0.6667,10,15
22092,0.9672,59,61
22093,0.8333,5,6
22094,0.6387,99,155
22095,0.9277,77,83
22096,0.4,20,50
22097,0.6667,2,3
22098,0.75,3,4
22099,0.8261,57,69
22100,0.7231,47,65
22101,0.28,35,125
22102,0.5,6,12
22103,0.4286,3,7
22104,0.898,44,49
22105,0.625,5,8
22106,0.6,15,25
22107,0.6,66,110
22108,0.5,10,20
22109,0.0,0,8
22110,0.377,23,61
22111,0.75,6,8
22112,0.4673,50,107
22113,0.7273,16,22
22114,0.68,17,25
22115,0.8919,66,74
22116,0.8219,60,73
22117,0.8889,8,9
22118,0.567,55,97
22119,1.0,11,11
22120,0.8571,36,42
22121,0.3051,18,59
22122,0.2884,62,215
22123,0.8333,5,6
22124,0.6429,18,28
22125,0.9103,71,78
22126,1.0,1,1
22127,0.4167,10,24
22128,0.7778,21,27
22129,0.6984,44,63
22130,0.8438,27,32
22131,0.6875,33,48
22132,0.2963,8,27
22133,0.625,35,56
22134,0.1143,4,35
22135,0.6286,22,35
22136,0.7143,70,98
22137,0.5,2,4
22138,0.5,1,2
22139,0.5,2,4
22140,0.5357,30,56
22141,0.7034,83,118
22142,0.5882,10,17
22143,0.5517,16,29
22144,0.6905,29,42
22145,0.7,14,20
22146,0.5,4,8
22147,0.7143,20,28
22148,1.0,3,3
22149,0.4679,51,109
22150,0.48,12,25
22151,0.3333,15,45
22152,1.0,2,2
22153,0.4397,51,116
22154,0.2903,9,31
22155,0.8333,5,6
22156,0.0,0,9
22157,0.8974,70,78
22158,0.7368,14,19
22159,0.9412,16,17
22160,0.4848,32,66
22161,0.8571,12,14
22162,0.875,7,8
22163,0.4184,41,98
22164,0.8824,30,34
22165,1.0,1,1
22166,0.6389,115,180
22167,0.9231,12,13
22168,0.8235,14,17
22170,0.5385,14,26
22171,1.0,12,12
22172,0.1429,1,7
22173,0.5714,8,14
22174,0.6136,27,44
22175,0.8333,20,24
22176,0.4643,26,56
22177,0.3636,24,66
22178,0.2174,15,69
22179,0.5238,11,21
22180,0.5556,5,9
22181,0.375,3,8
22182,0.3801,84,221
22183,0.4808,25,52
22184,0.5208,25,48
22185,0.6735,33,49
22186,0.875,7,8
22187,0.3111,28,90
22188,0.8636,76,88
22189,0.5275,96,182
22190,0.7609,70,92
22191,0.6087,14,23
22192,0.8333,15,18
22193,0.7059,36,51
22194,0.6216,23,37
22195,0.5,5,10
22197,0.8,8,10
22198,0.2778,5,18
22199,0.386,22,57
22200,0.7416,66,89
22201,0.3333,2,6
22202,0.5455,6,11
22203,0.2667,8,30
22204,0.3636,4,11
22205,0.0733,14,191
22206,0.5,5,10
22207,0.5897,23,39
22208,0.8636,19,22
22209,0.4074,33,81
22210,0.6333,38,60
22211,0.3333,9,27
22212,0.8056,29,36
22213,0.5935,73,123
22214,0.32,16,50
22215,0.4107,23,56
22216,0.25,4,16
22217,0.5238,22,42
22218,0.5,5,10
22219,0.7091,39,55
22220,0.8182,27,33
22221,1.0,1,1
22222,0.1331,37,278
22223,1.0,5,5
22224,0.2667,8,30
22225,0.6346,33,52
22226,0.8333,15,18
22227,0.5,4,8
22228,0.8462,22,26
22229,0.4,44,110
22230,0.84,42,50
22231,0.3946,118,299
22232,0.0,0,1
22233,0.2143,3,14
22234,0.6,12,20
22235,0.8868,47,53
22236,0.6111,11,18
22237,0.6667,4,6
22238,0.0,0,2
22239,0.8182,27,33
22240,0.8571,6,7
22241,0.4595,51,111
22242,0.3,3,10
22243,0.8,20,25
22244,0.3913,9,23
22245,0.75,9,12
22246,0.6316,24,38
22247,0.52,13,25
22248,0.2188,7,32
22249,0.8261,19,23
22250,0.6111,11,18
22251,0.625,5,8
22252,0.7838,29,37
22253,0.7887,56,71
22254,1.0,7,7
22255,0.3953,17,43
22256,0.3922,20,51
22257,0.3793,11,29
22258,0.25,1,4
22259,0.5926,16,27
22260,0.5625,9,16
22261,0.875,7,8
22262,0.5769,15,26
22263,0.5,10,20
22264,0.7333,77,105
22265,0.3415,14,41
22266,0.4578,38,83
22267,0.7576,25,33
22268,0.7586,22,29
22269,0.8571,42,49
22270,0.8293,34,41
22271,0.7701,67,87
22272,0.4324,16,37
22273,0.5366,44,82
22274,0.5238,11,21
22275,0.3,15,50
22276,0.5,3,6
22277,0.4128,71,172
22278,0.525,21,40
22279,0.5714,20,35
22280,0.6966,62,89
22281,0.7273,8,11
22282,0.5,4,8
22283,0.8485,56,66
22284,0.5294,9,17
22285,0.6952,73,105
22286,0.4732,53,112
22287,0.8667,13,15
22288,0.5,6,12
22289,0.8889,16,18
22290,0.766,36,47
22291,0.1667,1,6
22292,0.5,15,30
22293,0.2,1,5
22294,1.0,17,17
22295,0.5,12,24
22296,0.6452,20,31
22297,0.9412,16,17
22298,0.6364,7,11
22299,0.7,7,10
22300,0.8,4,5
22301,0.5,2,4
22302,0.3926,53,135
22303,0.7442,64,86
22304,0.8205,32,39
22305,0.717,38,53
22306,0.5238,11,21
22307,0.8611,31,36
22308,0.4286,3,7
22309,0.6164,45,73
22310,0.4412,15,34
22311,0.7164,48,67
22312,1.0,3,3
22313,0.4545,10,22
22314,0.4528,24,53
22315,0.9048,19,21
22316,1.0,2,2
22317,0.5484,17,31
22318,1.0,1,1
22319,0.4857,34,70
22320,0.8824,30,34
22321,0.6167,37,60
22322,0.9,9,10
22323,0.8095,34,42
22324,0.375,24,64
22325,0.4375,7,16
22326,1.0,2,2
22327,0.75,3,4
22328,0.8947,17,19
22329,0.5556,5,9
22330,0.7917,19,24
22331,0.8182,36,44
22332,0.625,5,8
22333,0.175,7,40
22334,0.5714,8,14
22335,0.9333,14,15
22336,0.7857,22,28
22337,0.1721,21,122
22338,0.9231,12,13
22339,0.4897,71,145
22340,0.617,29,47
22341,0.5263,30,57
22342,0.0,0,1
22343,0.4167,10,24
22344,0.5,2,4
22345,1.0,5,5
22346,0.5,3,6
22347,0.5385,7,13
22349,0.2647,9,34
22350,0.8125,13,16
22351,0.6552,19,29
22352,0.6571,92,140
22353,0.8261,19,23
22354,0.8108,60,74
22355,0.3444,31,90
22356,0.7368,14,19
22357,0.6067,108,178
22358,1.0,2,2
22359,0.7647,13,17
22360,0.5882,10,17
22361,0.75,3,4
22362,0.7143,5,7
22363,0.0723,6,83
22364,0.2333,7,30
22365,0.4,12,30
22366,1.0,8,8
22367,1.0,30,30
22368,0.5526,21,38
22369,0.6667,2,3
22370,0.381,8,21
22371,0.5917,71,120
22372,0.2842,54,190
22373,0.6471,11,17
22374,0.625,15,24
22375,0.8182,27,33
22376,0.1818,2,11
22377,0.75,69,92
22378,0.3605,31,86
22379,0.6122,30,49
22380,0.4545,5,11
22381,0.875,7,8
22382,0.4872,19,39
22383,0.32,8,25
22384,0.6286,22,35
22385,0.6964,39,56
22386,0.3929,11,28
22387,1.0,2,2
22388,0.92,46,50
22389,0.4591,73,159
22390,0.9286,13,14
22391,0.3333,3,9
22392,0.5882,10,17
22393,0.3333,3,9
22394,1.0,12,12
22395,0.8077,42,52
22396,0.6667,4,6
22397,0.614,35,57
22398,1.0,8,8
22399,1.0,7,7
22400,1.0,14,14
22401,0.8438,27,32
22402,0.2721,74,272
22403,0.25,1,4
22404,0.9697,32,33
22405,1.0,7,7
22406,0.9375,15,16
22407,0.5806,36,62
22408,0.6042,58,96
22409,0.4286,3,7
22410,0.3333,2,6
22411,0.3033,64,211
22412,0.5327,57,107
22413,0.6667,2,3
22414,0.5676,63,111
22415,0.6458,31,48
22416,0.4,2,5
22417,0.3824,13,34
22418,0.4138,12,29
22419,0.6667,22,33
22420,0.6364,7,11
22421,0.7333,11,15
22422,0.6923,18,26
22423,0.4615,12,26
22424,0.6667,18,27
22425,0.6875,22,32
22426,0.65,13,20
22427,0.5,33,66
22428,0.8533,64,75
22429,0.8636,95,110
22430,1.0,4,4
22431,0.5714,8,14
22432,0.7273,8,11
22433,0.8333,5,6
22434,0.7188,23,32
22435,0.4409,41,93
22436,0.7143,5,7
22437,0.3929,11,28
22438,0.375,3,8
22439,0.4643,13,28
22440,0.5667,17,30
22441,0.6957,16,23
22442,0.4773,42,88
22443,0.1649,46,279
22444,0.6667,8,12
22445,0.244,41,168
22446,0.0,0,2
22447,0.9286,13,14
22448,0.2667,4,15
22449,0.5565,64,115
22450,0.8636,38,44
22451,0.6,3,5
22452,0.6842,13,19
22453,0.5455,6,11
22454,0.6316,12,19
22455,0.75,6,8
22456,0.7143,15,21
22457,0.6667,4,6
22458,0.7,21,30
22459,0.8431,43,51
22460,0.4706,8,17
22461,1.0,6,6
22462,0.8,12,15
22463,0.7273,24,33
22464,0.9,9,10
22465,0.6667,42,63
22466,0.8065,25,31
22467,1.0,1,1
22468,0.6364,28,44
22469,0.7,7,10
22470,0.5556,25,45
22471,0.2609,12,46
22472,0.0,0,8
22473,0.5,16,32
22474,0.8261,19,23
22475,0.6,15,25
22476,0.2609,6,23
22477,0.7778,21,27
22478,0.5,2,4
22479,0.52,13,25
22480,0.875,7,8
22481,0.7778,42,54
22482,0.4,4,10
22483,0.8193,68,83
22484,0.6364,7,11
22485,0.8421,16,19
22486,0.875,7,8
22487,0.6,9,15
22488,0.9,9,10
22489,0.7692,40,52
22490,0.625,10,16
22491,0.6552,19,29
22492,0.6,12,20
22493,0.6939,68,98
22494,0.7091,39,55
22495,0.7609,35,46
22496,0.6296,17,27
22497,0.8333,15,18
22498,0.4815,13,27
22499,0.75,6,8
22500,0.7865,70,89
22501,0.4459,33,74
22502,0.0,0,1
22503,0.3664,48,131
22504,0.4286,6,14
22505,0.7143,5,7
22506,0.5778,26,45
22507,0.6701,65,97
22508,0.129,4,31
22509,0.5,4,8
22510,0.7222,13,18
22511,0.6,3,5
22512,0.5841,66,113
22513,0.3636,4,11
22514,0.549,28,51
22515,0.4167,5,12
22516,0.8125,13,16
22517,0.8525,52,61
22518,0.6667,10,15
22519,0.7647,13,17
22520,0.6667,6,9
22521,0.0,0,4
22522,0.1667,1,6
22523,0.5789,11,19
22524,0.6265,104,166
22525,0.5405,20,37
22526,0.75,12,16
22527,0.5385,21,39
22528,0.4062,39,96
22529,0.5385,7,13
22530,0.3043,7,23
22531,0.5,4,8
22532,0.8235,14,17
22533,0.569,33,58
22534,0.9412,32,34
22535,1.0,25,25
22536,0.5,4,8
22537,0.75,24,32
22538,0.7692,20,26
22539,0.1237,12,97
22540,0.8056,29,36
22541,0.8333,5,6
22542,1.0,5,5
22543,0.9412,16,17
22544,0.5714,12,21
22545,0.8182,9,11
22546,0.4286,3,7
22547,0.5714,24,42
22548,1.0,3,3
22549,0.35,49,140
22550,0.2473,46,186
22551,0.125,1,8
22552,0.75,3,4
22553,0.6923,9,13
22554,1.0,10,10
22555,0.7143,10,14
22556,0.8333,15,18
22557,1.0,7,7
22558,1.0,1,1
22559,0.8,12,15
22560,1.0,5,5
22561,0.5882,10,17
22562,0.4091,18,44
22563,0.7778,28,36
22564,0.3333,10,30
22565,0.3333,3,9
22566,1.0,1,1
22567,0.4024,33,82
22568,0.6735,66,98
22569,0.3441,64,186
22570,0.8889,16,18
22571,0.8158,31,38
22572,0.75,3,4
22573,0.6559,61,93
22574,0.4815,26,54
22575,0.4167,5,12
22576,0.7253,66,91
22577,0.4333,13,30
22578,0.4583,11,24
22579,0.0,0,3
22580,0.8571,18,21
22581,0.7481,98,131
22582,0.875,7,8
22583,0.5714,8,14
22584,0.3517,83,236
22585,0.5,4,8
22586,0.2,5,25
22587,0.9048,19,21
22588,0.6667,6,9
22589,0.8378,31,37
22590,0.5714,12,21
22591,0.6383,30,47
22592,0.6486,24,37
22593,0.4286,3,7
22594,0.8235,14,17
22595,0.7917,38,48
22596,0.5,10,20
22597,0.5455,12,22
22598,0.3739,43,115
22599,1.0,14,14
22600,0.9211,35,38
22601,0.5484,34,62
22602,0.9333,42,45
22603,0.7,7,10
22604,0.7,14,20
22605,0.1905,4,21
22606,0.75,9,12
22607,0.5652,13,23
22608,0.7778,7,9
22609,0.6875,22,32
22610,0.5833,7,12
22611,0.6145,51,83
22612,0.9565,22,23
22613,0.8043,37,46
22614,0.3853,42,109
22615,0.6,6,10
22616,0.7273,8,11
22617,0.8065,25,31
22618,1.0,6,6
22619,0.0,0,4
22620,0.4286,9,21
22621,0.8462,11,13
22622,0.6667,2,3
22623,0.375,15,40
22624,0.6905,58,84
22625,1.0,10,10
22626,0.6429,18,28
22627,0.7143,5,7
22628,0.6044,55,91
22629,0.6,21,35
22630,0.9333,14,15
22631,0.7273,40,55
22632,0.6,3,5
22633,0.85,34,40
22634,0.4468,21,47
22635,0.8,4,5
22636,0.8,24,30
22637,0.7143,5,7
22638,0.5529,47,85
22639,0.6154,8,13
22640,0.0,0,1
22641,0.5714,16,28
22642,0.6667,6,9
22643,0.8966,26,29
22644,0.5,10,20
22645,1.0,12,12
22646,0.6094,39,64
22647,0.6912,47,68
22648,0.7619,32,42
22649,0.3333,3,9
22650,0.4048,34,84
22651,0.7037,19,27
22652,0.6471,11,17
22653,0.7,7,10
22654,0.4865,36,74
22655,0.44,22,50
22656,0.6133,46,75
22657,0.3643,51,140
22658,0.6168,66,107
22659,0.4872,38,78
22660,0.0,0,1
22661,0.25,5,20
22662,0.4706,8,17
22663,0.5667,17,30
22664,0.7719,44,57
22665,0.4138,24,58
22666,0.75,3,4
22667,0.5,6,12
22668,0.0,0,1
22669,0.5789,11,19
22670,0.7857,11,14
22671,0.6364,7,11
22672,0.5789,22,38
22673,0.6538,17,26
22674,0.6842,52,76
22675,1.0,2,2
22676,0.7123,52,73
22677,0.3333,2,6
22678,0.8696,20,23
22679,0.315,63,200
22680,0.3415,14,41
22681,1.0,6,6
22682,0.7143,45,63
22683,0.6818,15,22
22684,0.3951,64,162
22685,0.5217,12,23
22686,0.7368,28,38
22687,0.6786,19,28
22688,0.6433,110,171
22689,0.3571,10,28
22690,0.8039,41,51
22691,0.7333,11,15
22692,0.6316,24,38
22693,0.4706,32,68
22694,0.7018,40,57
22695,0.2952,31,105
22696,0.625,50,80
22697,0.7656,49,64
22698,0.5111,23,45
22699,0.4839,15,31
22700,0.65,13,20
22701,0.1667,1,6
22703,0.451,46,102
22704,0.6842,13,19
22705,0.8235,14,17
22706,0.5,13,26
22707,0.2371,46,194
22708,0.6286,22,35
22709,0.6667,2,3
22710,0.8889,32,36
22711,0.0968,3,31
22712,0.5385,7,13
22713,0.8571,6,7
22714,0.5714,40,70
22715,0.6667,2,3
22716,0.75,12,16
22717,0.8667,13,15
22718,0.75,6,8
22719,0.439,18,41
22720,1.0,3,3
22721,0.5,17,34
22722,0.75,3,4
22723,0.4108,76,185
22724,0.8889,16,18
22725,0.5,3,6
22726,0.7027,26,37
22727,0.7059,48,68
22728,0.5,4,8
22729,0.2152,17,79
22730,0.7619,16,21
22731,0.3636,12,33
22732,1.0,4,4
22733,0.4,2,5
22734,0.7292,35,48
22735,0.6333,19,30
22736,0.8679,46,53
22737,0.6667,10,15
22738,0.6,3,5
22739,1.0,6,6
22740,0.625,5,8
22741,0.5,15,30
22742,0.7308,19,26
22743,1.0,7,7
22744,0.3077,40,130
22745,0.6923,9,13
22746,0.5955,53,89
22747,0.6962,55,79
22748,0.6154,16,26
22749,0.7333,11,15
22750,0.5122,21,41
22751,0.8,4,5
22752,1.0,4,4
22753,0.8,20,25
22754,0.3846,20,52
22755,0.6615,43,65
22756,0.3208,17,53
22757,0.9512,39,41
22758,0.7895,30,38
22759,1.0,16,16
22760,0.9038,47,52
22761,0.4262,26,61
22762,0.5417,39,72
22763,0.75,3,4
22764,0.7105,27,38
22765,0.5,1,2
22766,0.6,30,50
22767,0.375,3,8
22768,0.4783,11,23
22769,0.6111,33,54
22770,0.3684,7,19
22771,0.8333,5,6
22772,0.8966,26,29
22773,0.6296,17,27
22774,0.6757,25,37
22775,0.25,7,28
22776,0.8667,26,30
22777,0.8333,5,6
22778,0.6,3,5
22779,0.5897,23,39
22780,0.5,10,20
22781,0.4516,14,31
22782,0.5921,45,76
22783,0.4058,28,69
22784,0.6316,72,114
22785,0.3,3,10
22786,0.7018,40,57
22787,0.6571,23,35
22788,0.6111,44,72
22789,0.2143,6,28
22790,0.6667,18,27
22791,0.3333,2,6
22792,0.6286,44,70
22793,0.7273,8,11
22794,0.25,1,4
22795,0.6333,19,30
22796,0.2653,13,49
22797,0.3279,20,61
22798,0.7654,62,81
22799,0.7069,41,58
22800,0.8,4,5
22801,0.5122,21,41
22802,0.7333,11,15
22803,0.92,23,25
22804,1.0,11,11
22805,1.0,11,11
22806,0.3529,24,68
22807,0.5625,9,16
22808,0.5714,20,35
22809,0.8824,15,17
22810,0.6154,24,39
22811,0.5,5,10
22812,0.5088,29,57
22813,0.4225,30,71
22814,0.6364,14,22
22815,0.7391,17,23
22816,0.8475,50,59
22817,0.6667,8,12
22818,0.5484,85,155
22819,0.3,6,20
22820,1.0,3,3
22821,0.6707,55,82
22822,0.9231,24,26
22823,0.4598,40,87
22824,0.6591,29,44
22825,0.9231,12,13
22826,0.7931,23,29
22827,0.6,3,5
22828,0.8,4,5
22829,0.7209,31,43
22830,1.0,3,3
22831,0.5,1,2
22832,0.5714,4,7
22833,0.6316,12,19
22834,0.6977,30,43
22835,1.0,3,3
22836,0.439,18,41
22837,0.5476,23,42
22838,0.7143,20,28
22839,0.6667,2,3
22841,0.4065,50,123
22842,0.3333,4,12
22843,0.25,1,4
22844,0.9412,16,17
22845,0.1667,1,6
22846,0.9286,13,14
22847,0.25,8,32
22848,0.766,36,47
22849,0.8182,9,11
22850,0.4444,4,9
22851,0.5,1,2
22852,0.7273,8,11
22853,0.6667,14,21
22854,0.5333,16,30
22855,0.3191,15,47
22857,0.6022,56,93
22858,0.5814,25,43
22859,0.5263,10,19
22860,0.5224,35,67
22861,0.5746,104,181
22862,0.2,1,5
22863,0.3521,25,71
22864,0.2353,4,17
22865,0.6486,24,37
22866,0.7143,5,7
22867,0.6087,14,23
22868,0.6429,18,28
22869,0.8293,34,41
22870,0.7059,24,34
22871,0.4348,10,23
22872,0.6296,17,27
22873,0.4706,16,34
22874,0.3333,1,3
22875,0.6875,11,16
22876,0.0682,3,44
22877,0.5243,108,206
22878,1.0,1,1
22879,0.3333,2,6
22880,0.7073,29,41
22881,0.2857,2,7
22882,0.4516,14,31
22883,0.75,3,4
22884,0.4407,26,59
22885,0.1667,1,6
22886,0.4457,41,92
22887,0.8333,5,6
22888,0.6762,71,105
22889,0.6667,2,3
22890,0.5333,8,15
22891,0.76,19,25
22892,0.5962,31,52
22893,0.4516,14,31
22894,0.8667,13,15
22895,0.7368,14,19
22896,0.7143,5,7
22897,0.8182,9,11
22898,0.793,180,227
22899,0.7521,91,121
22900,0.9231,12,13
22901,0.516,129,250
22902,0.4667,21,45
22903,0.875,14,16
22904,0.4688,15,32
22905,0.4231,11,26
22906,0.8889,8,9
22907,0.9231,12,13
22908,0.7895,15,19
22909,0.5,8,16
22910,0.5,3,6
22911,0.375,6,16
22912,0.6774,21,31
22913,1.0,15,15
22914,0.2018,22,109
22915,0.4762,10,21
22916,0.5152,17,33
22917,0.8333,5,6
22918,0.5625,18,32
22919,0.8333,10,12
22920,0.7407,20,27
22921,0.8,4,5
22922,0.625,15,24
22923,0.2,1,5
22924,0.8,4,5
22925,0.6875,11,16
22926,0.5077,33,65
22927,0.875,7,8
22928,0.4,2,5
22929,0.4286,9,21
22930,0.6735,33,49
22931,0.6667,6,9
22932,0.5556,5,9
22933,0.6667,10,15
22934,0.4429,62,140
22935,0.619,26,42
22936,0.5714,20,35
22937,1.0,6,6
22938,0.6667,2,3
22939,0.5294,9,17
22940,0.1852,5,27
22941,0.9,72,80
22942,0.3022,55,182
22943,0.5769,15,26
22944,0.245,37,151
22945,0.8,4,5
22946,0.7308,19,26
22947,0.7778,7,9
22948,0.5758,19,33
22949,0.4516,28,62
22950,0.4783,11,23
22951,0.3846,10,26
22952,0.45,9,20
22953,0.3636,4,11
22954,0.6667,2,3
22955,0.4143,29,70
22956,0.7692,10,13
22957,0.625,5,8
22958,0.5263,30,57
22959,0.561,23,41
22960,0.875,7,8
22961,0.5593,33,59
22962,1.0,2,2
22963,0.566,90,159
22964,0.7273,8,11
22965,0.6,6,10
22966,0.3865,63,163
22967,0.4,6,15
22968,1.0,8,8
22969,0.3125,10,32
22970,0.5259,61,116
22971,1.0,1,1
22972,0.6,39,65
22973,0.875,42,48
22974,0.3333,1,3
22975,0.6207,18,29
22976,0.8378,31,37
22977,0.5,2,4
22978,0.28,7,25
22979,0.25,3,12
22980,0.5909,13,22
22981,0.3125,5,16
22982,0.75,6,8
22983,0.2013,30,149
22984,1.0,1,1
22985,0.5161,16,31
22986,0.7344,47,64
22987,0.9444,17,18
22988,0.8462,22,26
22989,1.0,5,5
22990,0.7059,12,17
22991,0.6604,35,53
22992,0.3038,24,79
22993,0.5152,17,33
22994,0.5938,38,64
22995,0.48,12,25
22996,0.5714,4,7
22997,0.6897,20,29
22998,0.5196,53,102
22999,0.76,19,25
23000,0.6111,22,36
23001,0.8571,6,7
23002,1.0,7,7
23003,0.6047,26,43
23004,0.383,18,47
23005,0.9167,33,36
23006,0.4884,21,43
23007,1.0,2,2
23008,1.0,8,8
23009,0.5644,57,101
23010,0.537,29,54
23011,0.1667,1,6
23012,0.7222,39,54
23013,0.7027,26,37
23014,1.0,14,14
23015,0.6667,10,15
23016,0.8462,11,13
23017,1.0,5,5
23018,0.8824,30,34
23019,0.8,4,5
23020,0.7059,12,17
23021,0.4615,6,13
23022,0.7778,7,9
23023,0.8696,20,23
23024,0.6667,14,21
23025,0.7917,38,48
23026,0.7333,77,105
23027,0.8462,11,13
23028,1.0,10,10
23029,0.6667,4,6
23030,0.9236,145,157
23031,0.4,2,5
23032,0.6,15,25
23033,0.2701,47,174
23034,0.4545,10,22
23035,0.5,41,82
23036,0.5,19,38
23037,0.4394,29,66
23038,0.8889,8,9
23039,0.8654,90,104
23040,1.0,3,3
23041,0.6,3,5
23042,0.6078,31,51
23043,1.0,11,11
23044,0.6296,17,27
23045,0.28,14,50
23046,1.0,4,4
23047,0.4,2,5
23048,0.3103,9,29
23049,0.4211,8,19
23050,0.2,1,5
23051,0.7419,23,31
23052,0.6721,41,61
23053,0.7857,11,14
23054,0.8947,17,19
23055,0.5928,115,194
23056,1.0,24,24
23057,1.0,4,4
23058,0.7917,19,24
23059,0.7083,34,48
23060,0.23,23,100
23061,0.6325,148,234
23062,0.4286,3,7
23063,0.52,13,25
23064,0.8421,16,19
23065,0.6818,15,22
23066,1.0,11,11
23067,0.7,7,10
23068,0.5969,77,129
23069,0.625,20,32
23070,1.0,13,13
23071,0.875,28,32
23072,0.7333,22,30
23073,1.0,5,5
23074,0.1905,4,21
23075,0.6923,9,13
23076,0.875,7,8
23077,0.6857,24,35
23078,0.2876,44,153
23079,1.0,7,7
23080,0.3571,5,14
23081,0.4615,24,52
23082,0.3158,24,76
23083,0.5263,10,19
23084,0.7778,14,18
23085,0.4762,10,21
23086,0.4928,34,69
23087,0.6667,4,6
23088,0.68,34,50
23089,0.4643,26,56
23090,0.3333,2,6
23091,0.5577,198,355
23092,0.8333,10,12
23093,0.3263,31,95
23094,0.9231,12,13
23095,0.9485,92,97
23096,0.5455,24,44
23097,1.0,4,4
23098,0.6667,4,6
23099,0.4571,16,35
23100,0.6667,14,21
23101,0.3548,33,93
23102,0.3966,23,58
23103,0.581,61,105
23104,0.7273,8,11
23105,0.6571,23,35
23106,1.0,10,10
23107,1.0,18,18
23108,0.6759,73,108
23109,0.3846,50,130
23110,0.7222,13,18
23111,0.85,17,20
23112,0.2609,12,46
23113,0.5,10,20
23114,0.551,27,49
23115,0.3988,67,168
23116,0.5,4,8
23117,0.4239,39,92
23118,0.5143,18,35
23119,0.8947,17,19
23120,0.7059,12,17
23121,0.0,0,1
23122,0.4,14,35
23123,1.0,1,1
23124,0.9429,33,35
23125,0.5,27,54
23126,0.4286,6,14
23127,0.5811,43,74
23128,0.96,24,25
23129,0.4615,6,13
23130,0.375,51,136
23131,1.0,1,1
23132,0.6,6,10
23133,0.2744,45,164
23134,1.0,1,1
23135,0.8889,8,9
23136,0.5161,48,93
23137,0.4167,10,24
23138,0.4,14,35
23139,0.75,6,8
23140,0.6,12,20
23141,0.8046,70,87
23142,0.5714,4,7
23143,0.6923,9,13
23144,0.875,14,16
23145,0.8,12,15
23146,0.4545,15,33
23147,0.5652,13,23
23148,0.075,3,40
23149,0.5532,26,47
23150,0.8627,44,51
23151,0.725,29,40
23152,0.5,2,4
23153,0.3438,22,64
23154,0.7647,13,17
23155,1.0,8,8
23156,1.0,5,5
23157,0.6429,9,14
23158,0.4643,13,28
23159,0.6667,2,3
23160,0.623,38,61
23161,0.5,14,28
23162,0.9091,20,22
23163,0.6667,30,45
23164,0.6,6,10
23165,0.8785,94,107
23166,0.9231,12,13
23167,0.4667,7,15
23168,0.4167,25,60
23170,0.8125,13,16
23171,0.0945,12,127
23172,0.4167,25,60
23173,0.2052,71,346
23174,1.0,5,5
23175,0.3077,32,104
23176,0.5833,35,60
23177,0.8,16,20
23178,0.8462,33,39
23179,0.9512,39,41
23180,0.5352,76,142
23181,0.2991,35,117
23182,0.6667,20,30
23183,0.8889,8,9
23184,0.8966,26,29
23185,0.7308,19,26
23186,0.4323,67,155
23187,0.5,8,16
23188,0.7547,80,106
23189,0.7143,5,7
23190,0.3049,50,164
23191,0.5,3,6
23192,0.6196,57,92
23193,0.5385,14,26
23194,0.6667,2,3
23195,0.7692,30,39
23196,0.75,9,12
23197,0.5,2,4
23198,0.2273,15,66
23199,0.8889,8,9
23200,0.5312,17,32
23201,0.3793,11,29
23202,0.2723,52,191
23203,0.4444,12,27
23204,0.4667,14,30
23205,0.2,1,5
23206,0.7778,7,9
23207,0.9388,46,49
23208,0.5,3,6
23209,0.4783,11,23
23210,0.6667,2,3
23211,0.725,29,40
23212,0.4615,12,26
23213,0.625,15,24
23214,0.7222,13,18
23215,0.7692,10,13
23216,0.7727,17,22
23217,0.8571,12,14
23218,0.5,1,2
23219,0.3636,12,33
23220,0.5556,5,9
23221,0.2609,6,23
23222,0.6824,101,148
23223,0.8485,28,33
23224,0.5556,10,18
23225,0.8571,24,28
23226,0.7143,5,7
23227,0.5256,113,215
23228,0.5588,19,34
23229,0.7907,34,43
23230,0.5824,53,91
23231,0.5833,14,24
23232,0.7143,5,7
23233,1.0,4,4
23234,0.6667,26,39
23235,0.6797,87,128
23236,0.6962,55,79
23237,0.9565,22,23
23238,0.5172,15,29
23239,0.8077,21,26
23240,0.5714,4,7
23241,0.5833,7,12
23242,0.3789,36,95
23243,0.7917,19,24
23244,0.8125,26,32
23245,0.6667,2,3
23246,0.9333,14,15
23247,0.5397,34,63
23248,0.8,4,5
23249,0.7,7,10
23250,0.7059,24,34
23251,0.85,85,100
23252,1.0,1,1
23253,0.6087,14,23
23254,0.6333,19,30
23255,1.0,16,16
23256,0.6364,7,11
23257,0.5789,11,19
23258,1.0,9,9
23259,0.75,3,4
23260,0.5625,18,32
23261,0.5517,16,29
23262,0.6696,77,115
23263,0.85,17,20
23264,0.72,18,25
23265,0.6142,78,127
23266,0.6538,17,26
23267,0.4286,9,21
23268,0.5972,86,144
23269,0.3667,11,30
23270,0.75,9,12
23271,0.5,20,40
23272,0.7344,47,64
23273,0.6667,10,15
23274,0.8269,43,52
23275,0.2,1,5
23276,0.625,5,8
23277,0.7778,7,9
23278,0.5,3,6
23279,0.525,42,80
23280,0.4643,13,28
23281,0.5,8,16
23282,0.3269,34,104
23283,0.5738,35,61
23284,0.4257,43,101
23285,0.6535,66,101
23286,0.8,12,15
23287,0.75,21,28
23288,0.6552,38,58
23289,0.3438,22,64
23290,0.7188,23,32
23291,0.7727,17,22
23292,0.5652,13,23
23293,0.875,7,8
23294,0.6667,6,9
23295,0.5,1,2
23296,0.9062,29,32
23297,0.7391,17,23
23298,1.0,4,4
23299,0.252,32,127
23300,0.9444,17,18
23301,0.3594,23,64
23302,0.4815,52,108
23303,0.6795,53,78
23304,0.52,13,25
23305,0.7778,7,9
23306,0.6,6,10
23307,0.4815,13,27
23308,0.6408,91,142
23309,0.6667,12,18
23310,0.3182,7,22
23311,0.3456,47,136
23312,0.5526,21,38
23313,0.4167,10,24
23314,0.9429,66,70
23315,0.6528,47,72
23316,0.6957,32,46
23317,0.2276,84,369
23318,0.7647,13,17
23319,0.3803,27,71
23320,0.72,18,25
23321,0.7826,18,23
23322,0.8043,37,46
23323,0.8182,9,11
23324,0.5714,16,28
23325,0.8571,6,7
23326,1.0,25,25
23327,0.6667,14,21
23328,0.5079,32,63
23329,0.4286,3,7
23330,0.4,28,70
23331,0.3333,1,3
23332,0.4894,23,47
23333,0.7697,137,178
23334,0.8438,27,32
23335,0.275,11,40
23336,0.6,3,5
23337,0.375,15,40
23338,0.3333,14,42
23339,0.8,16,20
23340,0.7143,5,7
23341,0.7667,23,30
23342,0.7812,25,32
23343,0.25,1,4
23344,1.0,1,1
23345,0.9861,142,144
23346,0.0,0,9
23347,0.875,7,8
23348,0.5217,12,23
23349,0.5842,59,101
23350,0.5312,17,32
23351,0.2941,10,34
23352,0.875,21,24
23353,0.7593,41,54
23354,0.6286,22,35
23355,0.8571,6,7
23356,1.0,2,2
23357,0.459,28,61
23358,0.5,1,2
23359,0.2115,11,52
23360,0.7179,84,117
23361,0.75,12,16
23363,0.963,52,54
23364,0.4286,6,14
23365,0.625,20,32
23366,0.76,19,25
23367,1.0,2,2
23368,0.9,9,10
23369,0.75,3,4
23370,0.6,3,5
23371,0.4318,19,44
23373,0.4444,8,18
23374,0.2812,9,32
23375,0.4309,78,181
23376,0.3625,29,80
23377,0.5385,14,26
23378,0.3176,27,85
23379,0.4,6,15
23380,0.625,5,8
23381,0.25,1,4
23382,0.75,9,12
23383,0.6667,6,9
23384,0.8095,17,21
23385,0.6842,13,19
23386,0.3951,32,81
23387,1.0,2,2
23388,0.3043,7,23
23389,0.7143,25,35
23390,0.4722,34,72
23391,0.64,32,50
23392,0.6667,6,9
23393,0.3659,15,41
23394,0.8947,17,19
23395,0.5833,42,72
23396,1.0,3,3
23397,1.0,4,4
23398,0.3333,15,45
23399,0.5,3,6
23400,0.7407,20,27
23401,0.7083,17,24
23402,0.25,2,8
23403,0.8,8,10
23404,0.7222,13,18
23405,0.3333,1,3
23406,1.0,21,21
23407,0.5167,31,60
23408,0.5862,17,29
23409,0.0,0,4
23410,0.5,4,8
23411,0.78,39,50
23412,0.25,1,4
23413,0.7778,7,9
23414,0.7143,55,77
23415,0.6471,22,34
23416,0.8333,5,6
23417,0.5725,79,138
23418,0.2419,15,62
23419,0.5,4,8
23420,1.0,7,7
23421,0.7551,111,147
23422,0.8,4,5
23423,0.7273,8,11
23424,0.3529,12,34
23425,0.75,24,32
23426,0.4493,31,69
23427,1.0,7,7
23428,0.9524,40,42
23429,0.6389,23,36
23430,0.6818,15,22
23431,1.0,8,8
23432,0.6078,31,51
23433,0.5962,31,52
23434,1.0,4,4
23435,0.4412,30,68
23436,0.8235,56,68
23437,0.4013,120,299
23438,0.3448,20,58
23439,0.4634,19,41
23440,0.2222,4,18
23441,1.0,2,2
23442,0.8333,10,12
23443,0.6667,8,12
23444,0.8333,10,12
23445,0.4737,9,19
23446,0.3448,10,29
23447,0.3939,52,132
23448,0.3421,13,38
23449,0.75,15,20
23450,0.5745,27,47
23451,0.6667,8,12
23452,0.7742,24,31
23453,0.8333,15,18
23454,0.8333,35,42
23455,0.6279,27,43
23456,0.5652,13,23
23457,0.5385,7,13
23458,0.8333,10,12
23459,0.6635,138,208
23460,0.6234,48,77
23461,0.8,20,25
23462,0.3939,13,33
23463,0.1429,4,28
23464,0.8333,20,24
23465,0.6786,19,28
23466,0.8182,27,33
23467,0.2653,39,147
23468,0.875,7,8
23469,0.75,3,4
23470,0.8947,17,19
23471,0.3913,9,23
23472,0.2041,10,49
23473,0.8571,6,7
23474,0.8125,13,16
23475,0.3333,8,24
23476,0.5634,40,71
23477,0.8421,16,19
23478,0.5122,21,41
23479,1.0,1,1
23480,0.75,6,8
23481,0.0,0,7
23482,1.0,22,22
23483,0.8,8,10
23484,1.0,2,2
23485,0.7647,13,17
23486,0.3889,21,54
23487,0.875,14,16
23488,0.3485,23,66
23489,0.5667,17,30
23490,1.0,4,4
23491,0.875,91,104
23492,0.5333,16,30
23493,0.6154,16,26
23494,1.0,3,3
23495,0.8429,59,70
23496,0.4697,31,66
23497,0.5926,16,27
23498,0.8028,57,71
23499,0.9333,28,30
23500,0.6087,14,23
23501,0.2754,19,69
23502,0.3548,22,62
23503,0.75,6,8
23504,0.8333,5,6
23505,0.3093,60,194
23506,0.7273,8,11
23507,0.6667,4,6
23508,0.6667,46,69
23509,0.8571,78,91
23510,0.4792,23,48
23511,0.5,23,46
23512,0.4878,40,82
23513,0.4865,18,37
23514,0.8,40,50
23515,0.8182,9,11
23516,0.32,8,25
23517,0.5806,18,31
23518,0.7333,11,15
23519,0.8,4,5
23520,0.3088,21,68
23521,0.7872,37,47
23522,0.4602,52,113
23523,0.4008,99,247
23524,0.6667,2,3
23525,0.3333,10,30
23526,0.4222,57,135
23527,0.7857,11,14
23528,0.7586,22,29
23529,0.5745,54,94
23530,0.84,21,25
23531,0.75,30,40
23532,0.3462,18,52
23533,0.3333,1,3
23534,0.8824,30,34
23535,0.1562,15,96
23536,0.8438,27,32
23537,0.6226,33,53
23538,0.2533,19,75
23539,0.3333,11,33
23540,0.76,19,25
23541,0.6667,6,9
23542,0.88,22,25
23543,1.0,2,2
23544,0.8,40,50
23545,0.1923,20,104
23546,0.7143,5,7
23547,0.7857,11,14
23548,0.24,6,25
23549,0.84,84,100
23550,0.7308,19,26
23551,0.3818,21,55
23552,0.6429,9,14
23553,0.4783,11,23
23554,0.6327,31,49
23555,0.4286,12,28
23556,0.3387,21,62
23557,0.5102,25,49
23558,0.75,3,4
23559,0.5833,14,24
23561,0.963,26,27
23562,0.5714,4,7
23563,0.7705,47,61
23564,0.7,28,40
23565,0.8364,46,55
23566,0.6667,24,36
23567,0.6429,9,14
23568,0.8571,6,7
23569,0.6,3,5
23570,0.4,2,5
23571,0.4628,56,121
23572,0.8,44,55
23573,0.5248,53,101
23574,0.3684,7,19
23575,0.7143,10,14
23576,0.5,2,4
23577,0.9024,37,41
23578,0.3793,11,29
23579,0.6667,30,45
23580,0.3684,14,38
23581,0.5263,20,38
23582,0.4615,6,13
23583,0.2857,2,7
23584,0.9474,18,19
23585,0.3214,9,28
23586,0.6389,23,36
23587,0.6364,7,11
23588,0.7297,27,37
23590,0.7407,20,27
23591,0.92,23,25
23592,0.6667,8,12
23593,0.6098,25,41
23594,0.2078,16,77
23595,0.5273,29,55
23596,0.6026,91,151
23597,0.6111,11,18
23598,0.88,22,25
23599,0.5965,34,57
23600,0.8333,10,12
23601,0.6667,2,3
23602,0.9091,10,11
23603,0.75,6,8
23604,0.475,19,40
23605,0.8,4,5
23606,1.0,7,7
23607,0.2308,12,52
23608,0.4375,14,32
23609,0.6667,2,3
23610,0.3871,12,31
23611,0.5,5,10
23612,0.5,1,2
23613,0.6338,45,71
23614,0.8,32,40
23615,0.3529,6,17
23616,0.8125,13,16
23617,0.2826,13,46
23618,0.1071,3,28
23619,0.25,1,4
23620,0.2,1,5
23621,0.8125,13,16
23622,0.7736,41,53
23623,0.6232,43,69
23624,0.4643,13,28
23625,0.5378,64,119
23626,0.9677,30,31
23627,0.4674,43,92
23628,0.9195,80,87
23629,0.6571,46,70
23630,0.4444,4,9
23631,0.5397,34,63
23632,0.6818,15,22
23633,0.5556,10,18
23634,0.5,4,8
23635,0.8519,23,27
23636,0.7344,47,64
23637,0.75,3,4
23638,0.6182,34,55
23639,0.9322,55,59
23640,1.0,5,5
23641,0.6964,39,56
23642,0.5,2,4
23643,0.6667,34,51
23644,0.2,1,5
23645,0.8333,5,6
23646,0.3038,48,158
23647,0.75,21,28
23648,0.8235,14,17
23649,0.8,4,5
23650,0.76,19,25
23651,1.0,4,4
23652,0.5185,14,27
23653,0.9091,10,11
23654,0.4146,17,41
23655,0.4286,3,7
23656,1.0,16,16
23657,1.0,11,11
23658,0.2,1,5
23659,0.6053,23,38
23660,1.0,8,8
23661,0.65,13,20
23662,0.8387,26,31
23663,0.5926,16,27
23664,0.6667,8,12
23665,0.6,12,20
23666,0.7531,61,81
23667,0.875,7,8
23668,0.4203,29,69
23669,0.5,1,2
23670,0.4054,30,74
23671,0.6667,4,6
23672,0.514,55,107
23673,0.6591,29,44
23674,0.5,24,48
23675,0.5,2,4
23676,0.8776,43,49
23677,1.0,20,20
23678,0.6667,34,51
23679,0.2308,3,13
23680,0.7255,37,51
23681,0.4474,34,76
23682,0.8065,25,31
23683,0.8889,8,9
23684,0.4286,15,35
23685,0.7,7,10
23686,0.5376,93,173
23687,0.275,11,40
23688,0.3604,40,111
23689,0.625,30,48
23690,0.75,12,16
23691,0.6122,30,49
23692,0.6,15,25
23693,0.44,11,25
23694,0.4444,4,9
23695,0.931,27,29
23696,0.8182,9,11
23697,0.6047,26,43
23698,0.8333,10,12
23699,0.2174,15,69
23700,0.506,42,83
23701,0.4167,5,12
23702,0.9412,16,17
23703,0.3775,57,151
23704,0.7901,64,81
23705,0.595,72,121
23706,0.5714,24,42
23707,1.0,19,19
23708,1.0,20,20
23709,1.0,19,19
23710,0.9545,21,22
23711,0.38,19,50
23712,0.48,12,25
23713,0.8333,5,6
23714,0.6212,41,66
23715,0.6667,4,6
23716,0.6364,14,22
23717,0.6667,2,3
23718,0.3235,11,34
23719,0.4898,24,49
23720,0.2273,5,22
23721,0.9167,11,12
23722,0.72,18,25
23723,0.4,2,5
23724,0.4375,7,16
23725,0.3372,29,86
23726,0.75,18,24
23727,0.4746,28,59
23728,0.75,12,16
23729,0.5385,7,13
23730,0.6879,97,141
23731,0.7692,10,13
23732,0.4434,47,106
23733,0.6615,43,65
23734,0.7,7,10
23735,0.5169,46,89
23736,0.4268,67,157
23737,0.3971,27,68
23738,0.6,3,5
23739,0.9375,15,16
23740,1.0,7,7
23741,0.6538,34,52
23742,0.8095,17,21
23743,0.5043,58,115
23744,0.7681,53,69
23745,0.875,14,16
23746,0.6667,4,6
23747,0.6667,12,18
23748,1.0,5,5
23749,0.2333,7,30
23750,0.2353,16,68
23751,0.4327,45,104
23752,0.8889,16,18
23753,0.55,77,140
23754,0.5152,17,33
23755,0.75,9,12
23756,0.6316,12,19
23757,0.8333,15,18
23758,0.9167,11,12
23759,0.6154,24,39
23760,1.0,4,4
23761,0.3483,31,89
23762,0.9211,35,38
23763,0.5,2,4
23764,0.375,3,8
23765,0.7111,32,45
23766,1.0,8,8
23767,0.8,8,10
23768,0.5286,37,70
23769,0.9487,37,39
23770,0.9615,50,52
23771,0.7609,35,46
23772,0.9318,41,44
23773,0.4822,95,197
23774,0.2982,51,171
23775,0.8571,6,7
23776,0.4231,11,26
23777,0.6667,4,6
23778,0.3375,27,80
23779,0.625,5,8
23780,0.6491,37,57
23781,0.76,19,25
23782,0.6429,9,14
23783,1.0,5,5
23784,0.8,4,5
23785,0.8,8,10
23786,0.9167,22,24
23787,0.4611,83,180
23788,0.5238,11,21
23789,0.8824,15,17
23790,0.4867,55,113
23791,0.8276,24,29
23792,0.8571,6,7
23793,0.5676,21,37
23794,0.5714,4,7
23795,1.0,9,9
23796,0.5,4,8
23797,0.5263,10,19
23798,0.8571,6,7
23799,0.587,27,46
23800,0.4286,18,42
23801,0.5385,7,13
23802,0.7857,33,42
23803,0.3571,10,28
23804,0.8049,33,41
23805,0.8571,12,14
23806,0.5946,22,37
23807,0.5309,43,81
23808,0.4231,11,26
23809,0.4355,27,62
23810,0.3333,19,57
23811,0.5306,26,49
23812,0.6,6,10
23813,0.6,3,5
23814,1.0,2,2
23815,0.8636,19,22
23816,0.9,9,10
23817,1.0,8,8
23818,0.3667,22,60
23819,0.4444,20,45
23820,0.6923,36,52
23821,0.75,3,4
23822,0.5294,18,34
23823,0.69,69,100
23824,0.7241,21,29
23825,0.2727,9,33
23826,0.5833,7,12
23827,0.5714,20,35
23828,0.4375,35,80
23829,0.4545,5,11
23830,0.7692,20,26
23831,0.3571,5,14
23832,0.8037,86,107
23833,0.4028,29,72
23834,0.4242,14,33
23835,0.7,7,10
23836,0.6706,57,85
23837,0.5294,18,34
23838,0.7143,5,7
23839,0.7895,15,19
23840,0.5,10,20
23841,0.7229,60,83
23842,0.4516,14,31
23843,0.5159,162,314
23844,0.44,22,50
23845,0.6429,9,14
23846,1.0,8,8
23847,0.7424,49,66
23848,0.5263,10,19
23849,0.9412,16,17
23850,0.5588,19,34
23851,0.8438,27,32
23852,0.4737,9,19
23853,0.5806,18,31
23854,0.7143,15,21
23855,1.0,28,28
23856,0.7143,5,7
23857,0.3871,12,31
23858,0.4571,16,35
23859,0.8615,56,65
23860,0.7,7,10
23861,0.5593,99,177
23862,0.4217,35,83
23863,0.7241,21,29
23864,0.5,25,50
23865,0.4091,18,44
23866,0.7143,90,126
23867,0.75,12,16
23868,0.287,33,115
23869,0.675,27,40
23870,1.0,10,10
23871,0.2857,2,7
23872,0.625,25,40
23873,0.3967,48,121
23874,0.7895,15,19
23875,0.8571,6,7
23876,0.75,12,16
23877,0.2762,50,181
23878,0.9231,12,13
23879,0.5484,17,31
23880,0.95,19,20
23881,1.0,26,26
23882,0.6667,4,6
23883,0.6842,13,19
23884,0.8077,42,52
23885,0.5,1,2
23886,0.7,7,10
23887,0.4578,38,83
23888,0.375,6,16
23889,0.6897,20,29
23890,0.7403,57,77
23891,0.9167,11,12
23892,0.7692,20,26
23893,0.9333,14,15
23894,0.7553,71,94
23895,0.2,1,5
23896,0.7059,12,17
23897,0.4444,4,9
23898,0.5,13,26
23899,0.5918,29,49
23900,0.7778,7,9
23901,0.6,6,10
23902,0.6829,28,41
23903,0.9231,12,13
23904,1.0,4,4
23905,0.88,44,50
23906,0.375,27,72
23907,1.0,2,2
23908,0.3704,10,27
23909,0.5,11,22
23910,0.5,4,8
23911,0.5526,63,114
23912,0.6126,68,111
23913,0.3858,49,127
23914,0.625,15,24
23915,0.5,3,6
23916,0.8167,49,60
23917,0.7143,5,7
23918,1.0,5,5
23919,0.7857,22,28
23920,0.5211,37,71
23921,0.6897,80,116
23922,0.55,11,20
23923,0.6716,45,67
23924,0.6923,36,52
23925,0.6552,19,29
23926,0.2518,35,139
23927,0.9259,25,27
23928,0.6667,6,9
23929,0.5972,43,72
23930,1.0,6,6
23931,1.0,1,1
23932,0.6111,11,18
23933,0.26,52,200
23934,0.9,18,20
23935,0.4242,14,33
23936,0.0,0,1
23937,0.7843,40,51
23938,0.6923,9,13
23939,0.6667,4,6
23940,0.5,1,2
23941,0.4375,7,16
23942,0.625,5,8
23943,0.4167,5,12
23944,0.3662,26,71
23945,0.6118,52,85
23946,0.481,38,79
23947,0.7778,7,9
23948,1.0,7,7
23949,0.0455,1,22
23950,0.7183,51,71
23951,0.6667,20,30
23952,0.3333,20,60
23953,0.5,16,32
23954,0.4074,11,27
23955,0.6667,22,33
23956,0.2174,5,23
23957,0.5455,132,242
23958,0.8,8,10
23959,0.1429,3,21
23960,0.6818,45,66
23961,0.75,6,8
23962,0.8974,35,39
23963,0.6176,21,34
23964,0.5,1,2
23965,0.6696,75,112
23966,0.8571,6,7
23967,0.4762,10,21
23968,0.9231,24,26
23969,1.0,8,8
23970,0.5077,33,65
23971,0.898,44,49
23972,0.875,21,24
23973,0.7727,17,22
23974,0.3333,1,3
23975,0.84,21,25
23976,0.25,2,8
23977,0.6522,15,23
23978,0.7391,17,23
23979,0.5385,70,130
23980,0.6078,31,51
23981,0.5,7,14
23982,0.7143,25,35
23983,0.6429,36,56
23984,0.7143,20,28
23985,0.8,8,10
23986,1.0,9,9
23987,0.8,40,50
23988,0.3333,2,6
23989,0.75,3,4
23990,1.0,50,50
23991,0.1957,9,46
23992,0.4464,25,56
23993,1.0,7,7
23994,1.0,4,4
23995,0.619,13,21
23996,0.3704,10,27
23997,0.0,0,2
23998,0.0,0,20
23999,0.4324,16,37
24000,0.7,7,10
24001,1.0,3,3
24002,0.75,3,4
24003,0.75,9,12
24004,0.7941,27,34
24005,0.5647,48,85
24006,0.8169,58,71
24007,0.5172,15,29
24008,0.3657,49,134
24009,0.697,23,33
24010,0.6667,2,3
24011,0.9643,27,28
24012,0.3548,22,62
24013,1.0,5,5
24014,0.381,24,63
24015,0.5185,56,108
24016,0.75,3,4
24017,0.8846,23,26
24018,0.625,5,8
24019,0.5882,10,17
24020,0.75,6,8
24021,0.6,12,20
24022,1.0,9,9
24023,0.7241,21,29
24024,0.5758,19,33
24025,0.6,3,5
24026,0.8125,13,16
24027,0.4554,51,112
24028,0.8182,18,22
24029,0.3333,4,12
24030,0.6667,10,15
24031,0.8,4,5
24032,0.6981,37,53
24033,1.0,6,6
24034,0.75,3,4
24035,0.6923,18,26
24036,0.6667,16,24
24037,1.0,4,4
24038,1.0,1,1
24039,0.75,24,32
24040,0.41,41,100
24041,0.6667,2,3
24042,0.7703,57,74
24043,0.4643,13,28
24044,0.6154,8,13
24045,0.8696,20,23
24046,0.5556,5,9
24047,0.5181,43,83
24048,0.7273,32,44
24049,0.8333,5,6
24050,0.4286,9,21
24051,0.7333,11,15
24052,0.8571,48,56
24053,0.5882,10,17
24054,0.4,2,5
24055,0.4286,3,7
24056,0.7143,5,7
24057,0.8,12,15
24058,1.0,4,4
24059,0.74,37,50
24060,1.0,2,2
24061,1.0,1,1
24062,0.7826,18,23
24063,0.4412,15,34
24064,1.0,2,2
24065,0.6931,70,101
24066,0.6,18,30
24067,0.6923,9,13
24069,0.3611,13,36
24070,0.2857,2,7
24071,0.6909,76,110
24072,0.75,15,20
24073,0.5441,37,68
24074,1.0,2,2
24075,0.7368,42,57
24076,0.8182,27,33
24077,0.2168,49,226
24078,1.0,1,1
24079,0.3971,27,68
24080,0.3,3,10
24081,0.7761,52,67
24082,0.3333,7,21
24083,0.3333,1,3
24084,0.625,5,8
24085,0.7143,5,7
24086,0.629,39,62
24087,0.2913,30,103
24088,0.6489,85,131
24089,0.8571,6,7
24090,0.6364,7,11
24091,0.7681,53,69
24092,0.1026,4,39
24093,1.0,1,1
24094,1.0,3,3
24095,0.78,39,50
24096,0.7778,7,9
24097,0.8605,37,43
24098,1.0,7,7
24099,0.5676,21,37
24100,0.25,1,4
24101,0.6429,18,28
24102,0.6,3,5
24103,0.2727,9,33
24104,0.48,24,50
24105,0.3429,12,35
24106,0.8333,5,6
24107,0.6383,60,94
24108,0.6176,21,34
24109,0.8525,52,61
24110,0.3889,14,36
24111,0.4286,6,14
24112,0.4554,51,112
24113,0.6786,19,28
24114,0.6667,2,3
24115,0.3188,22,69
24116,0.28,21,75
24117,0.2698,34,126
24118,0.6364,14,22
24119,0.3034,54,178
24120,0.6579,50,76
24121,0.4444,8,18
24122,0.6176,84,136
24123,0.7222,13,18
24124,1.0,3,3
24125,0.6176,21,34
24126,0.9444,17,18
24127,0.5789,121,209
24128,1.0,2,2
24129,0.3113,33,106
24130,0.0,0,3
24131,0.8095,17,21
24132,1.0,2,2
24133,0.6364,14,22
24134,0.5455,6,11
24135,0.5776,67,116
24136,0.4474,17,38
24137,0.9,9,10
24138,0.462,73,158
24139,0.5714,4,7
24140,0.6667,8,12
24141,0.4286,9,21
24142,0.5,4,8
24143,0.6552,76,116
24144,0.8333,15,18
24145,0.3333,3,9
24146,0.6667,4,6
24147,0.4348,40,92
24148,0.8824,15,17
24149,0.3333,1,3
24150,0.25,2,8
24151,0.5699,53,93
24152,0.5455,6,11
24153,0.7917,19,24
24154,0.4435,51,115
24155,0.5714,24,42
24156,0.7931,46,58
24157,0.44,33,75
24158,0.8065,50,62
24159,1.0,12,12
24160,0.88,22,25
24161,0.6034,35,58
24162,0.5833,7,12
24163,0.5909,39,66
24164,0.6842,13,19
24165,1.0,3,3
24166,0.0,0,3
24167,0.4615,48,104
24168,0.8889,8,9
24169,0.6,3,5
24170,0.5,2,4
24171,0.3027,56,185
24172,0.7222,26,36
24174,0.9538,62,65
24175,0.6,27,45
24176,0.6,24,40
24177,0.5294,9,17
24178,0.4286,9,21
24179,0.7576,25,33
24180,0.0556,2,36
24181,1.0,9,9
24182,0.3529,6,17
24183,0.7143,20,28
24184,0.5,7,14
24185,0.375,3,8
24186,0.6222,28,45
24187,0.4706,16,34
24188,0.3333,3,9
24189,0.7297,27,37
24190,1.0,6,6
24191,0.5714,12,21
24192,0.8333,5,6
24193,0.75,9,12
24194,0.42,21,50
24195,0.6667,38,57
24196,0.5474,52,95
24197,0.75,3,4
24198,0.64,16,25
24199,0.8889,8,9
24200,0.7778,63,81
24201,0.5337,95,178
24202,0.4483,65,145
24203,0.3333,7,21
24204,0.7857,33,42
24205,0.5168,77,149
24206,0.6429,36,56
24207,1.0,13,13
24208,1.0,2,2
24209,0.7273,16,22
24210,0.6176,21,34
24211,0.5217,12,23
24212,0.5812,111,191
24213,0.8537,35,41
24214,0.3059,171,559
24216,0.5385,28,52
24217,0.6818,15,22
24218,0.5,3,6
24219,0.7256,230,317
24220,0.5,84,168
24221,0.3846,15,39
24222,0.4516,14,31
24223,0.7895,30,38
24224,0.8889,24,27
24225,0.6429,9,14
24226,0.5952,25,42
24227,0.7727,17,22
24228,0.4167,5,12
24229,0.7165,91,127
24230,0.6818,30,44
24231,0.8333,5,6
24232,0.1842,7,38
24233,0.25,17,68
24234,0.5909,13,22
24235,0.7143,10,14
24236,0.4118,7,17
24237,0.4444,20,45
24238,0.6667,52,78
24239,0.9111,82,90
24240,0.4828,14,29
24241,0.1429,1,7
24242,0.8235,14,17
24243,1.0,15,15
24244,0.6316,12,19
24245,0.5455,42,77
24246,0.8261,38,46
24247,0.7143,5,7
24248,0.7143,5,7
24250,0.75,15,20
24251,1.0,11,11
24252,0.375,3,8
24253,0.7742,48,62
24254,0.0,0,1
24255,0.5,4,8
24256,0.5581,24,43
24257,0.5238,22,42
24258,0.6286,22,35
24259,0.4697,31,66
24260,0.4638,32,69
24261,0.1364,3,22
24262,0.3043,14,46
24263,0.6569,67,102
24264,0.1667,1,6
24265,0.9333,14,15
24266,0.6,9,15
24267,0.6053,23,38
24268,0.75,15,20
24269,0.3816,87,228
24270,0.3692,24,65
24271,0.619,13,21
24272,0.7619,32,42
24273,0.5495,50,91
24274,0.675,27,40
24275,1.0,3,3
24276,0.5517,16,29
24278,0.5455,18,33
24279,0.25,39,156
24280,1.0,1,1
24281,0.75,3,4
24282,0.8125,13,16
24283,0.8125,13,16
24284,0.2432,9,37
24285,0.3571,5,14
24286,0.775,31,40
24287,0.5833,21,36
24288,0.6667,8,12
24289,0.6,3,5
24290,0.5833,7,12
24291,0.6458,31,48
24292,1.0,3,3
24293,0.4,8,20
24294,0.7692,10,13
24295,0.6545,36,55
24296,0.52,26,50
24297,0.4583,11,24
24298,0.6667,2,3
24299,0.3333,1,3
24300,0.5714,4,7
24301,0.8293,68,82
24302,0.4722,51,108
24303,0.8,4,5
24304,0.8171,67,82
24305,0.1667,4,24
24306,0.6667,4,6
24307,0.85,17,20
24308,0.7222,13,18
24309,0.4757,49,103
24310,0.6552,19,29
24311,0.6667,6,9
24312,0.5625,9,16
24313,0.5,23,46
24314,0.4471,38,85
24315,0.619,13,21
24316,0.6667,8,12
24317,0.8421,16,19
24318,0.6383,90,141
24319,0.9333,28,30
24320,0.3061,15,49
24321,0.7857,11,14
24322,0.8571,30,35
24323,0.5783,48,83
24324,0.7632,58,76
24325,0.4,6,15
24326,0.7,7,10
24327,0.8,4,5
24328,1.0,13,13
24329,0.75,12,16
24330,0.7097,22,31
24331,0.3704,10,27
24332,0.7,7,10
24333,0.4074,22,54
24334,1.0,19,19
24335,0.4,6,15
24336,0.6,9,15
24337,0.5,1,2
24338,0.875,21,24
24339,0.6,6,10
24340,0.5667,17,30
24341,0.4615,18,39
24342,0.7778,7,9
24343,0.8929,25,28
24344,0.5333,8,15
24345,0.5172,15,29
24346,0.3333,1,3
24347,0.3481,47,135
24348,0.8696,20,23
24349,0.3333,3,9
24350,0.619,13,21
24351,0.6522,30,46
24352,0.7391,17,23
24353,0.8333,5,6
24354,0.7727,17,22
24355,0.5926,16,27
24356,0.4545,10,22
24357,0.3077,4,13
24358,0.7887,56,71
24359,0.7143,5,7
24360,0.875,42,48
24361,0.7391,17,23
24362,0.6667,4,6
24363,0.5806,18,31
24364,0.6,3,5
24365,0.3494,29,83
24366,0.6667,2,3
24367,0.9091,20,22
24368,1.0,4,4
24369,0.9394,31,33
24370,0.3947,15,38
24371,0.0,0,1
24372,0.9474,18,19
24373,0.5926,32,54
24374,0.6792,36,53
24375,0.6667,6,9
24376,0.7778,21,27
24377,0.6538,17,26
24378,1.0,1,1
24379,0.5,7,14
24380,0.7812,25,32
24381,0.1797,23,128
24382,0.75,18,24
24383,0.9091,10,11
24384,0.6667,2,3
24385,0.8636,19,22
24386,1.0,3,3
24387,0.2679,15,56
24388,0.3229,31,96
24389,0.6786,19,28
24390,0.9333,42,45
24391,0.4615,6,13
24392,1.0,3,3
24393,0.5857,41,70
24394,0.75,9,12
24395,0.5833,7,12
24396,0.425,17,40
24397,0.4592,45,98
24398,0.375,9,24
24399,0.4833,29,60
24400,1.0,6,6
24401,0.5672,38,67
24402,0.6,6,10
24403,1.0,1,1
24404,0.625,5,8
24405,0.8,32,40
24406,0.4545,10,22
24407,0.5082,31,61
24408,0.6,3,5
24409,0.4815,13,27
24410,0.75,15,20
24411,1.0,5,5
24412,0.8,12,15
24413,0.7333,11,15
24414,0.9091,10,11
24415,0.35,21,60
24416,0.7857,11,14
24417,0.9333,14,15
24418,0.8679,46,53
24419,0.5472,29,53
24420,0.5,3,6
24421,0.5,2,4
24422,0.7,49,70
24423,0.4,50,125
24424,0.7333,11,15
24425,0.4884,84,172
24426,0.6667,6,9
24427,0.8333,5,6
24428,0.6667,40,60
24429,0.3182,49,154
24430,1.0,3,3
24431,0.4021,39,97
24432,0.5,6,12
24433,0.4348,50,115
24434,0.8333,5,6
24435,0.3333,1,3
24436,0.8,4,5
24437,0.8333,10,12
24438,0.8571,6,7
24439,0.3846,15,39
24440,0.85,17,20
24441,0.9412,16,17
24442,0.8571,6,7
24443,0.7619,32,42
24444,1.0,3,3
24445,0.36,18,50
24446,1.0,1,1
24447,0.4,46,115
24448,0.5333,8,15
24449,0.5926,16,27
24450,0.75,6,8
24451,0.6667,70,105
24452,0.3564,36,101
24453,0.8333,5,6
24454,0.5644,57,101
24455,0.5714,4,7
24456,0.5,5,10
24457,0.0,0,2
24458,0.9565,22,23
24459,1.0,5,5
24460,0.8333,5,6
24461,0.6667,2,3
24462,1.0,3,3
24463,0.1964,11,56
24464,0.6053,69,114
24465,0.3571,10,28
24466,0.9524,20,21
24467,0.6429,27,42
24468,0.74,37,50
24469,0.75,21,28
24470,0.4444,12,27
24471,0.6349,40,63
24472,0.2286,8,35
24473,0.8333,5,6
24474,0.7826,18,23
24475,0.5372,65,121
24476,0.5833,7,12
24477,0.2667,12,45
24478,0.0,0,4
24479,0.56,42,75
24480,0.8889,8,9
24481,0.5714,4,7
24482,0.8,4,5
24483,0.5227,23,44
24484,0.8,8,10
24485,0.5244,43,82
24486,1.0,5,5
24487,0.8095,17,21
24488,0.625,5,8
24489,1.0,6,6
24490,0.75,12,16
24491,0.2143,9,42
24492,0.5556,5,9
24493,0.5088,29,57
24494,0.4952,52,105
24495,0.48,24,50
24496,0.4103,16,39
24497,1.0,26,26
24498,0.4615,18,39
24499,0.6042,58,96
24500,0.8333,5,6
24501,0.7434,84,113
24502,1.0,1,1
24503,1.0,8,8
24504,0.5952,25,42
24505,0.8537,70,82
24506,1.0,4,4
24507,0.5976,49,82
24508,0.4957,58,117
24509,0.64,48,75
24510,0.6667,16,24
24511,0.5,34,68
24512,0.5652,39,69
24513,0.7143,5,7
24514,0.6897,20,29
24515,0.7273,8,11
24516,0.6909,38,55
24517,0.6429,9,14
24518,0.4286,9,21
24519,0.4468,21,47
24520,0.6667,4,6
24521,0.4348,20,46
24522,0.8333,15,18
24523,0.6667,4,6
24524,0.7419,23,31
24525,0.5263,10,19
24526,0.5,2,4
24527,0.619,39,63
24528,0.6471,44,68
24529,0.8333,10,12
24530,0.0,0,4
24531,1.0,5,5
24533,0.7949,62,78
24534,0.5,4,8
24536,0.8947,17,19
24537,0.3846,25,65
24538,0.6087,28,46
24539,0.5385,7,13
24540,0.7778,7,9
24541,0.7059,72,102
24542,0.2857,4,14
24543,0.4615,12,26
24544,0.5,13,26
24545,0.5455,12,22
24546,0.8644,51,59
24547,0.6667,12,18
24548,0.625,40,64
24549,0.4821,54,112
24550,0.8421,16,19
24551,0.55,33,60
24552,0.5385,21,39
24553,0.7273,8,11
24554,0.7193,41,57
24555,0.1818,2,11
24556,0.2,1,5
24557,1.0,9,9
24558,0.4211,16,38
24559,0.6957,16,23
24560,1.0,14,14
24561,0.4237,25,59
24562,0.9375,15,16
24563,0.5,66,132
24564,0.8571,6,7
24565,0.6731,70,104
24566,0.4444,16,36
24567,0.6875,11,16
24568,0.3333,1,3
24569,0.5577,29,52
24570,0.7778,14,18
24571,0.7632,29,38
24572,0.7419,46,62
24573,0.7791,67,86
24574,0.6667,4,6
24575,0.5556,5,9
24576,0.3467,26,75
24577,0.575,23,40
24578,0.4306,31,72
24579,0.64,16,25
24580,0.7632,29,38
24581,1.0,1,1
24582,0.4407,52,118
24583,0.375,3,8
24584,0.75,9,12
24585,0.6727,37,55
24586,0.9318,41,44
24587,0.8545,47,55
24588,0.6786,19,28
24589,0.4,2,5
24590,1.0,38,38
24591,0.5,1,2
24592,0.4861,35,72
24593,0.7308,19,26
24594,0.9,9,10
24595,0.8125,13,16
24596,0.5,20,40
24597,0.7778,7,9
24598,0.7895,30,38
24599,0.6,21,35
24600,0.541,33,61
24601,0.5,4,8
24602,0.8039,41,51
24603,0.5,11,22
24604,0.7805,32,41
24605,0.1481,4,27
24606,0.9,36,40
24607,0.381,8,21
24608,0.6774,21,31
24609,0.5,2,4
24610,0.5385,7,13
24611,0.6944,25,36
24612,0.6744,29,43
24613,0.3333,2,6
24614,0.5385,7,13
24615,0.4815,39,81
24616,0.9459,35,37
24617,1.0,3,3
24618,0.9545,21,22
24619,0.5714,40,70
24620,0.6557,40,61
24621,0.7857,11,14
24622,0.5,3,6
24623,1.0,11,11
24624,0.8182,9,11
24625,0.4062,26,64
24626,0.7471,65,87
24627,0.8333,15,18
24628,0.4412,15,34
24629,0.6364,7,11
24630,0.4,4,10
24631,1.0,9,9
24632,0.5149,52,101
24633,0.5556,40,72
24634,0.96,24,25
24635,0.4286,9,21
24636,0.4111,104,253
24637,0.4091,9,22
24638,1.0,4,4
24639,0.9375,15,16
24640,0.5814,25,43
24641,1.0,9,9
24642,0.3333,15,45
24643,0.4773,63,132
24644,0.5556,5,9
24645,0.5375,43,80
24646,0.625,5,8
24647,0.5,2,4
24648,0.7414,43,58
24649,1.0,4,4
24650,0.6087,14,23
24651,0.8462,11,13
24652,0.4444,4,9
24653,1.0,2,2
24654,0.6,3,5
24655,0.3182,14,44
24656,1.0,4,4
24657,0.4,14,35
24658,0.3333,1,3
24659,0.9615,25,26
24660,0.8889,8,9
24661,0.5556,175,315
24662,0.7727,17,22
24663,0.7568,28,37
24664,0.1,1,10
24665,0.75,6,8
24666,0.4,12,30
24667,0.6111,11,18
24668,0.5802,47,81
24669,0.7308,38,52
24670,0.68,17,25
24671,0.5327,57,107
24672,0.9583,23,24
24673,0.625,5,8
24674,0.4444,4,9
24675,0.4747,47,99
24676,1.0,10,10
24677,0.3333,1,3
24678,0.7333,22,30
24679,0.7647,13,17
24680,0.4286,6,14
24681,0.5714,16,28
24682,0.6974,106,152
24683,0.4709,81,172
24684,0.5556,15,27
24685,0.7778,7,9
24686,0.7222,13,18
24687,0.625,5,8
24688,0.4773,126,264
24689,0.3478,8,23
24690,1.0,3,3
24691,0.4874,97,199
24692,0.8983,53,59
24694,0.4727,26,55
24695,0.3049,25,82
24696,0.9149,43,47
24697,1.0,2,2
24698,0.6154,24,39
24699,0.5455,6,11
24700,0.5,3,6
24701,1.0,10,10
24702,1.0,3,3
24703,0.5455,12,22
24704,0.4783,11,23
24705,0.6667,2,3
24706,0.5179,29,56
24707,0.7778,7,9
24708,0.6286,22,35
24709,0.4493,102,227
24710,0.5,1,2
24711,1.0,3,3
24712,1.0,14,14
24713,0.3793,11,29
24714,0.25,20,80
24715,0.6809,32,47
24716,0.5714,4,7
24717,0.95,19,20
24718,0.7351,136,185
24719,0.7584,270,356
24720,0.6552,19,29
24721,0.3908,34,87
24722,0.8125,13,16
24723,0.5,13,26
24724,0.5663,47,83
24725,0.56,28,50
24726,0.4915,29,59
24727,0.5556,10,18
24728,0.4681,22,47
24729,0.8571,6,7
24730,0.75,3,4
24731,0.5161,16,31
24732,0.625,5,8
24733,0.4,2,5
24734,0.3793,22,58
24735,0.4528,48,106
24736,0.6667,6,9
24737,0.678,80,118
24738,0.5,18,36
24739,0.8333,15,18
24740,0.4157,69,166
24741,0.0,0,4
24742,1.0,30,30
24743,0.86,43,50
24744,0.619,39,63
24745,0.6,3,5
24746,0.7258,45,62
24747,0.4154,27,65
24748,0.5273,29,55
24749,0.7222,39,54
24750,0.6786,19,28
24751,0.902,46,51
24752,0.875,14,16
24753,0.75,3,4
24754,0.5,7,14
24755,0.6923,9,13
24756,0.75,6,8
24757,0.6286,22,35
24758,0.5,16,32
24759,0.7121,47,66
24760,0.8571,6,7
24761,0.4348,10,23
24762,0.0,0,3
24763,0.5664,64,113
24764,0.6222,28,45
24765,0.5294,81,153
24766,0.7857,11,14
24767,0.9524,20,21
24768,0.7949,31,39
24769,0.6897,20,29
24770,0.7273,8,11
24771,0.7273,8,11
24772,1.0,1,1
24773,0.26,13,50
24774,0.3529,12,34
24775,0.3333,3,9
24776,0.3977,35,88
24777,1.0,3,3
24778,0.3571,15,42
24779,0.7143,20,28
24780,0.7818,43,55
24781,0.9333,14,15
24782,0.7391,34,46
24783,0.9231,48,52
24784,0.8,24,30
24785,1.0,13,13
24786,1.0,4,4
24787,0.6667,26,39
24788,0.9118,31,34
24789,0.5833,14,24
24790,0.5455,18,33
24791,0.64,16,25
24792,0.8667,13,15
24793,0.4474,17,38
24794,1.0,12,12
24795,0.4,2,5
24796,0.5192,108,208
24797,0.6892,51,74
24798,0.75,3,4
24799,0.8611,31,36
24800,0.3007,46,153
24801,0.4286,9,21
24802,0.6667,4,6
24803,0.8333,10,12
24804,0.7459,91,122
24805,0.6038,32,53
24806,0.4468,63,141
24807,0.5714,16,28
24808,0.6071,17,28
24809,0.75,30,40
24810,0.5385,7,13
24811,0.7778,7,9
24812,0.6667,6,9
24813,0.2581,8,31
24814,0.4915,29,59
24815,0.7419,23,31
24816,0.4359,102,234
24817,0.875,21,24
24818,0.5116,22,43
24819,0.5915,42,71
24820,0.5,13,26
24821,0.0,0,1
24822,0.6341,26,41
24823,0.2642,14,53
24824,0.6923,9,13
24825,0.6,3,5
24826,0.625,5,8
24827,0.5203,64,123
24828,0.8462,11,13
24829,0.8571,6,7
24830,0.533,210,394
24831,0.5,18,36
24832,0.5556,65,117
24833,0.3425,25,73
24834,1.0,10,10
24835,0.8889,8,9
24836,0.4,10,25
24837,0.6154,8,13
24838,0.3636,12,33
24839,0.5341,47,88
24840,0.4828,14,29
24841,0.4,2,5
24842,0.4364,24,55
24843,0.8684,33,38
24844,1.0,7,7
24845,0.4375,7,16
24846,0.3659,60,164
24847,0.7222,13,18
24848,0.0606,2,33
24849,0.8,8,10
24850,0.4651,20,43
24851,0.0,0,1
24852,0.2,2,10
24853,0.8824,15,17
24854,0.6471,11,17
24855,0.5789,11,19
24856,0.64,32,50
24857,0.7684,136,177
24858,0.9,9,10
24859,0.6275,32,51
24860,0.6733,68,101
24861,0.4286,3,7
24862,0.9167,33,36
24863,0.0263,1,38
24864,0.7,7,10
24865,0.7826,18,23
24866,0.7308,19,26
24867,0.8,16,20
24868,0.4762,10,21
24869,0.7778,7,9
24870,0.4175,43,103
24871,0.5,1,2
24872,0.6,12,20
24873,0.6667,2,3
24874,0.6667,36,54
24875,0.4222,19,45
24876,0.9412,16,17
24877,0.5385,7,13
24878,0.8684,33,38
24879,0.5625,9,16
24880,0.5082,31,61
24881,0.4655,54,116
24882,0.75,6,8
24883,0.55,11,20
24884,0.5882,40,68
24885,0.8571,6,7
24886,0.75,3,4
24887,0.5806,18,31
24888,0.75,3,4
24889,0.5667,17,30
24890,0.5,16,32
24891,0.6111,11,18
24892,1.0,9,9
24893,0.2353,52,221
24894,0.7027,26,37
24895,0.2963,8,27
24896,0.6,6,10
24897,0.7121,47,66
24898,0.2143,3,14
24899,0.2241,13,58
24900,0.9091,10,11
24901,0.4571,48,105
24902,0.8182,9,11
24903,0.4536,44,97
24904,0.1212,4,33
24905,0.4321,70,162
24906,0.5588,19,34
24907,0.7941,27,34
24908,1.0,2,2
24909,0.75,6,8
24910,0.7895,15,19
24911,0.125,4,32
24912,0.4909,27,55
24913,1.0,21,21
24914,0.9048,57,63
24915,0.6962,55,79
24916,0.1639,20,122
24917,0.3077,12,39
24918,0.8793,51,58
24919,0.75,3,4
24920,0.5132,39,76
24921,0.5556,20,36
24922,0.2955,13,44
24923,0.75,9,12
24924,0.275,11,40
24925,0.7,7,10
24926,0.5185,14,27
24927,0.1667,1,6
24928,0.6818,45,66
24929,0.5714,12,21
24930,0.8182,36,44
24931,0.6471,44,68
24932,0.6923,9,13
24933,0.66,33,50
24934,0.28,21,75
24935,0.2581,8,31
24936,0.4722,17,36
24937,0.2857,6,21
24938,0.6667,6,9
24939,1.0,10,10
24940,0.5789,11,19
24941,0.4545,5,11
24942,0.8571,12,14
24943,0.76,19,25
24944,0.3276,38,116
24945,0.6812,47,69
24946,0.5368,73,136
24947,0.6094,39,64
24948,0.7188,23,32
24949,0.8136,48,59
24950,1.0,13,13
24951,0.8,8,10
24952,0.8824,90,102
24954,0.3333,1,3
24955,0.4545,10,22
24956,0.4,8,20
24957,0.4328,29,67
24958,0.6491,74,114
24959,0.8,4,5
24960,0.0893,5,56
24961,0.4545,5,11
24962,0.9701,65,67
24963,0.6667,10,15
24964,0.6413,59,92
24965,1.0,4,4
24966,0.6667,4,6
24967,0.7748,86,111
24968,0.6522,15,23
24969,0.6923,9,13
24970,1.0,1,1
24971,0.1579,12,76
24972,1.0,7,7
24973,0.6522,15,23
24974,1.0,7,7
24975,0.7368,14,19
24976,0.3232,32,99
24977,0.5,12,24
24978,0.75,3,4
24979,0.5965,34,57
24980,0.5,1,2
24981,0.9091,80,88
24982,1.0,8,8
24983,0.8182,9,11
24984,0.75,3,4
24985,0.625,5,8
24986,1.0,8,8
24987,0.875,7,8
24988,0.5789,22,38
24989,0.8571,18,21
24990,0.6939,34,49
24991,0.4,4,10
24992,0.5248,53,101
24993,0.6667,6,9
24994,0.3333,1,3
24995,0.3853,42,109
24996,0.9444,17,18
24997,0.4444,4,9
24998,0.0,0,2
24999,0.2292,11,48
25001,0.6,3,5
25002,0.5333,32,60
25003,0.7692,20,26
25004,0.52,13,25
25005,0.5303,35,66
25006,0.4681,22,47
25007,0.7391,17,23
25008,0.82,41,50
25009,0.5833,7,12
25010,0.8519,23,27
25011,0.65,13,20
25012,0.9286,26,28
25013,0.5,2,4
25014,0.4583,11,24
25015,0.4,4,10
25016,0.625,10,16
25017,0.0,0,2
25018,0.7692,20,26
25019,0.1905,12,63
25020,0.5,2,4
25021,0.8333,5,6
25022,0.6667,20,30
25023,0.625,5,8
25024,0.8,8,10
25025,0.25,1,4
25026,0.5714,4,7
25027,1.0,5,5
25028,0.7059,12,17
25029,0.7273,8,11
25030,0.5263,20,38
25031,0.3349,72,215
25032,0.6296,17,27
25033,0.8571,12,14
25034,0.5,4,8
25035,0.6667,4,6
25036,0.4762,10,21
25037,0.6,12,20
25038,0.6,3,5
25039,0.625,10,16
25040,0.3571,30,84
25041,0.5152,17,33
25042,0.7143,15,21
25043,0.3434,34,99
25044,0.3714,13,35
25045,0.7222,13,18
25046,0.825,33,40
25047,0.7333,11,15
25048,1.0,1,1
25049,0.4,10,25
25050,0.6,39,65
25051,1.0,5,5
25052,0.7447,35,47
25053,0.5,12,24
25054,0.0,0,2
25055,0.3333,14,42
25056,0.2581,8,31
25057,0.7632,29,38
25058,0.2647,27,102
25059,0.875,14,16
25060,0.8696,20,23
25061,0.3846,5,13
25062,0.7,7,10
25063,0.6,3,5
25064,0.5,7,14
25065,0.5114,45,88
25066,0.36,9,25
25067,0.6328,81,128
25068,0.4242,14,33
25069,0.7273,8,11
25070,1.0,2,2
25071,0.5515,107,194
25072,0.5728,59,103
25073,0.6897,20,29
25074,0.4286,3,7
25075,0.6,12,20
25076,0.8108,60,74
25077,0.4906,26,53
25078,0.8182,9,11
25079,0.5,3,6
25080,0.4273,47,110
25081,0.6053,23,38
25082,1.0,3,3
25083,0.6486,24,37
25084,0.2566,29,113
25085,0.6,15,25
25086,1.0,1,1
25087,0.9643,27,28
25088,0.8333,5,6
25089,1.0,3,3
25090,0.4667,7,15
25091,0.5366,22,41
25092,0.3916,65,166
25093,0.2934,71,242
25094,0.3953,34,86
25095,0.6667,20,30
25096,0.9167,11,12
25097,1.0,2,2
25098,0.7188,46,64
25099,0.7647,26,34
25100,0.6842,26,38
25101,0.4803,134,279
25102,0.6042,29,48
25103,0.2083,5,24
25104,0.9444,51,54
25105,0.8235,14,17
25106,0.7872,37,47
25107,0.8657,58,67
25108,1.0,5,5
25109,0.3333,2,6
25110,0.4095,43,105
25111,0.5938,19,32
25112,0.5,3,6
25113,0.8571,12,14
25114,0.2,4,20
25115,0.4737,45,95
25116,0.5429,38,70
25117,0.7826,18,23
25118,0.6,6,10
25119,0.8125,13,16
25120,0.85,17,20
25121,0.6216,23,37
25122,0.8333,5,6
25123,0.5455,6,11
25124,0.3333,1,3
25125,0.7143,5,7
25126,0.4041,59,146
25127,0.5517,16,29
25128,0.4959,60,121
25129,0.7912,72,91
25130,0.7059,24,34
25131,0.6667,96,144
25132,0.8889,16,18
25133,0.75,3,4
25134,0.5841,66,113
25135,0.5455,30,55
25136,0.7,14,20
25137,0.6,21,35
25138,0.9259,50,54
25139,0.5417,13,24
25140,0.0,0,4
25141,0.6667,2,3
25142,0.2093,9,43
25143,0.8667,13,15
25144,0.3597,50,139
25145,0.8333,25,30
25146,0.2941,5,17
25147,0.3667,22,60
25148,0.7391,17,23
25149,0.7778,7,9
25150,0.4,4,10
25151,0.6415,34,53
25152,0.7857,66,84
25153,0.6667,2,3
25154,0.6667,4,6
25155,0.4737,9,19
25156,0.3636,20,55
25157,0.875,7,8
25158,0.7619,16,21
25159,0.6667,6,9
25160,0.9091,10,11
25161,0.5,1,2
25162,1.0,4,4
25163,0.9213,82,89
25164,0.6,6,10
25165,0.6667,2,3
25166,0.5,2,4
25167,1.0,10,10
25168,1.0,1,1
25169,0.5455,12,22
25170,0.3636,16,44
25171,0.507,36,71
25172,0.6522,15,23
25173,0.6,12,20
25174,0.3488,60,172
25175,0.5556,5,9
25176,0.8033,49,61
25177,0.6,9,15
25178,0.3511,46,131
25179,0.7121,47,66
25180,0.7595,60,79
25181,0.5424,32,59
25182,1.0,5,5
25183,0.2,1,5
25184,1.0,1,1
25185,0.7292,35,48
25186,0.3158,18,57
25187,1.0,3,3
25188,0.7586,88,116
25189,1.0,2,2
25190,0.5476,46,84
25191,0.5,5,10
25192,0.1731,36,208
25193,0.5753,42,73
25194,0.6957,16,23
25195,0.4,2,5
25196,1.0,7,7
25197,0.6818,15,22
25198,0.4247,31,73
25199,0.3562,52,146
25200,0.7895,15,19
25201,1.0,8,8
25202,1.0,4,4
25203,0.4828,14,29
25204,0.7059,12,17
25205,0.8,4,5
25206,0.7027,26,37
25208,0.2738,23,84
25209,0.625,15,24
25210,0.3431,47,137
25211,0.5946,22,37
25212,1.0,5,5
25213,0.5385,7,13
25214,0.8333,20,24
25215,0.3268,50,153
25216,0.5143,18,35
25217,0.0,0,1
25218,0.6739,31,46
25219,0.7,7,10
25220,1.0,5,5
25221,0.8219,60,73
25222,0.8571,6,7
25223,0.3099,22,71
25224,0.65,13,20
25225,0.6667,18,27
25226,0.4783,66,138
25227,1.0,4,4
25228,0.4255,20,47
25229,0.7538,49,65
25230,0.2619,11,42
25231,0.425,17,40
25232,0.7222,26,36
25233,0.8421,16,19
25234,0.75,3,4
25235,0.5301,44,83
25236,0.88,22,25
25237,0.5545,56,101
25238,0.25,1,4
25239,0.8519,23,27
25240,0.2982,17,57
25241,0.9796,48,49
25242,0.6667,2,3
25243,0.7917,19,24
25244,0.5441,37,68
25245,0.5354,53,99
25246,0.6667,20,30
25247,0.9057,48,53
25248,0.65,26,40
25249,0.7576,25,33
25250,0.8462,11,13
25251,0.5882,20,34
25252,0.4375,7,16
25253,0.4324,16,37
25254,0.6833,41,60
25255,1.0,5,5
25256,0.8462,11,13
25257,0.5,1,2
25258,0.6818,15,22
25259,0.8,4,5
25260,0.4429,31,70
25261,0.2857,2,7
25262,0.2414,7,29
25263,0.75,6,8
25264,0.7333,11,15
25265,0.3333,2,6
25266,0.9091,20,22
25267,0.807,46,57
25268,0.7119,42,59
25269,0.0,0,1
25270,0.6429,63,98
25271,0.3333,1,3
25272,0.7273,16,22
25273,0.5542,46,83
25274,0.2903,9,31
25275,0.8095,17,21
25276,0.8462,22,26
25277,0.6667,18,27
25278,0.8889,8,9
25279,0.5806,18,31
25280,0.8793,51,58
25281,0.8462,11,13
25282,0.5,4,8
25283,0.8182,9,11
25284,0.7742,24,31
25285,0.6579,25,38
25286,0.5672,38,67
25287,0.6,21,35
25288,0.5,9,18
25289,0.5641,22,39
25290,0.931,27,29
25291,0.4737,9,19
25292,0.7778,7,9
25293,0.5698,49,86
25294,0.0,0,10
25295,1.0,9,9
25296,0.6322,110,174
25297,0.6154,32,52
25298,0.4783,77,161
25299,0.8182,18,22
25300,0.7826,18,23
25301,0.7059,24,34
25302,0.5,48,96
25303,0.25,1,4
25304,0.8636,19,22
25305,0.2143,9,42
25306,0.6372,72,113
25307,0.3411,44,129
25308,0.7,14,20
25309,0.5833,7,12
25310,0.4646,46,99
25311,0.3654,19,52
25312,0.4265,29,68
25313,1.0,4,4
25314,0.8,4,5
25315,0.5882,10,17
25316,0.3333,7,21
25317,0.6,6,10
25318,0.3333,1,3
25319,0.48,24,50
25320,0.0,0,2
25321,0.5652,13,23
25322,1.0,23,23
25323,0.5,12,24
25324,0.6667,14,21
25325,0.5641,22,39
25326,0.3636,4,11
25327,0.6422,70,109
25328,0.6957,16,23
25329,0.125,1,8
25330,0.6923,54,78
25331,0.8462,44,52
25332,0.6818,15,22
25333,0.6,9,15
25334,0.7222,13,18
25335,0.3636,4,11
25336,0.6111,66,108
25337,0.5385,14,26
25338,0.8462,11,13
25339,0.8,8,10
25340,0.7317,60,82
25341,0.4286,3,7
25342,0.8125,13,16
25343,0.8421,32,38
25344,0.7586,66,87
25345,0.4729,96,203
25346,0.597,40,67
25347,0.5714,4,7
25348,0.2308,6,26
25349,0.8333,5,6
25350,0.1364,6,44
25351,0.625,40,64
25352,0.6207,18,29
25353,0.661,39,59
25354,0.6786,19,28
25355,0.625,5,8
25356,1.0,4,4
25357,0.9595,71,74
25358,0.4167,15,36
25359,0.4237,25,59
25360,0.625,20,32
25361,1.0,3,3
25362,0.2941,5,17
25363,0.3913,9,23
25364,0.8293,34,41
25365,0.3182,7,22
25366,0.8333,5,6
25367,0.7692,20,26
25368,1.0,3,3
25369,0.7333,11,15
25370,0.8333,35,42
25371,0.6667,8,12
25372,0.7895,15,19
25373,0.6296,17,27
25374,0.4828,14,29
25375,0.77,77,100
25376,1.0,3,3
25377,0.3333,1,3
25378,0.25,1,4
25379,0.625,5,8
25380,1.0,8,8
25381,0.875,7,8
25382,0.5,13,26
25383,0.0426,4,94
25384,1.0,4,4
25385,0.6111,11,18
25386,1.0,12,12
25387,0.7143,5,7
25388,0.6346,66,104
25389,0.9643,27,28
25390,0.5342,86,161
25391,0.7619,16,21
25392,0.7812,25,32
25393,0.9,9,10
25394,0.64,32,50
25395,0.0,0,1
25396,0.7941,27,34
25397,0.8571,30,35
25398,0.6667,22,33
25399,0.4444,12,27
25400,0.413,19,46
25401,0.8966,26,29
25402,1.0,6,6
25403,0.5,19,38
25404,0.6667,12,18
25405,0.7419,46,62
25406,0.5455,6,11
25407,0.4,2,5
25408,0.5769,15,26
25409,0.687,79,115
25410,0.7241,21,29
25411,0.3784,84,222
25412,1.0,11,11
25413,0.5,4,8
25414,0.4632,44,95
25415,0.7692,10,13
25416,0.4681,22,47
25417,0.5,5,10
25418,0.6364,14,22
25419,0.913,21,23
25420,0.7857,11,14
25421,0.8667,26,30
25422,0.6364,7,11
25423,0.6667,20,30
25424,1.0,4,4
25425,0.7692,10,13
25426,0.5467,41,75
25427,0.8529,29,34
25428,0.6667,6,9
25429,0.913,42,46
25430,0.2727,12,44
25431,0.6667,24,36
25432,0.8361,51,61
25433,0.96,24,25
25434,0.8846,23,26
25435,0.7,7,10
25436,0.4762,30,63
25437,0.6053,23,38
25438,0.7759,45,58
25439,0.5909,13,22
25440,0.5,2,4
25441,0.7391,68,92
25442,0.3333,4,12
25443,0.8571,12,14
25444,0.8667,13,15
25445,1.0,2,2
25446,0.0,0,5
25447,0.8049,33,41
25448,0.6053,23,38
25449,0.8,20,25
25450,0.3925,42,107
25452,1.0,15,15
25453,0.4444,4,9
25454,1.0,12,12
25455,0.5625,45,80
25456,0.7353,25,34
25457,0.9,9,10
25458,0.8889,8,9
25459,0.5761,53,92
25460,0.8713,88,101
25461,0.6462,42,65
25462,0.3636,4,11
25463,0.7969,51,64
25464,0.6538,68,104
25465,0.4762,10,21
25466,0.6667,40,60
25467,0.5,19,38
25468,0.4706,16,34
25469,0.7882,67,85
25470,0.4583,11,24
25471,0.7647,26,34
25472,1.0,6,6
25473,0.7143,30,42
25474,0.85,34,40
25475,0.6282,49,78
25476,0.9333,14,15
25477,0.4475,81,181
25478,0.3539,63,178
25479,0.3919,29,74
25480,1.0,2,2
25481,0.8889,16,18
25482,0.8421,16,19
25483,0.6,6,10
25484,0.4404,48,109
25485,0.4839,75,155
25486,0.6604,105,159
25487,0.8125,39,48
25488,0.8,4,5
25489,0.5862,17,29
25490,0.7576,25,33
25491,0.2308,3,13
25492,0.85,17,20
25493,0.6364,7,11
25494,0.2703,10,37
25495,0.4286,3,7
25496,0.4286,48,112
25497,0.5556,10,18
25498,0.6,3,5
25499,0.8421,16,19
25500,0.9565,44,46
25501,0.641,50,78
25502,0.5833,7,12
25503,0.4878,20,41
25504,0.8182,9,11
25506,0.4706,8,17
25507,0.5783,48,83
25508,0.3793,44,116
25509,0.75,6,8
25510,0.4958,59,119
25511,0.5546,127,229
25512,0.5,28,56
25513,0.6304,29,46
25515,0.7972,114,143
25516,0.3919,29,74
25517,0.9524,20,21
25518,0.5652,13,23
25519,1.0,2,2
25520,1.0,12,12
25521,0.6,3,5
25522,0.7826,18,23
25523,1.0,1,1
25524,0.7333,11,15
25525,0.3333,10,30
25526,0.3273,18,55
25527,0.5714,12,21
25528,0.8571,42,49
25529,1.0,6,6
25530,0.5517,16,29
25531,0.725,29,40
25532,0.6727,37,55
25533,0.8421,16,19
25534,0.1264,11,87
25535,0.6757,25,37
25536,0.2258,7,31
25537,0.5,3,6
25538,0.6522,15,23
25539,0.5,1,2
25540,0.5,2,4
25541,0.6176,42,68
25542,0.7333,22,30
25543,1.0,10,10
25544,0.6667,2,3
25545,0.2679,15,56
25546,0.8182,18,22
25547,0.5714,8,14
25548,0.5,1,2
25549,0.2,1,5
25550,0.5652,26,46
25551,0.9737,74,76
25552,0.619,13,21
25553,0.8333,20,24
25554,0.5,2,4
25555,0.6522,15,23
25556,0.8333,10,12
25557,0.32,16,50
25558,0.6129,38,62
25559,0.5,5,10
25560,0.5714,8,14
25561,0.4667,42,90
25562,0.7857,33,42
25563,0.0,0,2
25564,0.7143,20,28
25565,0.6316,48,76
25566,0.6061,40,66
25567,0.7959,39,49
25568,0.6154,8,13
25569,0.5926,16,27
25570,0.6792,36,53
25571,1.0,10,10
25572,0.4179,28,67
25573,1.0,2,2
25574,0.5,6,12
25575,0.9,9,10
25576,0.7083,17,24
25577,0.6154,48,78
25578,0.6364,21,33
25579,1.0,1,1
25580,0.3804,35,92
25581,0.7959,39,49
25582,1.0,1,1
25583,0.54,27,50
25584,0.4146,17,41
25585,1.0,23,23
25586,0.8,20,25
25587,0.2642,28,106
25588,0.4326,93,215
25589,0.8421,32,38
25590,0.8,8,10
25591,0.4915,29,59
25592,0.3566,46,129
25593,0.5263,10,19
25594,0.7778,42,54
25595,0.5652,13,23
25596,0.5294,18,34
25597,0.8125,13,16
25598,0.8571,6,7
25599,0.7368,14,19
25600,0.5,2,4
25601,0.6867,103,150
25602,0.6216,23,37
25603,0.1429,1,7
25604,0.7097,22,31
25605,1.0,9,9
25606,0.6818,15,22
25607,0.5149,69,134
25608,0.6667,6,9
25609,0.8889,8,9
25610,0.4683,96,205
25611,0.4667,28,60
25612,0.5333,8,15
25613,0.4286,3,7
25614,0.7379,76,103
25615,0.5,3,6
25616,0.7368,14,19
25617,0.3333,7,21
25618,0.0,0,2
25619,0.4722,17,36
25620,0.6,3,5
25621,1.0,5,5
25622,0.9231,24,26
25623,0.0,0,2
25624,0.6296,17,27
25625,0.8095,17,21
25626,1.0,3,3
25627,0.1867,31,166
25628,0.8182,9,11
25629,0.7368,14,19
25630,0.74,37,50
25631,0.6923,9,13
25632,0.6852,37,54
25633,0.8889,24,27
25634,0.4091,9,22
25635,0.2759,8,29
25636,0.5,1,2
25637,0.9286,26,28
25638,0.5591,71,127
25639,0.7054,91,129
25640,0.7273,8,11
25641,0.5,7,14
25642,0.7286,51,70
25643,0.875,7,8
25644,0.75,9,12
25645,0.9118,31,34
25646,0.7419,46,62
25647,0.0,0,1
25648,0.8,16,20
25649,0.7,7,10
25650,0.359,28,78
25651,0.6316,84,133
25652,0.8077,21,26
25653,0.806,54,67
25654,0.6364,7,11
25655,0.7692,10,13
25656,0.7273,8,11
25657,0.8571,6,7
25658,0.6667,4,6
25659,0.6667,12,18
25660,0.4839,15,31
25661,1.0,12,12
25662,0.4571,32,70
25663,0.0,0,4
25664,0.8875,71,80
25665,0.6842,26,38
25666,0.8333,10,12
25667,0.2222,2,9
25668,0.9211,35,38
25669,0.2737,26,95
25670,1.0,11,11
25671,0.2295,14,61
25672,0.6613,41,62
25673,0.6,3,5
25674,0.8085,38,47
25675,0.7812,25,32
25676,0.6757,100,148
25677,0.7273,16,22
25678,0.7273,24,33
25679,0.25,1,4
25680,0.6182,34,55
25681,0.3163,31,98
25682,0.3333,6,18
25683,0.6984,44,63
25684,0.6271,37,59
25685,1.0,3,3
25686,0.7941,27,34
25687,0.625,20,32
25688,0.5161,16,31
25689,0.9574,45,47
25690,0.5,1,2
25691,0.5581,24,43
25692,0.5051,50,99
25693,0.7903,49,62
25694,0.7273,32,44
25695,0.9375,15,16
25696,0.7586,22,29
25697,0.56,14,25
25698,1.0,10,10
25699,1.0,4,4
25700,0.7273,16,22
25702,0.7593,41,54
25703,0.6667,4,6
25704,0.4695,77,164
25705,0.5,1,2
25706,0.5,5,10
25707,0.3667,11,30
25708,0.875,14,16
25709,0.9167,11,12
25710,0.4444,12,27
25711,0.3636,8,22
25712,0.9231,12,13
25713,0.2857,2,7
25714,0.7143,5,7
25715,1.0,5,5
25716,0.4691,38,81
25717,0.7119,42,59
25718,0.9259,25,27
25719,0.7778,28,36
25720,0.8571,42,49
25721,0.7308,19,26
25722,0.5,4,8
25723,0.6136,27,44
25724,0.6429,9,14
25725,0.3611,13,36
25726,0.4135,55,133
25727,0.9744,38,39
25728,0.2632,15,57
25729,0.6761,48,71
25730,0.3571,10,28
25731,0.75,6,8
25732,0.4407,26,59
25733,0.9107,51,56
25734,1.0,3,3
25735,0.7143,5,7
25736,0.6957,32,46
25737,0.7656,49,64
25738,0.7826,18,23
25739,0.6667,4,6
25741,0.56,14,25
25742,0.4444,4,9
25743,0.25,1,4
25744,0.4348,10,23
25745,0.8,4,5
25746,1.0,6,6
25747,0.9167,11,12
25748,0.6471,11,17
25749,0.6842,13,19
25750,0.4945,45,91
25751,1.0,5,5
25752,0.6667,4,6
25753,0.7273,16,22
25754,0.3333,1,3
25755,0.2857,16,56
25756,0.7143,5,7
25757,0.963,26,27
25758,0.9231,12,13
25759,0.75,3,4
25760,0.4737,18,38
25761,0.5,7,14
25762,0.4634,19,41
25763,0.7812,25,32
25764,0.5556,5,9
25765,0.8,4,5
25766,0.5833,7,12
25767,0.6,3,5
25768,0.75,3,4
25769,0.25,1,4
25770,0.5957,28,47
25771,0.6892,153,222
25772,0.6024,50,83
25773,0.6,9,15
25774,0.6154,16,26
25775,0.4286,6,14
25776,0.0,0,7
25777,0.3936,37,94
25778,0.7097,22,31
25779,0.3265,16,49
25780,0.7143,10,14
25781,0.7246,50,69
25782,0.4038,21,52
25783,0.84,21,25
25784,0.8919,33,37
25785,0.8125,52,64
25786,0.4865,54,111
25787,1.0,8,8
25788,0.3571,5,14
25789,0.6667,2,3
25790,0.6471,11,17
25791,0.4,4,10
25792,0.4607,41,89
25793,0.8462,11,13
25794,0.4783,55,115
25795,0.7429,26,35
25796,0.5,2,4
25797,0.8,8,10
25798,0.7778,14,18
25799,0.7826,18,23
25800,1.0,3,3
25801,0.5,1,2
25802,0.5714,24,42
25804,1.0,5,5
25805,1.0,2,2
25806,0.6364,7,11
25807,0.5714,48,84
25808,0.368,46,125
25809,0.4083,118,289
25810,0.7925,42,53
25811,1.0,6,6
25812,0.4324,16,37
25813,0.9,9,10
25814,0.871,27,31
25815,1.0,2,2
25816,0.875,7,8
25817,0.8,16,20
25818,0.8824,45,51
25819,0.5,3,6
25820,0.623,38,61
25821,0.7143,10,14
25822,0.9231,12,13
25823,0.6598,64,97
25824,0.8,8,10
25825,0.7172,71,99
25826,0.7263,69,95
25827,0.4101,89,217
25828,0.9,9,10
25829,0.4,2,5
25830,0.2639,71,269
25831,0.8333,10,12
25832,0.9,9,10
25833,0.7097,44,62
25834,0.5,2,4
25835,0.2143,9,42
25836,0.4821,27,56
25837,0.5,10,20
25838,0.625,15,24
25839,0.5,13,26
25840,1.0,3,3
25841,0.625,5,8
25842,0.2647,9,34
25843,0.6,15,25
25844,0.5,5,10
25845,1.0,4,4
25846,0.3333,13,39
25847,1.0,2,2
25848,0.5455,6,11
25849,0.8571,12,14
25850,0.3833,23,60
25851,0.75,12,16
25852,0.9565,22,23
25853,0.4444,4,9
25854,0.4571,16,35
25855,0.92,92,100
25856,0.5462,65,119
25857,0.8333,5,6
25858,0.7,7,10
25859,0.3676,25,68
25860,0.6667,8,12
25861,0.9167,22,24
25862,1.0,4,4
25863,0.6667,4,6
25864,0.6667,6,9
25865,0.0,0,8
25866,0.2222,6,27
25867,0.3333,7,21
25868,0.5714,24,42
25869,0.4396,40,91
25870,0.75,3,4
25871,0.549,56,102
25872,0.6667,6,9
25873,1.0,2,2
25874,0.6667,4,6
25875,0.4,10,25
25876,0.1667,1,6
25877,0.9286,39,42
25878,0.2934,159,542
25879,0.64,16,25
25880,0.8857,31,35
25881,0.7391,34,46
25882,0.1429,1,7
25883,0.8182,27,33
25884,0.4167,20,48
25885,0.871,27,31
25886,0.5417,13,24
25887,0.3333,3,9
25888,0.3333,4,12
25889,0.6905,29,42
25890,0.875,7,8
25891,0.6667,6,9
25892,0.4667,42,90
25893,0.1667,23,138
25894,0.4167,10,24
25895,0.5714,12,21
25896,0.6,9,15
25897,0.4286,3,7
25898,0.5119,86,168
25899,0.3095,13,42
25900,0.4615,18,39
25901,0.5046,55,109
25902,0.6667,2,3
25903,0.7222,13,18
25904,1.0,7,7
25905,0.8,4,5
25906,0.9231,12,13
25907,1.0,4,4
25908,0.85,34,40
25909,0.45,9,20
25910,1.0,1,1
25911,0.45,9,20
25912,0.5769,15,26
25913,0.6897,60,87
25914,0.8571,6,7
25915,0.3143,11,35
25916,1.0,17,17
25917,0.8235,14,17
25918,0.6833,41,60
25919,0.6346,33,52
25920,0.181,21,116
25921,0.9,9,10
25922,0.8571,6,7
25923,0.75,21,28
25924,0.3824,26,68
25925,0.68,17,25
25926,0.8958,43,48
25927,0.0,0,56
25928,0.75,6,8
25929,0.8182,9,11
25930,0.6324,43,68
25931,0.3889,14,36
25932,0.0,0,1
25933,0.4815,13,27
25934,0.9444,17,18
25935,0.3716,55,148
25936,1.0,8,8
25937,1.0,5,5
25938,1.0,4,4
25939,1.0,13,13
25940,0.6364,14,22
25941,0.3636,8,22
25942,1.0,16,16
25943,0.3043,7,23
25944,0.5412,46,85
25945,0.7619,32,42
25946,0.56,28,50
25947,0.875,7,8
25948,1.0,2,2
25949,0.3784,14,37
25950,0.8571,6,7
25951,0.8,8,10
25953,0.6176,42,68
25954,0.75,3,4
25955,0.7788,88,113
25956,0.8333,20,24
25957,0.4667,7,15
25958,0.8621,25,29
25959,0.6977,30,43
25960,0.7143,150,210
25961,0.4,4,10
25962,0.5521,53,96
25963,0.7778,7,9
25964,0.8148,22,27
25965,0.75,6,8
25966,0.6716,45,67
25967,0.4,2,5
25968,0.85,17,20
25969,0.5769,15,26
25970,0.72,36,50
25971,0.4493,31,69
25972,0.3548,11,31
25973,0.9333,14,15
25974,0.6667,2,3
25975,0.8182,9,11
25976,0.4286,6,14
25977,0.5417,78,144
25978,0.6786,171,252
25979,0.8182,18,22
25980,0.6667,6,9
25981,0.6,3,5
25982,0.5556,5,9
25983,0.8873,63,71
25984,0.3824,13,34
25985,0.697,23,33
25986,0.0331,4,121
25988,0.4915,29,59
25989,0.8727,48,55
25990,0.5556,5,9
25991,1.0,12,12
25992,0.5977,52,87
25993,1.0,4,4
25994,0.7143,10,14
25995,0.8182,27,33
25996,0.7368,14,19
25997,0.7342,58,79
25998,0.6667,6,9
25999,0.48,12,25
26000,0.3448,10,29
26001,0.875,35,40
26002,0.4141,41,99
26003,0.5,2,4
26004,0.5614,32,57
26005,0.431,25,58
26006,0.7742,72,93
26007,0.7115,37,52
26008,1.0,1,1
26009,0.8182,9,11
26010,0.75,3,4
26011,0.381,8,21
26012,0.2955,26,88
26014,0.4,2,5
26015,0.5556,5,9
26016,0.1667,29,174
26017,0.5,2,4
26018,0.878,36,41
26019,0.7895,15,19
26020,0.7255,37,51
26021,0.5656,69,122
26022,0.8,28,35
26023,0.6944,25,36
26024,0.6,6,10
26025,0.6875,11,16
26026,0.375,3,8
26027,0.5,11,22
26028,0.8788,29,33
26029,0.8462,22,26
26030,0.5088,29,57
26031,0.4286,3,7
26032,0.8462,11,13
26033,0.0,0,5
26034,0.6286,22,35
26035,0.6184,47,76
26036,0.2685,29,108
26037,0.75,3,4
26038,0.0,0,7
26039,0.875,7,8
26040,0.9259,25,27
26041,0.25,1,4
26042,0.8684,33,38
26043,0.7692,10,13
26044,0.6216,69,111
26045,0.375,3,8
26046,0.9412,16,17
26047,0.4231,55,130
26048,1.0,7,7
26049,0.8333,5,6
26050,0.75,6,8
26051,0.6,15,25
26052,0.8,8,10
26053,0.3462,9,26
26054,0.6,3,5
26055,0.0,0,2
26056,0.2055,15,73
26057,0.4,4,10
26058,0.9167,11,12
26059,0.6923,9,13
26060,0.1667,1,6
26061,0.6479,46,71
26062,0.3723,51,137
26063,0.4,4,10
26064,1.0,2,2
26065,0.8,8,10
26066,0.5588,38,68
26067,0.7269,165,227
26068,0.75,27,36
26069,0.4286,3,7
26070,0.7273,16,22
26071,0.8966,26,29
26072,0.25,9,36
26073,0.8214,23,28
26074,0.7586,22,29
26075,0.5,5,10
26076,1.0,3,3
26077,0.9,27,30
26078,0.875,7,8
26079,0.7143,5,7
26080,0.7234,34,47
26081,0.5714,12,21
26082,0.3,3,10
26083,0.5541,41,74
26084,0.3235,11,34
26085,0.6667,2,3
26086,0.4722,51,108
26087,0.2927,12,41
26088,0.9,27,30
26089,0.8268,105,127
26090,0.7143,10,14
26091,0.7273,8,11
26092,0.5667,17,30
26093,1.0,2,2
26094,0.4667,7,15
26095,0.5333,8,15
26096,1.0,11,11
26097,0.8571,6,7
26098,0.4206,53,126
26099,0.9762,41,42
26100,0.35,7,20
26101,1.0,3,3
26102,0.5323,33,62
26103,0.6,3,5
26104,0.5,9,18
26105,0.5385,14,26
26106,0.6667,26,39
26107,0.8333,60,72
26108,0.4231,11,26
26109,0.806,54,67
26110,0.9375,15,16
26111,0.4634,19,41
26112,0.473,35,74
26113,0.4,10,25
26114,0.8889,8,9
26115,0.5,2,4
26116,0.6905,29,42
26117,0.75,3,4
26118,1.0,2,2
26119,1.0,9,9
26120,0.8182,9,11
26121,0.5075,34,67
26122,0.125,1,8
26123,0.3524,37,105
26124,0.9333,14,15
26125,0.8,4,5
26126,0.9286,13,14
26127,0.6667,4,6
26128,0.84,21,25
26129,0.5745,27,47
26130,0.9286,13,14
26131,0.2727,27,99
26132,0.8947,17,19
26133,1.0,8,8
26134,1.0,19,19
26135,0.375,6,16
26136,0.75,3,4
26137,0.4286,3,7
26138,0.3652,42,115
26139,0.4167,30,72
26140,0.8,4,5
26141,0.7727,34,44
26142,0.3571,15,42
26143,1.0,9,9
26144,0.625,5,8
26145,0.7302,92,126
26146,1.0,4,4
26147,0.5811,43,74
26148,0.8846,23,26
26149,0.5862,17,29
26150,1.0,1,1
26151,0.5,65,130
26152,0.8824,15,17
26153,0.2857,38,133
26154,0.7143,5,7
26155,0.5,4,8
26156,0.0,0,6
26157,0.8889,24,27
26158,0.7273,8,11
26159,0.6,6,10
26160,0.6667,16,24
26161,0.8333,15,18
26162,0.5061,83,164
26163,0.8947,17,19
26164,0.5538,36,65
26165,0.64,32,50
26166,0.4,2,5
26167,0.56,14,25
26168,0.95,19,20
26169,0.3333,11,33
26170,0.5278,19,36
26171,0.337,31,92
26172,0.4318,38,88
26173,0.6364,7,11
26174,0.8462,66,78
26175,0.7353,50,68
26176,0.8889,16,18
26177,0.5556,5,9
26178,0.5849,31,53
26179,0.5254,31,59
26180,0.3189,59,185
26181,0.8667,13,15
26182,0.92,46,50
26183,0.5,14,28
26184,0.5625,54,96
26185,0.6186,120,194
26186,0.275,11,40
26187,0.5455,12,22
26188,0.2264,12,53
26189,0.5556,5,9
26190,0.7586,22,29
26191,0.4444,4,9
26192,1.0,5,5
26193,0.7016,174,248
26194,1.0,1,1
26195,0.625,15,24
26196,0.875,7,8
26197,0.5932,70,118
26198,0.6035,137,227
26199,0.5867,88,150
26200,0.5455,6,11
26201,0.6207,36,58
26202,0.7576,25,33
26203,0.625,30,48
26204,0.6552,19,29
26205,0.5,12,24
26206,0.3793,11,29
26207,0.8,8,10
26208,0.7368,14,19
26209,0.2576,34,132
26210,0.7143,5,7
26211,0.8,24,30
26212,0.7222,13,18
26213,0.9545,21,22
26214,0.8043,74,92
26215,0.8696,20,23
26216,0.6667,32,48
26217,0.7273,8,11
26218,0.619,13,21
26219,0.5,14,28
26220,0.7333,11,15
26221,0.8372,36,43
26222,0.3413,43,126
26223,0.5968,74,124
26224,1.0,1,1
26225,1.0,13,13
26226,0.8571,6,7
26227,0.311,65,209
26228,0.4912,28,57
26229,0.5349,23,43
26230,1.0,3,3
26231,0.8333,5,6
26232,0.1744,15,86
26233,0.6667,2,3
26234,0.7143,15,21
26235,0.1538,6,39
26236,0.2692,14,52
26237,1.0,16,16
26238,0.8125,78,96
26239,0.4643,13,28
26240,0.9706,33,34
26241,0.7857,22,28
26242,0.5882,20,34
26243,0.3333,2,6
26244,0.5763,34,59
26245,0.6667,4,6
26246,0.7857,11,14
26247,0.875,7,8
26248,0.8333,5,6
26249,1.0,4,4
26250,0.3636,12,33
26251,0.8571,6,7
26252,0.5,1,2
26253,1.0,3,3
26254,0.6667,16,24
26255,0.5556,10,18
26256,0.3455,19,55
26257,0.4286,18,42
26258,0.6389,23,36
26259,0.902,46,51
26260,0.4324,32,74
26261,0.84,21,25
26262,0.3,6,20
26263,0.6,24,40
26264,0.7586,22,29
26265,1.0,12,12
26266,0.8333,10,12
26267,1.0,10,10
26268,0.2222,2,9
26269,0.7073,29,41
26270,0.7746,55,71
26271,0.5789,11,19
26272,0.2941,5,17
26273,0.3889,56,144
26274,0.7931,23,29
26275,0.5893,33,56
26276,0.6875,33,48
26277,0.4686,97,207
26278,0.3333,7,21
26279,0.5692,37,65
26280,0.6441,38,59
26281,0.6923,9,13
26282,0.7027,26,37
26283,0.4839,15,31
26284,0.75,27,36
26285,0.5352,38,71
26286,0.4419,19,43
26287,0.6,3,5
26288,0.4034,94,233
26289,0.32,8,25
26290,0.7647,13,17
26291,0.7917,19,24
26292,0.6957,16,23
26293,0.6,57,95
26294,0.7,7,10
26295,0.3333,4,12
26296,0.7129,149,209
26297,0.8571,6,7
26298,0.1724,5,29
26299,0.7429,26,35
26300,0.8235,14,17
26301,0.6429,9,14
26302,0.8333,10,12
26303,0.6429,9,14
26304,0.6289,61,97
26305,0.4182,23,55
26306,0.5714,4,7
26307,1.0,7,7
26308,0.6087,28,46
26309,0.68,17,25
26310,0.8889,48,54
26311,0.5843,52,89
26312,0.5625,18,32
26313,0.2188,21,96
26314,0.7931,46,58
26315,0.2727,6,22
26316,0.7523,82,109
26317,0.65,13,20
26318,0.8571,6,7
26319,0.5333,8,15
26320,1.0,1,1
26321,0.1944,7,36
26322,0.1111,5,45
26323,0.1176,2,17
26324,0.55,22,40
26325,0.3404,16,47
26326,0.8485,28,33
26327,0.9,9,10
26328,0.8,4,5
26329,0.8696,20,23
26330,0.1667,4,24
26331,0.3333,9,27
26332,1.0,3,3
26333,0.6667,16,24
26334,0.5,5,10
26335,0.661,39,59
26336,1.0,4,4
26337,0.3814,37,97
26338,0.4884,42,86
26339,1.0,8,8
26340,0.2,2,10
26341,1.0,4,4
26342,0.7083,17,24
26343,0.5714,4,7
26344,0.3333,2,6
26345,0.5188,69,133
26346,0.087,2,23
26347,0.6306,70,111
26348,0.3636,16,44
26349,0.6842,13,19
26350,0.3333,1,3
26351,0.9231,12,13
26352,0.4375,7,16
26353,0.625,5,8
26354,0.3245,61,188
26355,0.5714,12,21
26356,0.1818,4,22
26357,0.4167,25,60
26358,1.0,5,5
26359,0.6364,7,11
26360,0.6667,12,18
26361,0.0,0,2
26362,0.6667,8,12
26363,1.0,6,6
26364,0.9333,14,15
26365,1.0,14,14
26366,0.4667,14,30
26367,0.3889,7,18
26368,0.6053,23,38
26369,0.5294,36,68
26370,0.6129,19,31
26371,0.7742,24,31
26372,0.7059,12,17
26373,0.9444,34,36
26374,0.7333,11,15
26375,0.2857,2,7
26376,0.7949,31,39
26377,0.6552,19,29
26378,0.6452,120,186
26379,0.3333,2,6
26380,0.1667,1,6
26381,0.0,0,5
26382,0.5455,18,33
26383,1.0,9,9
26384,0.1831,26,142
26385,0.32,8,25
26386,0.3642,59,162
26387,1.0,5,5
26388,1.0,4,4
26389,0.8936,42,47
26390,0.303,10,33
26391,0.6,12,20
26392,0.4457,41,92
26393,0.9286,13,14
26394,0.8,8,10
26395,0.5217,12,23
26396,0.6667,72,108
26397,0.7778,7,9
26398,0.6203,49,79
26399,0.3,15,50
26400,1.0,23,23
26401,0.6,3,5
26402,0.841,201,239
26403,0.563,67,119
26404,0.2632,5,19
26405,0.5263,10,19
26406,0.7949,31,39
26407,1.0,5,5
26408,0.5294,9,17
26409,0.875,14,16
26410,0.5,2,4
26411,0.8133,61,75
26412,0.7692,10,13
26413,0.9111,82,90
26414,0.0,0,8
26415,0.6667,2,3
26417,0.5122,21,41
26418,0.3333,2,6
26419,0.9231,12,13
26420,0.5758,76,132
26421,0.5238,11,21
26422,0.6875,22,32
26423,0.8913,41,46
26424,0.6053,23,38
26425,0.4333,13,30
26426,0.3194,23,72
26427,0.5714,12,21
26428,0.7778,7,9
26429,0.7228,73,101
26430,0.36,36,100
26431,0.5,21,42
26432,0.6364,14,22
26433,0.4571,16,35
26434,0.6825,43,63
26435,1.0,6,6
26436,0.625,15,24
26437,0.5,12,24
26439,0.871,27,31
26440,0.125,1,8
26441,0.5,6,12
26442,0.7857,11,14
26443,0.8667,13,15
26444,0.8537,35,41
26445,0.6538,17,26
26446,0.6154,8,13
26447,0.74,37,50
26448,0.2203,13,59
26449,0.4318,19,44
26450,1.0,6,6
26451,0.25,2,8
26452,0.7143,45,63
26453,0.4335,101,233
26454,0.6842,13,19
26455,0.5918,29,49
26456,0.4444,8,18
26457,0.5077,33,65
26458,1.0,7,7
26459,0.625,5,8
26460,0.3019,32,106
26461,1.0,1,1
26462,0.6795,53,78
26463,0.75,6,8
26464,0.5926,16,27
26465,1.0,2,2
26466,0.8125,13,16
26467,0.3,6,20
26468,0.4737,9,19
26469,0.7241,21,29
26470,0.7949,31,39
26471,0.6724,39,58
26472,0.3333,2,6
26473,0.716,58,81
26474,0.8571,12,14
26475,1.0,27,27
26476,0.7407,20,27
26477,0.3057,48,157
26478,0.6875,11,16
26479,0.8,32,40
26480,0.8316,163,196
26481,0.375,3,8
26482,0.4872,19,39
26483,0.4,2,5
26484,1.0,7,7
26485,0.6471,11,17
26487,0.6,3,5
26488,0.2613,29,111
26489,0.9,9,10
26490,0.5,43,86
26491,0.625,30,48
26492,0.8101,64,79
26493,0.92,46,50
26494,0.8,8,10
26495,0.4615,24,52
26496,0.45,9,20
26497,0.8393,47,56
26498,0.6154,8,13
26499,0.8261,19,23
26500,0.6818,30,44
26501,1.0,4,4
26502,0.8,4,5
26503,0.5513,43,78
26504,0.9,9,10
26505,0.7273,8,11
26506,0.7241,63,87
26507,0.68,17,25
26508,0.9231,12,13
26509,0.6129,19,31
26510,0.0769,1,13
26511,0.6667,34,51
26512,0.9474,18,19
26513,0.4839,15,31
26514,0.4848,16,33
26515,0.7222,13,18
26516,0.622,51,82
26517,0.9,9,10
26518,1.0,4,4
26519,0.7273,16,22
26520,0.9333,28,30
26521,0.7273,8,11
26522,0.6721,41,61
26523,0.2857,2,7
26524,0.7143,20,28
26525,0.75,6,8
26526,0.3878,19,49
26527,0.5745,54,94
26528,0.5357,45,84
26529,0.5652,13,23
26530,0.7237,55,76
26531,0.6727,37,55
26532,0.4688,15,32
26533,0.5,19,38
26534,0.48,12,25
26535,0.525,63,120
26536,1.0,3,3
26537,1.0,26,26
26538,0.6923,9,13
26539,0.4717,25,53
26540,0.5597,75,134
26541,1.0,17,17
26542,0.8235,14,17
26543,0.8333,5,6
26544,0.7969,51,64
26545,0.75,3,4
26546,0.5435,25,46
26547,0.75,6,8
26548,0.3617,17,47
26549,0.6429,9,14
26550,0.7143,5,7
26551,0.5814,25,43
26552,0.4865,18,37
26553,0.5882,10,17
26554,0.6739,62,92
26555,0.75,3,4
26556,1.0,5,5
26557,0.8125,13,16
26558,0.88,22,25
26559,0.4167,15,36
26560,0.6,9,15
26561,0.6667,4,6
26562,0.5882,10,17
26563,0.52,26,50
26564,0.0,0,2
26565,0.4286,3,7
26566,0.3013,47,156
26567,0.3333,10,30
26568,0.3333,1,3
26569,0.7059,24,34
26570,0.2,1,5
26571,0.1429,8,56
26572,0.3732,53,142
26573,0.8571,6,7
26574,0.75,24,32
26575,0.9286,26,28
26576,0.8889,8,9
26577,1.0,9,9
26578,0.4167,5,12
26579,0.4848,32,66
26580,0.6111,11,18
26581,1.0,6,6
26582,0.3217,101,314
26583,0.9091,30,33
26584,0.6182,68,110
26585,0.3333,28,84
26586,0.7273,32,44
26587,1.0,7,7
26588,0.4286,9,21
26589,0.6,9,15
26590,0.5333,16,30
26591,0.8235,14,17
26592,0.6744,29,43
26593,0.6071,17,28
26594,0.5,10,20
26595,0.8,12,15
26596,0.7857,11,14
26597,0.5,2,4
26598,0.5882,10,17
26599,0.8571,12,14
26600,0.3388,41,121
26601,0.3571,5,14
26602,0.8333,5,6
26603,0.4545,10,22
26604,0.7868,107,136
26605,0.8,4,5
26606,1.0,17,17
26607,0.7,7,10
26608,0.7059,12,17
26609,0.8571,6,7
26610,0.3226,10,31
26612,0.4972,89,179
26613,1.0,12,12
26614,0.875,21,24
26615,0.3171,13,41
26616,0.8,8,10
26617,0.619,13,21
26618,0.6842,39,57
26619,0.1923,5,26
26620,0.6154,8,13
26621,0.663,61,92
26622,0.4079,31,76
26623,0.6019,130,216
26624,0.625,15,24
26625,0.0,0,2
26626,0.7551,37,49
26627,0.5,3,6
26628,0.619,13,21
26629,0.3704,10,27
26630,0.8421,48,57
26631,0.7778,28,36
26632,0.4239,39,92
26633,0.4,2,5
26634,0.65,39,60
26635,1.0,7,7
26636,0.7727,51,66
26637,0.1923,5,26
26638,0.4459,33,74
26639,0.4615,6,13
26640,0.6634,67,101
26641,0.6471,22,34
26642,0.7857,11,14
26643,0.6364,7,11
26644,0.3952,49,124
26645,0.6667,16,24
26646,0.7959,39,49
26647,0.6562,42,64
26649,0.5,3,6
26650,0.7647,13,17
26651,0.5584,43,77
26652,0.3333,3,9
26653,0.6923,18,26
26654,1.0,4,4
26655,0.6552,19,29
26656,0.4426,27,61
26657,0.375,3,8
26658,0.9412,32,34
26659,0.2059,21,102
26660,0.4706,8,17
26661,0.4,4,10
26662,0.8824,15,17
26663,0.6,3,5
26664,0.2857,2,7
26665,0.6809,32,47
26666,1.0,5,5
26667,0.5,2,4
26668,0.5217,12,23
26669,1.0,5,5
26670,0.4861,35,72
26671,0.7778,14,18
26672,0.3093,30,97
26673,0.4878,120,246
26674,0.6596,31,47
26675,1.0,16,16
26676,0.5417,26,48
26677,0.3206,67,209
26678,0.6129,19,31
26679,0.0,0,1
26680,0.6,12,20
26681,0.3766,58,154
26682,0.2273,5,22
26683,0.85,17,20
26684,0.25,1,4
26685,0.3784,28,74
26686,0.75,9,12
26687,0.0,0,10
26688,0.5,1,2
26689,0.5263,50,95
26690,0.8182,9,11
26691,0.4844,31,64
26692,0.8182,9,11
26693,0.8421,16,19
26694,0.2917,35,120
26695,0.75,15,20
26696,0.92,23,25
26697,0.9091,10,11
26698,0.85,17,20
26699,1.0,3,3
26700,1.0,2,2
26701,0.8,4,5
26702,1.0,18,18
26703,0.8462,11,13
26704,0.5556,5,9
26705,1.0,14,14
26706,0.6667,4,6
26707,0.0,0,1
26708,0.3267,49,150
26709,0.7778,7,9
26710,0.7,14,20
26711,0.6027,44,73
26712,0.7391,17,23
26713,0.5,13,26
26714,1.0,2,2
26715,0.7,7,10
26716,0.9286,13,14
26717,0.9643,27,28
26718,0.88,22,25
26719,1.0,9,9
26720,0.2,1,5
26721,0.5,10,20
26722,0.75,3,4
26723,0.6,12,20
26724,0.4211,8,19
26725,0.5,2,4
26726,0.4706,8,17
26727,0.5,23,46
26728,0.8,8,10
26729,0.6102,36,59
26730,0.5,7,14
26731,0.0,0,6
26732,0.0789,3,38
26733,0.6129,19,31
26734,0.75,3,4
26735,0.5161,32,62
26736,0.8571,6,7
26737,0.8571,18,21
26738,0.0,0,9
26739,0.2691,67,249
26740,0.8333,5,6
26741,0.7143,5,7
26742,0.1111,2,18
26743,0.6667,30,45
26744,0.5,6,12
26745,0.9286,13,14
26746,0.5,5,10
26747,1.0,3,3
26748,0.7857,11,14
26749,1.0,2,2
26750,0.8571,6,7
26751,0.6875,11,16
26752,0.3729,22,59
26753,0.5714,4,7
26754,0.381,8,21
26755,0.2083,5,24
26756,0.5098,26,51
26757,0.6154,8,13
26758,0.9333,28,30
26759,0.7143,5,7
26760,0.8824,15,17
26761,0.521,62,119
26762,0.4865,18,37
26763,0.963,26,27
26764,0.8667,26,30
26765,0.5217,12,23
26766,0.6,6,10
26767,0.6,42,70
26768,0.4444,4,9
26769,0.4,2,5
26770,0.86,43,50
26771,0.9286,13,14
26772,0.4134,74,179
26773,0.4118,35,85
26774,0.6889,31,45
26775,0.9231,12,13
26776,0.1081,4,37
26777,0.3636,28,77
26778,0.68,17,25
26779,0.6275,32,51
26780,0.5,30,60
26781,0.8,4,5
26782,0.375,3,8
26783,0.2857,10,35
26784,0.9333,14,15
26785,0.7,7,10
26786,0.4024,68,169
26787,0.625,5,8
26788,0.6364,7,11
26789,0.6667,12,18
26790,0.4286,3,7
26791,0.6316,12,19
26792,0.8889,8,9
26793,0.42,21,50
26794,0.8462,11,13
26795,0.6176,21,34
26796,0.5417,13,24
26797,0.6923,27,39
26798,0.625,40,64
26799,1.0,2,2
26800,1.0,1,1
26801,0.44,11,25
26802,0.5385,14,26
26803,0.5,15,30
26804,0.8235,14,17
26805,0.7143,40,56
26806,0.7857,22,28
26807,0.6,6,10
26808,0.5981,64,107
26809,0.4752,48,101
26810,0.4752,48,101
26812,0.2,24,120
26813,0.3784,14,37
26814,0.619,13,21
26815,0.3596,64,178
26816,0.3617,17,47
26817,0.75,6,8
26818,0.4,2,5
26819,0.7544,43,57
26820,0.7951,97,122
26821,0.1667,39,234
26822,0.9167,11,12
26823,0.7143,5,7
26824,0.5,2,4
26825,0.1579,6,38
26826,0.7778,7,9
26827,0.9231,36,39
26828,0.0,0,1
26829,0.7143,5,7
26830,0.3667,22,60
26831,0.4,18,45
26832,0.6111,44,72
26833,0.5854,96,164
26834,0.5,5,10
26835,0.5873,37,63
26836,1.0,5,5
26837,0.5,7,14
26838,0.9,9,10
26839,1.0,2,2
26840,0.8261,19,23
26841,0.6216,23,37
26842,1.0,5,5
26843,0.75,9,12
26844,0.2941,5,17
26845,0.8,4,5
26846,0.7,14,20
26847,0.0,0,27
26848,0.5534,114,206
26849,0.5522,37,67
26850,0.25,1,4
26851,0.4286,3,7
26852,0.6949,41,59
26853,0.5,1,2
26854,1.0,10,10
26855,0.3523,31,88
26856,0.4622,55,119
26857,1.0,21,21
26858,0.15,9,60
26859,0.25,13,52
26860,0.52,65,125
26861,0.55,11,20
26862,0.6279,27,43
26863,0.7565,146,193
26864,0.3,3,10
26865,0.323,52,161
26866,0.6667,2,3
26867,0.5183,99,191
26868,0.9091,10,11
26869,0.8261,19,23
26870,0.6667,4,6
26871,0.8,32,40
26872,0.4444,8,18
26873,0.9474,18,19
26874,0.8108,30,37
26875,0.3214,27,84
26876,0.828,77,93
26877,0.8333,10,12
26878,0.5882,40,68
26879,0.8194,59,72
26880,0.1593,18,113
26881,0.4783,22,46
26882,0.7143,5,7
26883,0.5833,7,12
26884,0.4826,83,172
26885,0.4769,124,260
26886,0.3235,11,34
26887,0.5,36,72
26888,0.7467,56,75
26889,0.5714,4,7
26890,1.0,8,8
26891,0.8333,5,6
26892,1.0,4,4
26893,0.9615,25,26
26894,0.6053,23,38
26895,0.7,7,10
26896,0.697,23,33
26897,0.15,3,20
26898,0.75,3,4
26899,0.7368,14,19
26900,0.7027,26,37
26901,0.6,9,15
26902,0.3846,15,39
26903,0.7778,35,45
26904,0.7791,67,86
26905,0.8462,11,13
26906,0.7115,37,52
26907,0.3333,23,69
26908,1.0,12,12
26909,1.0,20,20
26910,0.2857,8,28
26911,0.5385,7,13
26912,0.5714,4,7
26913,0.4138,12,29
26914,0.3082,45,146
26915,0.4038,42,104
26916,0.8462,11,13
26917,0.75,3,4
26918,0.4912,28,57
26919,0.6667,2,3
26920,0.625,20,32
26921,0.6471,22,34
26922,0.5556,10,18
26923,0.8065,25,31
26924,0.6,6,10
26925,0.2941,5,17
26926,0.1346,28,208
26927,1.0,1,1
26928,0.5556,5,9
26929,0.5017,145,289
26930,0.6,3,5
26931,0.5556,35,63
26932,0.2308,6,26
26933,0.8,4,5
26934,0.96,72,75
26935,0.6429,36,56
26936,1.0,2,2
26937,0.75,30,40
26938,0.5714,28,49
26939,0.6364,28,44
26940,0.3704,10,27
26941,0.3226,10,31
26942,0.4286,9,21
26943,0.3846,10,26
26944,0.3279,40,122
26945,0.2703,10,37
26946,0.0,0,2
26947,0.4348,20,46
26948,0.2727,3,11
26949,0.2763,21,76
26950,0.907,39,43
26951,0.7857,22,28
26952,0.8182,9,11
26953,0.8636,19,22
26954,0.7714,27,35
26955,0.52,13,25
26956,0.1667,1,6
26957,0.8051,95,118
26958,0.2875,23,80
26959,0.8333,10,12
26960,0.3889,7,18
26961,0.8519,23,27
26962,1.0,10,10
26963,0.6364,21,33
26964,0.3333,2,6
26965,0.4342,33,76
26966,0.7273,16,22
26967,0.7097,22,31
26968,0.5,1,2
26969,0.8125,13,16
26970,0.2222,14,63
26971,0.931,27,29
26972,0.629,39,62
26973,0.9286,13,14
26974,0.8889,80,90
26975,0.8667,26,30
26976,0.6667,8,12
26977,0.8077,21,26
26978,0.7632,29,38
26979,1.0,3,3
26980,0.5441,37,68
26981,0.6364,7,11
26982,0.3793,11,29
26983,0.75,6,8
26984,0.5517,16,29
26985,0.43,43,100
26986,0.7167,43,60
26987,0.8081,80,99
26988,0.8983,53,59
26989,0.8,24,30
26990,0.7324,52,71
26991,0.8333,5,6
26992,0.4483,39,87
26993,0.5,3,6
26994,0.6111,11,18
26995,0.4545,10,22
26996,0.8571,6,7
26997,0.3763,35,93
26998,0.4462,29,65
26999,0.7391,17,23
27000,0.5818,64,110
27001,0.5195,40,77
27002,0.3902,16,41
27003,0.7333,11,15
27004,0.3478,8,23
27005,0.1176,2,17
27006,0.125,1,8
27007,0.5758,95,165
27008,1.0,25,25
27009,0.3929,11,28
27010,0.6735,33,49
27011,0.3333,1,3
27012,0.0,0,2
27013,0.95,19,20
27014,0.4082,20,49
27015,0.6667,6,9
27016,1.0,4,4
27017,0.6818,15,22
27018,0.45,9,20
27019,0.8242,75,91
27020,0.3333,3,9
27021,0.325,13,40
27022,0.6176,21,34
27023,0.4048,17,42
27024,0.6538,17,26
27025,0.5,3,6
27026,0.5,24,48
27027,0.8333,5,6
27028,0.7,7,10
27029,0.3067,46,150
27030,1.0,2,2
27031,0.5806,18,31
27032,0.3659,30,82
27033,0.2727,6,22
27034,0.9429,33,35
27035,0.5738,35,61
27036,0.3333,10,30
27037,0.8889,24,27
27038,0.75,9,12
27039,0.4918,30,61
27040,0.4118,42,102
27041,0.2664,65,244
27042,0.75,6,8
27043,0.3837,33,86
27044,0.5278,19,36
27045,0.65,13,20
27046,0.3814,45,118
27047,0.8,4,5
27048,1.0,1,1
27049,0.8793,51,58
27050,0.6301,46,73
27051,0.5,57,114
27052,0.6981,37,53
27053,0.1949,46,236
27054,0.3246,124,382
27055,0.6429,18,28
27056,0.5333,32,60
27057,0.7895,30,38
27058,0.9,9,10
27059,0.7952,66,83
27060,0.8333,5,6
27061,0.5,32,64
27062,0.5143,18,35
27063,0.6207,36,58
27064,0.7547,40,53
27065,0.3805,43,113
27066,0.8,24,30
27067,0.125,1,8
27068,0.16,4,25
27069,0.5556,5,9
27070,0.4583,33,72
27071,0.4265,29,68
27072,0.7368,14,19
27073,0.5709,145,254
27074,0.3381,47,139
27075,0.4524,19,42
27076,0.4412,15,34
27077,0.0,0,1
27078,0.9286,13,14
27080,0.7143,5,7
27081,0.75,9,12
27082,0.8077,21,26
27083,1.0,9,9
27084,0.5658,43,76
27085,0.6562,21,32
27086,0.5641,22,39
27087,0.4,2,5
27088,0.75,6,8
27089,1.0,2,2
27090,0.5,5,10
27091,0.8333,5,6
27092,0.2368,18,76
27093,0.5455,18,33
27094,0.68,34,50
27095,0.7857,11,14
27096,0.5938,19,32
27097,0.8551,59,69
27098,0.8667,13,15
27099,0.4194,13,31
27100,0.6364,21,33
27101,0.75,9,12
27102,0.4079,31,76
27103,0.625,5,8
27104,0.6568,111,169
27105,0.6129,19,31
27106,0.2,1,5
27107,0.9091,10,11
27108,0.4681,22,47
27109,0.3333,24,72
27110,0.3846,60,156
27111,0.4,2,5
27112,0.75,3,4
27113,0.6667,4,6
27114,0.4308,28,65
27115,0.6,15,25
27116,0.8,20,25
27117,0.75,6,8
27118,0.7895,30,38
27119,0.7738,65,84
27120,0.0,0,1
27121,0.8065,25,31
27122,0.9231,12,13
27123,0.48,12,25
27124,1.0,3,3
27125,0.438,53,121
27126,1.0,3,3
27127,0.4559,31,68
27128,1.0,2,2
27129,0.5429,19,35
27130,0.625,5,8
27131,0.8679,46,53
27132,0.6061,20,33
27133,0.625,5,8
27134,0.7619,16,21
27135,0.75,18,24
27136,0.57,57,100
27137,0.6,18,30
27138,0.6458,31,48
27139,0.3415,14,41
27140,0.871,27,31
27141,0.703,71,101
27142,1.0,3,3
27143,0.3333,1,3
27144,1.0,2,2
27145,0.7143,5,7
27146,0.0531,6,113
27147,0.7,14,20
27148,0.8125,13,16
27149,0.3409,15,44
27150,0.5152,34,66
27151,0.4,2,5
27152,0.5769,30,52
27153,0.8095,17,21
27154,0.4667,7,15
27155,1.0,1,1
27156,0.5556,5,9
27157,0.2523,82,325
27158,0.48,12,25
27159,0.4615,6,13
27160,0.8125,26,32
27161,0.7059,12,17
27162,1.0,4,4
27163,0.8462,22,26
27164,0.375,3,8
27165,0.6111,11,18
27166,0.5597,75,134
27167,0.5405,20,37
27168,0.6279,54,86
27169,0.3636,12,33
27170,0.6,3,5
27171,0.5,3,6
27172,0.4865,18,37
27173,0.9333,14,15
27174,0.4615,24,52
27175,0.8667,26,30
27176,0.6667,8,12
27177,1.0,10,10
27178,0.3333,11,33
27179,0.527,39,74
27180,0.641,25,39
27181,0.7778,7,9
27182,0.2833,17,60
27183,0.2439,10,41
27184,0.5046,55,109
27185,0.2826,13,46
27186,0.7778,14,18
27187,0.5333,8,15
27188,0.5,1,2
27189,0.8203,105,128
27190,0.8636,38,44
27191,0.5,4,8
27192,0.6,6,10
27193,0.2756,35,127
27194,0.3333,1,3
27195,0.6393,39,61
27196,0.5,1,2
27197,0.7778,21,27
27198,0.8,48,60
27199,0.5821,39,67
27200,0.2909,32,110
27201,0.2,5,25
27202,0.8,8,10
27203,0.625,5,8
27204,0.5714,4,7
27205,0.375,9,24
27206,0.8571,18,21
27207,0.8889,8,9
27208,0.4231,11,26
27209,0.6724,39,58
27210,0.4296,61,142
27211,0.7576,25,33
27212,1.0,7,7
27213,0.2727,15,55
27214,0.4943,43,87
27215,0.7273,24,33
27216,0.7857,11,14
27217,0.5333,8,15
27218,0.75,3,4
27219,0.1875,6,32
27220,0.375,3,8
27221,0.871,27,31
27222,0.7222,39,54
27223,0.6667,2,3
27224,0.65,26,40
27225,0.6,9,15
27226,0.7,14,20
27227,0.75,6,8
27228,0.4545,10,22
27229,1.0,23,23
27230,0.369,31,84
27231,0.7442,64,86
27232,0.875,7,8
27233,0.75,3,4
27234,0.2581,8,31
27235,0.5556,25,45
27236,0.75,30,40
27237,0.8182,9,11
27238,0.6875,11,16
27239,0.3145,39,124
27240,0.5091,28,55
27241,0.5909,39,66
27242,0.4286,33,77
27243,0.7143,25,35
27244,0.4048,17,42
27245,0.7838,29,37
27246,0.8462,11,13
27247,0.25,2,8
27248,0.5181,100,193
27249,0.5,2,4
27250,0.3333,10,30
27251,0.8727,48,55
27252,0.45,45,100
27253,0.5,4,8
27254,0.3333,1,3
27255,0.5667,17,30
27256,0.6786,19,28
27257,0.5686,29,51
27258,0.2,5,25
27259,0.8571,6,7
27260,0.4706,16,34
27261,0.5556,5,9
27262,0.75,6,8
27263,1.0,8,8
27264,0.9048,19,21
27265,0.8,4,5
27266,0.8333,35,42
27267,0.6,69,115
27268,0.4,6,15
27269,0.4,2,5
27270,0.8333,15,18
27271,1.0,11,11
27272,0.5769,15,26
27273,0.8889,16,18
27274,0.1429,1,7
27275,0.4,2,5
27277,0.6471,22,34
27278,0.4757,137,288
27279,0.5949,47,79
27280,0.5769,15,26
27281,0.6098,25,41
27282,0.5,1,2
27284,1.0,1,1
27285,0.8182,18,22
27286,0.6818,15,22
27287,1.0,10,10
27288,0.6222,28,45
27289,0.8571,12,14
27290,0.7,7,10
27291,0.8889,8,9
27292,0.4934,75,152
27293,0.5385,14,26
27294,0.6818,15,22
27295,0.7778,14,18
27296,0.4536,44,97
27297,1.0,3,3
27298,0.75,15,20
27299,0.354,40,113
27300,0.6875,22,32
27301,0.625,5,8
27302,0.3167,19,60
27303,1.0,2,2
27304,0.5278,19,36
27305,0.2778,10,36
27306,0.9487,37,39
27307,0.6667,18,27
27308,0.8333,5,6
27309,0.6667,2,3
27310,0.7097,22,31
27311,0.8333,30,36
27312,0.7255,37,51
27313,0.4783,11,23
27314,0.7,7,10
27315,0.8966,26,29
27316,0.5814,25,43
27317,0.6667,6,9
27318,0.4828,14,29
27319,1.0,5,5
27320,0.3578,39,109
27321,0.6667,8,12
27322,0.4348,20,46
27323,0.5172,15,29
27324,0.8621,25,29
27325,1.0,1,1
27326,0.8077,21,26
27327,1.0,7,7
27328,0.7755,38,49
27329,0.4286,3,7
27330,0.4286,3,7
27331,0.6857,24,35
27332,0.4,2,5
27333,1.0,2,2
27334,0.6512,28,43
27335,1.0,3,3
27336,0.6296,17,27
27337,0.7803,103,132
27338,0.5143,36,70
27339,0.625,15,24
27340,0.8421,16,19
27341,0.5909,13,22
27342,0.65,26,40
27343,0.5352,38,71
27344,0.7778,7,9
27345,0.4571,16,35
27346,0.5714,20,35
27347,0.5,1,2
27348,0.3421,13,38
27349,0.625,35,56
27350,0.6,6,10
27351,0.6429,9,14
27352,0.2742,17,62
27353,0.9706,33,34
27354,0.6316,12,19
27355,0.2841,50,176
27356,0.875,7,8
27357,0.4203,29,69
27358,0.7755,38,49
27359,0.2432,9,37
27360,0.4819,40,83
27361,0.5,2,4
27362,0.6786,19,28
27363,0.3125,5,16
27364,0.9524,20,21
27365,0.8966,26,29
27366,0.6977,30,43
27367,0.8333,5,6
27368,0.25,2,8
27369,0.9,9,10
27370,0.6125,49,80
27371,0.6379,185,290
27372,0.9167,11,12
27373,0.8378,31,37
27374,0.6111,11,18
27375,0.4545,10,22
27376,0.7,21,30
27377,1.0,12,12
27378,1.0,4,4
27379,0.6471,55,85
27380,0.6667,4,6
27381,0.5484,17,31
27382,0.6667,18,27
27383,0.5152,51,99
27384,0.3846,15,39
27385,0.4839,15,31
27386,0.8,4,5
27387,0.362,59,163
27388,0.5,24,48
27389,0.3158,6,19
27390,0.6296,34,54
27391,0.2,1,5
27392,0.5789,33,57
27393,0.6129,19,31
27394,0.6923,18,26
27395,0.5882,20,34
27396,0.7778,7,9
27397,0.1923,5,26
27398,0.4,4,10
27399,0.625,15,24
27400,0.3846,5,13
27401,0.9545,42,44
27402,0.9048,19,21
27403,0.6667,6,9
27404,0.4737,18,38
27405,0.6316,12,19
27406,0.3333,70,210
27407,0.6286,22,35
27408,0.8333,10,12
27409,0.4948,48,97
27410,0.7857,11,14
27411,0.9091,10,11
27412,0.75,15,20
27413,0.7692,10,13
27414,1.0,11,11
27415,0.3667,11,30
27416,0.6087,42,69
27417,0.4933,37,75
27418,0.5606,37,66
27419,0.5385,14,26
27420,0.7,14,20
27421,0.8571,6,7
27422,0.7857,11,14
27423,0.7143,5,7
27424,1.0,2,2
27425,0.3171,13,41
27426,0.7155,83,116
27427,0.8,4,5
27428,0.6176,21,34
27429,0.8235,14,17
27430,0.6538,17,26
27431,0.8462,11,13
27432,1.0,7,7
27433,1.0,2,2
27434,0.3137,16,51
27435,0.75,3,4
27436,0.625,30,48
27437,0.25,11,44
27438,0.5,6,12
27439,0.8182,27,33
27440,0.7895,15,19
27441,0.7952,66,83
27442,1.0,2,2
27443,0.4,14,35
27444,0.7778,7,9
27445,0.5208,25,48
27446,0.5172,15,29
27447,0.625,5,8
27448,0.7333,11,15
27449,0.7674,33,43
27450,0.1667,1,6
27451,0.4326,61,141
27452,0.8462,11,13
27453,0.4333,13,30
27454,0.5833,14,24
27455,1.0,12,12
27456,0.8958,43,48
27457,0.6429,9,14
27458,0.6282,49,78
27459,0.6769,44,65
27460,0.6098,50,82
27461,0.7167,43,60
27462,0.3902,16,41
27463,0.4426,81,183
27464,1.0,2,2
27465,0.5556,5,9
27466,0.6102,36,59
27467,0.8601,123,143
27468,0.7879,26,33
27469,0.375,108,288
27470,0.8182,18,22
27471,0.4167,5,12
27472,0.3125,10,32
27473,0.4177,132,316
27474,0.5,3,6
27475,1.0,6,6
27476,0.4286,6,14
27477,0.7778,7,9
27478,0.7857,22,28
27479,0.5639,75,133
27480,0.9444,17,18
27481,0.625,15,24
27482,0.6127,106,173
27483,0.5676,21,37
27484,0.5435,25,46
27485,0.6486,24,37
27486,0.6923,9,13
27487,0.5946,22,37
27488,0.7733,58,75
27489,1.0,11,11
27490,0.7586,22,29
27491,0.8571,6,7
27492,1.0,7,7
27493,0.7273,8,11
27494,0.8571,30,35
27495,0.6667,4,6
27496,0.5263,10,19
27497,0.8571,6,7
27498,0.5,1,2
27499,0.2222,4,18
27500,0.1186,7,59
27501,0.825,33,40
27502,0.6786,19,28
27503,0.3991,93,233
27504,0.625,5,8
27505,0.7143,5,7
27506,0.6552,38,58
27507,0.9091,10,11
27508,0.6667,2,3
27509,0.4444,4,9
27510,0.4286,6,14
27511,0.8333,5,6
27512,0.3143,11,35
27513,0.44,22,50
27514,1.0,5,5
27515,0.4615,12,26
27516,0.6667,4,6
27517,0.8824,15,17
27518,0.8462,11,13
27519,1.0,2,2
27520,0.6341,26,41
27521,0.65,13,20
27522,0.625,15,24
27523,0.9,9,10
27524,1.0,14,14
27525,0.4286,3,7
27526,0.4832,72,149
27527,0.1395,6,43
27528,0.75,3,4
27529,0.7903,49,62
27530,0.9459,35,37
27531,0.1191,33,277
27532,0.5143,18,35
27533,0.875,7,8
27534,0.5455,6,11
27535,0.8182,9,11
27536,1.0,1,1
27537,0.6471,22,34
27538,0.4,4,10
27539,0.6667,4,6
27540,0.6,9,15
27541,0.4595,17,37
27542,0.5,10,20
27543,0.3333,3,9
27544,0.8333,30,36
27545,0.5,6,12
27546,0.8545,47,55
27547,0.5714,12,21
27548,0.7333,11,15
27549,0.7179,28,39
27550,0.4595,17,37
27551,0.3563,31,87
27552,0.675,27,40
27553,0.4203,29,69
27554,0.6111,22,36
27555,0.56,14,25
27556,0.825,33,40
27557,0.5,4,8
27558,0.2695,38,141
27559,0.4286,3,7
27560,0.625,5,8
27561,0.2157,11,51
27562,0.9,27,30
27563,0.5294,45,85
27564,0.3235,11,34
27565,0.7778,14,18
27566,0.6364,7,11
27567,0.7647,13,17
27568,0.875,28,32
27569,0.8778,79,90
27570,0.5245,75,143
27571,0.4412,15,34
27572,1.0,13,13
27573,1.0,7,7
27574,0.3007,43,143
27575,0.7143,15,21
27576,0.5,2,4
27578,0.5455,24,44
27579,0.6923,9,13
27580,0.75,3,4
27581,0.6667,6,9
27582,0.6327,31,49
27583,0.3125,10,32
27584,1.0,11,11
27585,0.069,2,29
27586,0.4571,16,35
27587,0.8462,11,13
27588,0.5,3,6
27589,0.4444,32,72
27590,0.5185,14,27
27591,0.6667,4,6
27592,0.6275,32,51
27593,0.6667,2,3
27594,0.8125,13,16
27595,0.4925,33,67
27596,0.4211,8,19
27597,0.3077,4,13
27598,0.5385,7,13
27599,0.6747,56,83
27600,1.0,2,2
27601,0.4725,43,91
27602,0.6383,30,47
27603,0.9057,48,53
27604,0.7727,17,22
27605,0.5,2,4
27606,0.6545,36,55
27607,0.7016,87,124
27608,0.9444,17,18
27609,0.6429,18,28
27610,0.5122,21,41
27611,0.8571,6,7
27612,0.7273,8,11
27613,0.8679,46,53
27614,1.0,2,2
27615,0.4286,3,7
27616,0.5714,12,21
27617,0.8529,29,34
27618,0.6863,35,51
27619,0.5294,27,51
27620,0.8889,8,9
27621,0.7778,7,9
27622,0.375,3,8
27623,0.7895,15,19
27624,0.7778,7,9
27625,0.6,15,25
27626,0.6727,37,55
27627,0.4231,11,26
27628,0.1429,1,7
27629,0.4839,30,62
27630,0.3968,25,63
27631,0.9286,13,14
27632,0.5254,31,59
27633,0.8333,10,12
27634,1.0,8,8
27635,0.5,10,20
27636,0.6078,124,204
27637,0.6818,30,44
27638,0.6186,73,118
27639,0.6667,10,15
27640,0.4105,78,190
27641,0.5,7,14
27642,1.0,1,1
27643,0.9,27,30
27644,1.0,3,3
27645,0.7586,22,29
27646,0.3881,26,67
27647,0.5581,48,86
27648,0.25,10,40
27649,0.9412,32,34
27650,0.3235,11,34
27651,0.6023,53,88
27652,0.9231,12,13
27653,0.5172,15,29
27654,0.8205,32,39
27655,0.8,4,5
27656,0.4694,46,98
27657,0.5521,106,192
27658,0.619,39,63
27659,0.6765,23,34
27660,0.7692,30,39
27661,0.4286,21,49
27662,0.9,9,10
27663,0.6667,2,3
27664,0.5714,8,14
27665,0.5165,47,91
27666,0.2103,45,214
27667,0.7778,7,9
27668,1.0,9,9
27669,0.3636,4,11
27670,1.0,1,1
27671,0.4706,16,34
27672,1.0,6,6
27673,0.4379,74,169
27674,0.6429,9,14
27675,1.0,1,1
27676,0.6429,9,14
27677,0.5238,22,42
27678,0.7368,56,76
27679,0.3581,53,148
27680,0.3462,9,26
27681,1.0,3,3
27682,1.0,3,3
27683,0.28,7,25
27684,0.9846,64,65
27685,0.9,18,20
27686,0.3056,11,36
27687,0.56,14,25
27688,0.8462,11,13
27689,0.6923,72,104
27690,0.3563,57,160
27691,0.5868,71,121
27692,1.0,9,9
27693,0.25,1,4
27694,0.875,7,8
27695,0.6145,51,83
27696,0.7778,21,27
27697,0.381,8,21
27698,0.6667,18,27
27699,0.3333,7,21
27700,1.0,1,1
27701,0.7089,56,79
27702,0.5909,13,22
27703,0.4565,105,230
27704,0.5333,8,15
27706,0.3043,7,23
27707,0.5,10,20
27708,0.3333,2,6
27709,0.8125,13,16
27710,0.6667,6,9
27711,0.7778,7,9
27712,0.2121,21,99
27713,0.5455,12,22
27714,0.625,15,24
27715,0.4286,3,7
27716,0.5833,14,24
27717,0.5556,10,18
27718,0.775,31,40
27719,0.8788,29,33
27720,0.9091,20,22
27721,0.4286,12,28
27722,0.8182,9,11
27723,0.6667,6,9
27724,0.6364,7,11
27725,0.875,14,16
27726,1.0,2,2
27727,0.7949,31,39
27728,0.9412,16,17
27729,1.0,80,80
27730,0.9333,14,15
27731,0.8529,29,34
27732,0.875,7,8
27733,0.8889,16,18
27734,0.5309,43,81
27735,0.9091,10,11
27736,0.6667,4,6
27737,1.0,2,2
27738,0.6667,2,3
27739,1.0,12,12
27740,0.5714,16,28
27741,0.8704,47,54
27742,0.4426,27,61
27743,0.45,9,20
27744,0.8085,38,47
27745,0.1667,1,6
27746,0.8421,16,19
27747,0.6818,15,22
27748,0.7647,13,17
27749,0.515,103,200
27751,0.7143,10,14
27752,0.6316,24,38
27753,0.875,21,24
27754,0.4667,7,15
27755,0.875,63,72
27756,0.5,8,16
27757,0.7143,5,7
27758,0.7826,18,23
27759,0.4466,46,103
27760,0.3333,3,9
27761,0.0,0,2
27762,0.6596,31,47
27763,0.1429,1,7
27764,0.3766,29,77
27765,0.875,49,56
27766,1.0,4,4
27767,0.8125,13,16
27768,0.8571,6,7
27769,0.9655,28,29
27770,0.8333,5,6
27771,1.0,4,4
27772,0.875,14,16
27773,1.0,39,39
27774,0.9286,13,14
27775,0.28,7,25
27776,0.6667,2,3
27777,0.9412,16,17
27778,0.9167,33,36
27779,0.6,3,5
27780,0.25,5,20
27781,0.45,9,20
27782,0.4118,28,68
27783,0.2472,66,267
27784,0.2576,17,66
27785,0.5238,11,21
27786,0.7143,5,7
27787,0.7,14,20
27788,0.2346,19,81
27789,0.5,2,4
27790,0.8125,13,16
27791,0.7021,33,47
27792,0.8333,5,6
27793,1.0,7,7
27794,0.625,5,8
27795,0.3946,58,147
27796,0.3667,22,60
27797,0.75,3,4
27798,0.7778,14,18
27799,0.6585,27,41
27800,0.525,21,40
27801,1.0,1,1
27802,0.6013,92,153
27803,0.68,17,25
27804,0.0,0,2
27805,0.45,9,20
27806,0.8333,5,6
27807,0.5476,23,42
27808,0.7143,10,14
27809,0.623,38,61
27810,0.5595,94,168
27811,0.5405,60,111
27812,0.3889,7,18
27813,0.6471,22,34
27814,0.4583,11,24
27815,1.0,4,4
27816,0.8438,27,32
27817,0.8571,6,7
27818,0.8,8,10
27819,0.5714,8,14
27820,0.7368,28,38
27821,0.6286,22,35
27822,0.2885,30,104
27823,0.5769,15,26
27824,0.6364,7,11
27825,0.5093,109,214
27826,0.9091,10,11
27827,0.8302,44,53
27828,0.875,7,8
27829,0.5794,73,126
27830,1.0,6,6
27831,0.375,9,24
27832,0.6207,36,58
27833,0.6383,30,47
27834,1.0,16,16
27835,0.4,2,5
27836,0.4464,25,56
27837,0.5714,20,35
27838,0.9254,62,67
27839,0.5217,24,46
27840,1.0,4,4
27841,0.8,16,20
27842,0.7429,26,35
27843,0.7826,18,23
27844,0.8148,22,27
27845,0.5238,11,21
27846,0.6438,47,73
27847,0.8235,14,17
27848,0.9722,35,36
27849,0.2778,10,36
27850,0.8333,5,6
27851,0.6957,16,23
27852,0.6667,8,12
27853,0.3208,34,106
27854,0.4787,90,188
27855,0.4921,31,63
27856,0.1667,1,6
27857,0.6761,48,71
27858,0.4,2,5
27859,1.0,4,4
27860,1.0,23,23
27861,0.4344,53,122
27862,0.4,4,10
27863,0.6667,6,9
27864,0.8,16,20
27865,0.5,11,22
27866,0.6286,22,35
27867,0.5283,56,106
27868,0.5652,13,23
27869,0.6333,19,30
27870,0.375,3,8
27871,0.5185,28,54
27872,0.3333,8,24
27873,0.902,46,51
27874,0.2466,18,73
27875,0.8636,19,22
27876,0.1562,5,32
27877,0.4286,3,7
27878,0.2171,28,129
27879,0.4286,3,7
27880,0.9,9,10
27881,0.3333,2,6
27882,0.9565,22,23
27883,0.5,2,4
27884,0.5,4,8
27885,0.8889,16,18
27886,0.424,53,125
27887,0.6,12,20
27888,0.697,46,66
27889,0.8,16,20
27890,0.7059,12,17
27891,0.875,7,8
27892,0.6923,18,26
27893,0.8889,16,18
27894,0.3761,85,226
27895,0.3333,2,6
27896,1.0,5,5
27897,0.6441,38,59
27898,0.537,58,108
27899,0.3659,45,123
27900,0.481,38,79
27901,0.5,13,26
27902,0.6522,45,69
27903,0.3333,16,48
27904,0.7143,10,14
27905,0.4286,27,63
27906,0.6154,8,13
27907,0.5,3,6
27908,0.25,1,4
27909,1.0,7,7
27910,0.5738,35,61
27911,0.7,7,10
27912,0.7767,80,103
27913,0.6364,14,22
27914,0.4167,5,12
27915,0.2917,7,24
27916,0.7826,18,23
27917,0.5714,20,35
27918,0.5,11,22
27919,0.8333,20,24
27920,0.7143,10,14
27921,0.8333,20,24
27922,0.8636,19,22
27923,1.0,7,7
27924,0.6667,2,3
27925,0.875,7,8
27926,0.7436,29,39
27927,0.2727,18,66
27928,0.8333,5,6
27929,0.9286,13,14
27930,0.7273,8,11
27931,1.0,3,3
27932,0.875,7,8
27933,0.2143,6,28
27934,0.5472,58,106
27935,0.8667,13,15
27936,0.5,1,2
27937,0.483,71,147
27938,1.0,2,2
27939,0.5303,35,66
27940,0.7805,32,41
27941,0.6,3,5
27942,0.5874,84,143
27943,0.7297,27,37
27944,0.3483,31,89
27945,0.0,0,1
27946,0.6508,82,126
27947,0.9375,15,16
27948,0.4032,25,62
27949,0.6621,96,145
27950,0.75,18,24
27951,0.9333,14,15
27952,0.7121,47,66
27953,0.2222,2,9
27954,0.6111,11,18
27955,0.6316,12,19
27956,0.4074,11,27
27957,0.7838,29,37
27958,1.0,4,4
27959,1.0,2,2
27960,0.8182,9,11
27961,0.0759,6,79
27962,0.5833,28,48
27963,0.6034,35,58
27964,0.7917,19,24
27965,0.8,8,10
27966,0.6842,26,38
27967,0.8056,29,36
27968,0.7857,33,42
27969,0.4561,26,57
27970,0.0,0,2
27971,0.875,28,32
27972,0.7333,22,30
27973,0.6667,4,6
27974,0.7429,26,35
27975,0.6667,2,3
27976,0.4286,3,7
27977,0.7,7,10
27978,0.6341,26,41
27979,0.9545,42,44
27980,0.7273,16,22
27981,0.5,3,6
27982,0.6364,7,11
27983,1.0,18,18
27984,0.7742,24,31
27985,0.75,6,8
27986,0.6049,49,81
27987,1.0,1,1
27988,0.9333,14,15
27989,0.6897,20,29
27990,0.6176,63,102
27991,0.5738,35,61
27992,1.0,2,2
27993,0.5156,33,64
27994,0.8,8,10
27995,0.4348,10,23
27996,1.0,4,4
27997,0.7941,27,34
27998,0.6176,21,34
27999,0.5714,36,63
28000,0.5517,16,29
28001,0.4839,30,62
28002,1.0,16,16
28003,0.6667,14,21
28004,0.9231,12,13
28005,0.7692,10,13
28006,0.4737,9,19
28007,0.8333,5,6
28008,0.5556,5,9
28009,0.6667,4,6
28010,0.4,2,5
28011,0.4444,12,27
28012,0.5126,61,119
28013,0.7273,8,11
28014,1.0,8,8
28015,1.0,1,1
28016,0.7692,10,13
28017,0.5327,57,107
28018,0.8966,26,29
28019,0.7802,71,91
28020,0.3,3,10
28021,0.3243,12,37
28022,0.9459,35,37
28023,0.3568,71,199
28024,1.0,2,2
28025,0.8,4,5
28026,0.5,1,2
28027,0.6571,23,35
28028,0.5714,16,28
28029,0.6176,21,34
28030,0.875,35,40
28031,0.8889,8,9
28032,0.5161,32,62
28033,0.5147,35,68
28034,1.0,8,8
28035,0.5,88,176
28036,0.7407,20,27
28037,0.7436,29,39
28038,0.7619,16,21
28039,0.4444,20,45
28040,0.4091,9,22
28041,0.6538,34,52
28042,0.3833,23,60
28043,0.4138,12,29
28044,0.3878,38,98
28045,0.8108,60,74
28046,0.7273,40,55
28047,0.6667,6,9
28048,0.5152,34,66
28049,0.1812,29,160
28050,0.5,7,14
28051,0.4078,42,103
28052,0.95,76,80
28053,0.75,3,4
28054,0.5385,7,13
28055,0.6017,71,118
28056,0.3333,4,12
28057,1.0,5,5
28058,0.7812,25,32
28059,0.4762,10,21
28060,0.8768,121,138
28061,0.2361,17,72
28062,0.725,29,40
28063,0.8,4,5
28064,0.875,7,8
28065,0.554,77,139
28066,0.6667,6,9
28067,0.6667,6,9
28068,1.0,5,5
28069,0.8367,41,49
28070,0.3929,11,28
28071,0.8519,23,27
28072,0.4516,14,31
28073,0.4286,3,7
28074,0.9474,18,19
28075,0.25,1,4
28076,0.8214,23,28
28077,1.0,4,4
28078,0.4545,10,22
28079,0.5417,13,24
28080,1.0,7,7
28081,0.4247,31,73
28082,0.4516,28,62
28083,0.4646,59,127
28084,1.0,9,9
28085,0.75,3,4
28086,0.8411,90,107
28087,0.25,1,4
28088,1.0,3,3
28089,0.8,4,5
28090,0.0667,4,60
28091,0.3226,10,31
28092,0.4154,27,65
28093,0.9091,10,11
28094,0.7381,31,42
28095,0.7632,29,38
28096,0.0714,1,14
28097,0.875,7,8
28098,0.9231,12,13
28099,0.6667,30,45
28100,0.8846,23,26
28101,0.4118,7,17
28102,0.9231,12,13
28103,0.8,4,5
28104,0.8209,55,67
28105,0.55,11,20
28106,0.9375,30,32
28107,0.697,23,33
28108,0.7727,17,22
28109,0.7097,22,31
28110,1.0,7,7
28111,0.418,51,122
28112,0.9062,29,32
28113,0.35,7,20
28114,0.5122,21,41
28115,0.85,17,20
28116,0.5735,39,68
28117,0.6667,2,3
28118,1.0,2,2
28119,0.6667,4,6
28120,0.75,3,4
28121,0.8704,47,54
28122,0.2424,8,33
28123,0.2308,9,39
28124,0.8889,16,18
28125,0.5429,38,70
28126,0.3415,14,41
28127,0.5,3,6
28128,0.381,8,21
28129,0.9,9,10
28130,0.4545,20,44
28131,1.0,1,1
28132,0.875,7,8
28133,0.3976,33,83
28134,1.0,3,3
28135,0.5256,41,78
28136,0.3778,17,45
28137,0.8182,9,11
28138,0.2727,6,22
28139,0.3333,1,3
28140,0.6667,6,9
28141,0.8333,5,6
28142,0.36,36,100
28143,0.4146,17,41
28144,0.7273,8,11
28145,0.7315,79,108
28146,1.0,3,3
28147,0.9167,11,12
28148,0.5672,38,67
28149,0.9286,13,14
28150,1.0,8,8
28151,0.48,12,25
28152,0.5,15,30
28153,0.0,0,4
28154,0.5,31,62
28155,0.7843,40,51
28156,0.8095,17,21
28157,0.3704,10,27
28158,0.6129,19,31
28159,0.9091,40,44
28160,1.0,4,4
28161,0.4907,53,108
28162,0.2766,26,94
28163,0.6977,30,43
28164,0.6441,38,59
28165,0.8095,17,21
28166,0.7333,11,15
28167,0.2,1,5
28168,0.5385,7,13
28169,0.5714,4,7
28170,0.4872,19,39
28171,0.8333,20,24
28172,0.5,1,2
28173,0.7031,45,64
28174,0.4667,21,45
28175,0.5526,21,38
28176,0.9683,61,63
28177,0.7083,17,24
28178,0.0,0,4
28179,0.7273,24,33
28180,0.5208,25,48
28182,0.614,70,114
28183,0.7952,66,83
28184,0.8636,19,22
28185,0.6552,19,29
28186,0.3707,43,116
28187,0.7419,23,31
28188,0.8485,28,33
28189,0.8,4,5
28190,1.0,5,5
28191,0.8174,94,115
28192,0.8667,39,45
28193,0.8333,5,6
28194,0.4815,13,27
28195,0.375,60,160
28196,0.6087,14,23
28197,0.5185,14,27
28198,0.8889,8,9
28199,0.4667,14,30
28200,0.6,3,5
28201,0.3333,7,21
28202,0.8824,15,17
28203,0.7,21,30
28204,0.3448,10,29
28205,0.5705,85,149
28206,0.4103,16,39
28207,0.7255,37,51
28208,0.5909,26,44
28209,0.5882,20,34
28210,0.6667,4,6
28211,0.7143,5,7
28212,0.75,6,8
28213,0.2609,6,23
28214,1.0,15,15
28215,0.4167,5,12
28216,0.92,23,25
28217,0.875,7,8
28218,0.0,0,2
28219,0.8,4,5
28220,0.6154,32,52
28221,1.0,16,16
28222,0.6639,81,122
28223,0.7692,20,26
28224,0.6842,13,19
28225,0.537,58,108
28226,0.5417,13,24
28227,0.4792,46,96
28228,0.5882,20,34
28229,1.0,16,16
28230,0.6,6,10
28231,0.5909,26,44
28232,0.7925,42,53
28233,0.8889,8,9
28234,0.2105,16,76
28235,0.2713,35,129
28236,0.8,4,5
28237,0.4667,14,30
28238,0.5385,28,52
28239,0.4,54,135
28240,0.7273,8,11
28241,0.3077,4,13
28242,0.9231,12,13
28243,0.493,35,71
28244,0.68,17,25
28245,0.8276,24,29
28246,0.3714,13,35
28247,0.3333,1,3
28248,0.4853,66,136
28249,0.8182,27,33
28250,0.65,13,20
28251,0.6047,26,43
28252,0.6,3,5
28253,0.5517,16,29
28254,0.4545,20,44
28255,0.7857,11,14
28256,0.9385,61,65
28257,0.7442,32,43
28258,0.3333,1,3
28259,1.0,5,5
28260,1.0,31,31
28261,0.4355,27,62
28262,0.3721,16,43
28263,0.0,0,40
28264,0.4318,19,44
28265,0.125,1,8
28266,0.9,9,10
28267,0.7255,37,51
28268,1.0,1,1
28269,0.7778,7,9
28270,1.0,6,6
28271,0.9524,20,21
28272,0.8571,24,28
28273,0.875,7,8
28274,0.5,9,18
28275,0.9444,17,18
28276,0.875,35,40
28277,0.5128,20,39
28278,0.75,3,4
28279,0.907,39,43
28280,0.8649,32,37
28281,0.9333,14,15
28282,0.8462,11,13
28283,0.5135,38,74
28284,0.7391,17,23
28285,0.875,14,16
28286,0.4615,6,13
28287,0.6387,76,119
28288,1.0,7,7
28289,0.5472,29,53
28290,0.7742,24,31
28291,0.625,15,24
28292,0.4737,27,57
28293,0.5091,28,55
28294,0.9091,10,11
28295,0.9398,78,83
28296,0.6667,2,3
28297,0.8077,21,26
28298,0.3619,38,105
28299,0.5798,69,119
28300,0.5217,12,23
28301,0.4054,15,37
28302,0.35,7,20
28303,0.2333,7,30
28304,0.3261,30,92
28305,1.0,1,1
28306,0.9302,40,43
28307,0.875,21,24
28308,0.25,5,20
28309,1.0,3,3
28310,0.6667,6,9
28311,0.44,33,75
28312,0.803,53,66
28313,0.9333,14,15
28314,0.4467,67,150
28315,0.5625,18,32
28316,0.3611,13,36
28317,0.7333,11,15
28318,0.6129,19,31
28319,0.5926,16,27
28320,0.6,3,5
28321,0.6667,2,3
28322,1.0,5,5
28323,0.375,9,24
28324,0.75,3,4
28325,0.6667,10,15
28326,0.9268,38,41
28327,0.8889,8,9
28328,0.5833,35,60
28329,0.6875,33,48
28330,0.2462,16,65
28331,0.6842,39,57
28332,0.5625,9,16
28333,0.4254,57,134
28334,1.0,4,4
28335,0.6774,21,31
28336,0.5714,4,7
28337,1.0,3,3
28338,1.0,44,44
28339,0.5309,43,81
28340,0.4524,76,168
28341,1.0,29,29
28342,0.8889,16,18
28343,0.5455,18,33
28344,0.6842,13,19
28345,0.3333,2,6
28346,0.7857,11,14
28347,1.0,2,2
28348,0.8333,5,6
28349,0.3788,25,66
28350,0.3333,1,3
28351,0.9091,20,22
28352,0.44,22,50
28353,0.25,2,8
28354,0.9697,32,33
28355,0.9167,11,12
28356,0.4056,58,143
28357,0.5758,19,33
28358,0.6296,17,27
28359,0.3505,34,97
28360,0.8276,48,58
28361,0.84,42,50
28362,0.6667,10,15
28363,0.6829,28,41
28364,0.0,0,1
28365,0.6842,13,19
28366,0.3889,14,36
28367,1.0,2,2
28368,0.6667,8,12
28369,1.0,5,5
28370,0.3233,43,133
28371,0.5,1,2
28372,0.8065,25,31
28373,0.2174,15,69
28374,1.0,14,14
28375,0.9459,35,37
28376,0.7778,7,9
28377,0.7879,26,33
28378,0.4286,3,7
28379,0.3562,26,73
28380,0.6316,24,38
28381,0.6349,40,63
28382,0.4615,6,13
28383,0.4062,26,64
28384,0.8421,32,38
28385,0.75,9,12
28386,0.5082,31,61
28387,0.0,0,7
28388,0.5909,65,110
28389,0.5,2,4
28390,0.6111,11,18
28391,0.8571,36,42
28392,0.6667,2,3
28393,0.6477,57,88
28394,0.431,25,58
28395,0.6364,7,11
28396,0.6,3,5
28397,0.4706,8,17
28398,0.338,73,216
28399,0.375,6,16
28400,0.4684,37,79
28401,0.7727,17,22
28402,1.0,1,1
28403,0.7143,5,7
28404,0.5312,17,32
28405,0.5,5,10
28406,0.3252,40,123
28407,0.575,46,80
28408,0.36,9,25
28409,0.4211,8,19
28410,0.875,7,8
28411,0.447,59,132
28412,0.75,3,4
28413,0.697,23,33
28414,0.6667,4,6
28415,0.8333,10,12
28416,0.6316,12,19
28417,0.6,6,10
28418,0.6538,34,52
28419,0.4,6,15
28420,0.25,1,4
28421,0.8333,40,48
28422,0.75,6,8
28423,0.7429,52,70
28424,0.8182,9,11
28425,0.3375,27,80
28426,0.8788,29,33
28427,0.6923,81,117
28428,0.8222,37,45
28429,0.7442,32,43
28430,1.0,27,27
28431,0.5,3,6
28432,0.2941,10,34
28433,0.5,3,6
28434,0.6667,8,12
28435,0.4706,16,34
28436,0.6415,34,53
28437,0.4,12,30
28438,0.6667,2,3
28439,0.625,5,8
28440,0.8333,50,60
28441,1.0,2,2
28442,0.7,14,20
28443,0.8125,78,96
28444,0.625,10,16
28445,0.7179,28,39
28446,0.8,28,35
28447,0.5543,51,92
28448,0.6667,8,12
28449,0.7265,85,117
28450,1.0,23,23
28451,0.75,3,4
28452,0.9375,15,16
28453,0.6,3,5
28454,0.5333,8,15
28455,0.6136,27,44
28456,0.425,51,120
28457,0.92,23,25
28458,0.6275,32,51
28459,0.2769,18,65
28461,0.6429,9,14
28462,0.8077,21,26
28463,1.0,7,7
28464,0.6,9,15
28465,0.7931,23,29
28466,0.4731,79,167
28467,0.6716,90,134
28468,0.1429,1,7
28469,0.9524,20,21
28470,0.7647,13,17
28471,0.6176,21,34
28472,0.4,2,5
28473,0.6,3,5
28474,1.0,6,6
28475,0.92,23,25
28476,1.0,2,2
28477,0.2574,35,136
28478,0.5,26,52
28479,1.0,9,9
28480,0.7692,10,13
28481,0.8462,22,26
28482,0.5,16,32
28483,0.8,4,5
28484,0.8333,5,6
28485,0.7917,19,24
28486,0.9524,20,21
28487,0.4444,4,9
28488,0.8824,15,17
28489,0.4595,17,37
28490,0.8919,33,37
28491,0.6,3,5
28492,0.4444,8,18
28493,0.7778,7,9
28494,0.9412,16,17
28495,0.25,2,8
28496,0.4444,8,18
28497,0.28,7,25
28498,0.32,8,25
28499,0.6765,23,34
28500,1.0,3,3
28501,0.9444,17,18
28502,0.6,3,5
28503,0.5,2,4
28504,0.9167,22,24
28505,0.6364,28,44
28506,0.8,4,5
28507,0.6515,43,66
28508,0.5385,7,13
28509,0.8889,96,108
28510,0.8889,24,27
28511,1.0,14,14
28512,0.6354,61,96
28513,0.7143,15,21
28514,0.9231,12,13
28515,0.8333,5,6
28516,0.7857,33,42
28517,0.8889,8,9
28518,0.5,5,10
28519,0.5897,23,39
28520,0.5714,4,7
28521,0.3438,11,32
28522,0.4737,18,38
28523,0.9333,14,15
28524,0.5882,20,34
28525,0.4444,4,9
28526,0.6667,24,36
28527,0.6087,14,23
28528,1.0,10,10
28529,0.2273,30,132
28530,0.5333,16,30
28531,0.6667,8,12
28532,0.9091,10,11
28533,1.0,8,8
28534,0.8333,10,12
28535,0.8,4,5
28536,0.5,15,30
28537,0.5455,18,33
28538,0.4286,12,28
28539,0.7083,34,48
28540,0.6923,9,13
28541,0.6353,108,170
28542,0.7895,15,19
28543,0.7778,14,18
28544,0.6042,58,96
28545,0.5238,11,21
28546,0.7424,49,66
28547,0.8358,56,67
28548,0.75,21,28
28549,0.2805,23,82
28550,0.7273,16,22
28551,0.0,0,2
28552,0.6667,12,18
28553,0.75,21,28
28554,0.5385,14,26
28555,0.75,9,12
28556,0.6,12,20
28557,0.65,13,20
28558,0.5405,20,37
28559,1.0,15,15
28560,0.9355,29,31
28561,0.7895,15,19
28562,0.62,93,150
28563,0.2258,14,62
28564,0.4144,46,111
28565,0.6304,29,46
28566,0.9,9,10
28567,0.9333,14,15
28568,0.8571,6,7
28569,0.4425,100,226
28570,0.4,28,70
28571,0.96,24,25
28572,0.6923,9,13
28573,0.8,4,5
28574,0.5,5,10
28575,0.5,3,6
28576,0.5238,11,21
28577,0.8621,25,29
28578,0.6944,25,36
28579,0.4091,9,22
28580,0.3333,3,9
28581,0.4242,14,33
28582,0.8475,50,59
28583,0.75,18,24
28584,0.1667,3,18
28585,0.8696,20,23
28586,0.7634,71,93
28587,0.5882,10,17
28588,0.6875,22,32
28589,0.6429,9,14
28590,0.7143,10,14
28591,0.8571,18,21
28592,0.3947,15,38
28593,1.0,3,3
28594,1.0,14,14
28595,0.4,2,5
28596,1.0,8,8
28597,1.0,3,3
28598,0.4706,56,119
28599,0.84,21,25
28600,0.8889,8,9
28601,0.8571,6,7
28602,0.881,37,42
28603,0.8421,32,38
28604,0.2353,4,17
28605,0.9167,11,12
28606,1.0,14,14
28607,1.0,3,3
28609,0.7041,69,98
28610,0.7619,16,21
28611,0.7429,130,175
28612,0.8095,17,21
28613,0.5029,88,175
28614,0.75,3,4
28615,0.5278,19,36
28616,0.7692,60,78
28617,0.427,38,89
28618,0.7551,74,98
28619,0.6786,38,56
28620,0.2167,13,60
28621,0.5172,15,29
28622,0.6429,9,14
28623,0.7,7,10
28625,0.7455,41,55
28626,0.6667,2,3
28627,0.6364,28,44
28628,0.0926,5,54
28629,0.5802,47,81
28630,0.525,63,120
28631,0.6667,6,9
28632,0.72,18,25
28633,0.8889,8,9
28634,0.1538,10,65
28635,0.9667,29,30
28636,0.5128,20,39
28637,0.6136,27,44
28638,0.4598,40,87
28639,0.65,13,20
28640,0.5455,6,11
28641,0.72,18,25
28642,1.0,3,3
28643,0.25,1,4
28644,1.0,4,4
28645,0.5634,40,71
28646,0.7143,5,7
28647,0.8485,28,33
28648,0.8286,29,35
28649,0.6767,90,133
28650,0.7778,7,9
28651,0.6954,137,197
28652,0.25,6,24
28653,0.7188,23,32
28654,0.375,3,8
28655,0.5,5,10
28656,0.75,6,8
28657,0.6634,136,205
28658,1.0,3,3
28659,0.7846,51,65
28660,0.6534,115,176
28661,0.6,6,10
28662,0.3636,8,22
28663,0.3333,1,3
28664,1.0,4,4
28665,0.8235,14,17
28666,0.6607,37,56
28667,0.5529,47,85
28668,0.75,6,8
28669,0.0,0,4
28670,0.6923,9,13
28671,0.6842,13,19
28672,0.5238,11,21
28673,0.5862,34,58
28674,0.9231,24,26
28675,0.7727,17,22
28676,0.4536,44,97
28677,0.9,9,10
28678,0.5581,24,43
28679,0.0909,1,11
28680,0.1,1,10
28681,0.4894,23,47
28682,0.4207,61,145
28683,0.5,4,8
28684,0.7222,13,18
28685,0.493,35,71
28686,0.0,0,1
28687,0.52,13,25
28688,0.6783,78,115
28689,0.0,0,4
28690,0.9091,10,11
28691,0.6,3,5
28692,0.7333,11,15
28693,0.5,1,2
28694,1.0,3,3
28695,0.75,15,20
28696,0.8571,12,14
28697,0.8889,16,18
28698,1.0,5,5
28699,0.4783,22,46
28700,1.0,2,2
28701,0.5429,19,35
28702,0.5755,80,139
28703,0.8387,26,31
28704,0.75,6,8
28705,1.0,4,4
28706,0.9375,30,32
28707,0.2667,4,15
28708,0.4211,24,57
28709,0.6008,155,258
28710,0.9286,13,14
28711,0.7407,40,54
28712,0.0,0,1
28713,1.0,3,3
28714,0.6933,52,75
28715,0.5,4,8
28716,0.0762,8,105
28717,1.0,8,8
28718,1.0,4,4
28719,0.3333,9,27
28720,0.3409,15,44
28721,0.5111,23,45
28722,0.5385,7,13
28723,0.6667,14,21
28724,0.6696,77,115
28725,0.5758,38,66
28726,0.2941,5,17
28727,0.6667,16,24
28728,0.4706,8,17
28729,0.4286,3,7
28730,0.6316,24,38
28731,0.3962,21,53
28732,1.0,9,9
28733,0.5,3,6
28734,1.0,4,4
28735,0.9767,42,43
28736,0.8333,5,6
28737,0.4828,14,29
28738,0.4167,10,24
28739,0.4,4,10
28740,0.8,12,15
28741,0.6,3,5
28742,0.8837,38,43
28743,0.8,8,10
28744,0.5065,78,154
28745,0.7895,15,19
28746,1.0,7,7
28747,0.5588,19,34
28748,0.6341,78,123
28749,0.5,16,32
28750,0.7778,7,9
28751,0.5897,23,39
28752,0.7143,20,28
28753,0.5,2,4
28754,0.9615,25,26
28755,0.7,7,10
28756,0.3821,47,123
28757,0.51,51,100
28758,0.3482,39,112
28759,0.6667,2,3
28760,0.4643,26,56
28761,0.3621,21,58
28762,0.5,1,2
28763,0.75,18,24
28764,0.45,45,100
28765,0.5,6,12
28766,0.28,7,25
28767,1.0,5,5
28768,0.8667,13,15
28769,1.0,4,4
28770,0.4565,21,46
28771,0.4598,80,174
28772,0.6667,2,3
28773,0.875,7,8
28774,0.7778,14,18
28775,0.2308,9,39
28776,0.6818,15,22
28777,0.5714,4,7
28778,0.8571,36,42
28779,0.4103,16,39
28780,0.7111,32,45
28781,0.641,25,39
28782,0.4691,38,81
28783,0.5854,24,41
28784,0.0,0,7
28785,0.9231,12,13
28786,0.5645,35,62
28787,0.7,21,30
28788,0.3214,9,28
28789,0.5385,70,130
28790,0.7419,23,31
28791,0.5,12,24
28792,0.4624,43,93
28793,0.7407,40,54
28794,0.4,4,10
28796,1.0,3,3
28797,0.45,27,60
28798,0.3913,9,23
28799,0.1429,18,126
28800,1.0,6,6
28801,1.0,8,8
28802,0.8182,27,33
28803,0.5789,22,38
28804,0.913,42,46
28805,0.5104,49,96
28806,0.7561,31,41
28807,0.6667,4,6
28808,0.7333,11,15
28809,0.619,13,21
28810,0.9524,20,21
28811,0.6552,38,58
28812,0.9342,71,76
28813,0.1646,13,79
28814,0.3333,17,51
28815,0.7551,37,49
28816,0.6,3,5
28817,0.625,30,48
28818,0.8,24,30
28819,0.75,9,12
28821,1.0,9,9
28822,1.0,3,3
28823,0.7143,10,14
28824,1.0,5,5
28825,0.5,14,28
28826,0.6744,29,43
28827,0.4444,16,36
28828,0.5714,12,21
28829,0.9,18,20
28830,0.6313,113,179
28831,0.5895,56,95
28832,0.5,1,2
28833,0.2459,15,61
28834,0.3333,11,33
28835,0.6,3,5
28836,0.7692,10,13
28837,0.4203,29,69
28838,0.7083,17,24
28839,0.6296,17,27
28840,0.8462,22,26
28841,0.8889,8,9
28842,0.7222,26,36
28843,1.0,14,14
28844,0.5,3,6
28845,0.6111,22,36
28846,1.0,13,13
28847,0.6444,29,45
28848,0.7692,10,13
28849,0.6667,10,15
28850,0.4865,18,37
28851,0.75,27,36
28852,0.5556,50,90
28853,0.8529,29,34
28854,0.6429,18,28
28855,0.6471,33,51
28856,0.2966,35,118
28857,0.7297,27,37
28858,0.5538,36,65
28859,0.56,14,25
28860,0.9175,89,97
28861,0.274,20,73
28862,0.4231,11,26
28863,0.8182,9,11
28864,0.32,24,75
28865,0.8,4,5
28866,0.4091,72,176
28867,0.75,3,4
28868,0.5333,16,30
28869,0.3333,1,3
28870,0.5,14,28
28871,0.5,3,6
28872,0.8148,22,27
28873,1.0,4,4
28874,0.7442,32,43
28875,0.7,14,20
28876,0.5814,25,43
28877,0.4583,11,24
28878,0.2667,16,60
28879,0.4892,68,139
28880,1.0,12,12
28881,0.625,5,8
28882,0.4,4,10
28883,0.5652,13,23
28884,0.5217,12,23
28885,0.5778,26,45
28886,0.75,9,12
28887,0.7794,53,68
28888,0.2,1,5
28889,0.5238,11,21
28890,0.5893,33,56
28891,0.4,2,5
28892,0.8312,64,77
28893,0.6667,6,9
28894,0.662,141,213
28895,0.9167,11,12
28896,0.6176,42,68
28897,0.6667,26,39
28898,0.7,28,40
28899,0.6923,27,39
28900,0.4783,11,23
28901,0.6,3,5
28902,0.4342,33,76
28903,0.8,4,5
28904,0.75,33,44
28905,0.3333,2,6
28906,0.7128,67,94
28907,0.75,9,12
28908,1.0,5,5
28909,0.5,13,26
28910,0.6087,28,46
28911,0.5,2,4
28912,0.4219,54,128
28913,0.376,47,125
28914,1.0,1,1
28915,0.6429,18,28
28916,0.6304,58,92
28917,0.5294,9,17
28918,0.3684,14,38
28919,0.8824,15,17
28920,0.3367,67,199
28921,0.9565,22,23
28922,0.9231,12,13
28923,0.7755,38,49
28924,0.8824,15,17
28925,0.6885,126,183
28926,1.0,3,3
28927,1.0,5,5
28928,0.3846,5,13
28929,1.0,9,9
28930,0.74,37,50
28931,0.7143,5,7
28932,0.6136,27,44
28933,0.5833,56,96
28934,0.5,2,4
28935,1.0,6,6
28936,0.6,12,20
28937,0.2857,4,14
28938,0.6162,61,99
28939,0.6,3,5
28940,0.8205,32,39
28941,0.4545,15,33
28942,0.8889,8,9
28943,0.9697,32,33
28944,0.8148,22,27
28945,0.8571,12,14
28946,0.4694,23,49
28947,0.4,18,45
28948,0.2381,5,21
28949,0.6129,19,31
28950,0.6667,2,3
28951,0.7647,13,17
28952,0.4444,4,9
28953,0.4706,32,68
28954,0.7742,48,62
28955,0.3864,17,44
28956,0.6064,57,94
28957,0.6061,20,33
28958,1.0,4,4
28959,0.7273,8,11
28960,0.5854,24,41
28962,0.5806,18,31
28963,0.6765,69,102
28964,0.6667,2,3
28965,1.0,7,7
28966,0.7619,16,21
28967,0.2222,4,18
28968,0.2963,8,27
28969,0.4694,23,49
28970,0.609,81,133
28971,0.447,59,132
28972,0.8286,29,35
28973,0.4815,13,27
28974,0.375,9,24
28975,0.6379,37,58
28976,0.6636,73,110
28977,0.6571,23,35
28978,0.5,8,16
28979,0.1667,1,6
28980,0.5,15,30
28981,0.4615,6,13
28982,0.619,65,105
28983,0.3721,16,43
28984,0.4412,15,34
28985,0.8158,31,38
28986,0.5789,22,38
28987,0.6562,21,32
28988,0.6667,4,6
28989,1.0,8,8
28990,0.45,9,20
28991,0.5185,14,27
28992,0.0,0,5
28993,0.5306,26,49
28994,0.25,3,12
28995,0.8571,6,7
28996,0.75,9,12
28997,1.0,13,13
28999,0.15,3,20
29000,0.8605,37,43
29001,0.2049,25,122
29002,0.5,2,4
29003,0.9474,18,19
29004,0.6429,36,56
29005,0.5652,26,46
29006,0.4706,24,51
29007,0.7143,5,7
29008,0.5789,11,19
29009,0.1818,4,22
29010,0.5294,9,17
29011,0.9333,14,15
29012,0.9286,13,14
29013,0.5741,31,54
29014,0.4762,30,63
29015,0.5333,160,300
29016,0.4474,17,38
29017,1.0,5,5
29018,0.7857,33,42
29019,0.5294,45,85
29020,0.8276,24,29
29021,0.6304,29,46
29022,0.4404,96,218
29023,0.6857,24,35
29024,0.5172,30,58
29025,0.4324,16,37
29026,0.5,12,24
29027,0.125,1,8
29028,0.75,3,4
29029,0.3443,42,122
29030,0.5,1,2
29031,0.2857,4,14
29032,0.5714,4,7
29033,0.8333,10,12
29034,0.6667,4,6
29035,0.6889,62,90
29036,0.2727,3,11
29037,0.5479,143,261
29038,0.3333,2,6
29039,1.0,1,1
29040,0.8333,85,102
29041,0.2683,11,41
29042,0.6341,26,41
29043,0.8438,27,32
29044,0.5103,74,145
29045,0.2857,12,42
29046,0.7778,21,27
29047,0.537,58,108
29048,0.463,25,54
29049,0.56,28,50
29050,0.5085,30,59
29051,1.0,5,5
29052,0.6418,43,67
29053,0.5714,4,7
29054,0.4043,19,47
29055,0.4583,11,24
29056,0.6121,142,232
29057,0.5882,10,17
29058,0.9512,39,41
29059,0.9167,11,12
29060,0.619,13,21
29061,0.625,5,8
29062,0.7907,34,43
29063,0.4667,14,30
29064,0.7573,78,103
29065,0.3514,13,37
29066,0.2,2,10
29067,0.6667,2,3
29068,0.6327,31,49
29069,0.6929,185,267
29070,0.8909,49,55
29071,0.5821,39,67
29072,0.8667,13,15
29073,0.75,3,4
29074,0.5556,20,36
29075,0.1111,2,18
29076,0.4815,13,27
29077,0.75,3,4
29078,0.614,35,57
29079,1.0,3,3
29080,0.6818,15,22
29081,1.0,31,31
29082,0.3793,11,29
29083,0.7143,5,7
29084,0.4906,52,106
29085,0.5312,17,32
29086,1.0,9,9
29087,0.4211,24,57
29088,0.4828,28,58
29089,0.6364,7,11
29090,0.5833,35,60
29091,0.8333,5,6
29092,0.2,1,5
29093,0.8571,12,14
29094,0.56,14,25
29095,1.0,14,14
29096,0.2626,26,99
29097,0.4773,21,44
29098,0.9286,13,14
29099,0.8837,38,43
29100,0.3469,17,49
29101,0.7895,15,19
29102,1.0,1,1
29103,0.6667,40,60
29104,1.0,3,3
29105,0.8462,11,13
29106,0.35,7,20
29107,0.75,45,60
29108,0.9286,13,14
29109,1.0,5,5
29110,0.6744,29,43
29111,0.4595,17,37
29112,0.6222,28,45
29113,0.7188,46,64
29114,0.4,2,5
29115,0.3542,17,48
29116,0.7273,8,11
29117,0.5577,29,52
29118,0.3333,5,15
29119,0.4658,34,73
29120,0.4737,9,19
29121,0.5,1,2
29122,0.875,7,8
29123,0.25,1,4
29124,1.0,8,8
29125,0.8889,16,18
29126,0.4565,42,92
29127,0.6,9,15
29128,0.5,15,30
29129,0.8,16,20
29130,0.7143,20,28
29131,0.68,17,25
29132,0.3714,13,35
29133,0.8667,13,15
29134,0.5,2,4
29135,0.625,50,80
29136,0.5926,16,27
29137,0.75,12,16
29138,0.0,0,1
29139,0.7609,35,46
29140,0.4333,39,90
29141,0.5814,25,43
29142,0.2,1,5
29143,0.8929,25,28
29144,0.7143,5,7
29145,0.8889,8,9
29146,0.6957,16,23
29147,0.761,121,159
29148,0.9,27,30
29149,0.5,46,92
29150,0.8,36,45
29151,0.7903,49,62
29152,0.7895,15,19
29153,0.8333,10,12
29154,0.85,34,40
29155,0.7067,53,75
29156,0.451,23,51
29157,0.74,74,100
29158,1.0,7,7
29159,0.5319,25,47
29160,0.5872,64,109
29161,0.6316,12,19
29162,0.6667,4,6
29163,1.0,1,1
29164,0.3226,10,31
29165,0.8261,19,23
29166,0.3797,30,79
29167,0.0,0,1
29168,0.8889,16,18
29169,0.8571,6,7
29170,0.6566,65,99
29171,0.8333,20,24
29172,0.7308,19,26
29173,0.875,7,8
29174,0.6286,22,35
29175,0.5,4,8
29176,0.5224,35,67
29177,0.5,2,4
29178,0.75,3,4
29179,0.4583,11,24
29180,0.6522,45,69
29181,0.4667,7,15
29182,0.7632,29,38
29183,0.8444,38,45
29184,1.0,1,1
29185,0.9231,12,13
29186,0.6486,24,37
29187,0.7436,29,39
29188,0.75,3,4
29189,0.75,3,4
29190,0.8889,16,18
29191,1.0,4,4
29192,0.54,27,50
29193,0.3846,15,39
29194,0.4906,26,53
29195,0.8,24,30
29196,0.8,12,15
29197,0.1515,5,33
29198,0.6923,18,26
29199,0.6786,19,28
29200,0.4375,21,48
29201,0.4286,9,21
29202,0.5,2,4
29203,0.24,6,25
29204,0.6667,20,30
29205,0.6923,9,13
29206,0.2133,16,75
29207,0.64,32,50
29208,0.4615,6,13
29209,0.75,15,20
29210,0.5,11,22
29211,0.5139,37,72
29212,0.4444,4,9
29213,0.9524,20,21
29214,0.94,47,50
29215,0.5349,23,43
29216,0.7179,56,78
29217,0.9412,32,34
29218,0.75,87,116
29219,0.3939,13,33
29220,0.6389,23,36
29221,0.75,6,8
29222,0.7692,10,13
29223,0.9189,34,37
29224,0.3118,29,93
29225,0.7,7,10
29226,0.7019,73,104
29227,0.6,12,20
29228,0.4615,6,13
29229,0.6613,82,124
29230,0.55,11,20
29231,0.6667,20,30
29232,0.4615,6,13
29233,0.9091,10,11
29234,1.0,8,8
29235,0.4746,28,59
29236,0.2105,4,19
29237,0.9412,16,17
29238,0.5,3,6
29239,0.6364,28,44
29240,0.38,19,50
29241,0.5,1,2
29242,0.8333,5,6
29243,0.4545,15,33
29244,0.575,23,40
29245,0.45,9,20
29246,0.9,9,10
29247,0.5,2,4
29248,0.8308,54,65
29249,0.3714,39,105
29250,0.5181,43,83
29251,0.9,18,20
29252,0.7,14,20
29253,0.6458,31,48
29254,0.9545,21,22
29255,0.75,6,8
29256,0.7143,20,28
29257,0.5882,30,51
29258,0.5806,18,31
29259,0.08,10,125
29260,0.6842,26,38
29261,0.4874,58,119
29262,0.8077,21,26
29263,0.9057,48,53
29264,0.3636,8,22
29265,0.4737,9,19
29266,0.7692,10,13
29267,0.5926,16,27
29268,0.5104,49,96
29269,0.8,4,5
29270,0.92,23,25
29271,0.7647,13,17
29272,0.6977,30,43
29273,1.0,6,6
29274,0.1918,14,73
29275,0.6667,2,3
29276,0.5,2,4
29277,0.5556,5,9
29278,0.4286,3,7
29279,0.8235,14,17
29280,0.6944,50,72
29281,0.6465,64,99
29282,0.0,0,1
29283,1.0,14,14
29284,0.7692,10,13
29285,0.5625,9,16
29286,1.0,10,10
29287,0.642,52,81
29288,0.5,1,2
29289,0.3333,2,6
29290,0.5122,42,82
29291,0.2273,5,22
29292,0.6463,53,82
29293,0.875,7,8
29294,0.5816,57,98
29295,0.8571,12,14
29296,1.0,7,7
29297,1.0,9,9
29298,0.7143,15,21
29299,0.8125,13,16
29300,0.5238,11,21
29301,0.6923,9,13
29302,0.3158,6,19
29303,0.878,36,41
29304,0.9091,30,33
29305,0.3714,13,35
29306,0.9,9,10
29307,0.3929,33,84
29308,0.7778,35,45
29309,0.5294,18,34
29310,0.7049,129,183
29311,1.0,3,3
29312,0.6207,18,29
29313,0.4741,64,135
29314,0.7143,5,7
29315,0.7647,13,17
29316,0.6471,11,17
29317,0.9444,17,18
29318,0.5417,13,24
29319,0.6842,13,19
29320,0.4894,23,47
29321,0.625,5,8
29322,0.6418,43,67
29323,0.3974,31,78
29324,0.0,0,10
29325,0.75,6,8
29326,0.4737,9,19
29327,0.8,20,25
29328,0.7619,16,21
29329,0.8727,48,55
29330,0.5,3,6
29331,0.5156,33,64
29332,0.3723,35,94
29333,0.4489,79,176
29334,0.5364,81,151
29335,0.8387,26,31
29336,0.5385,21,39
29337,0.9091,20,22
29338,0.6,6,10
29339,0.5455,36,66
29340,1.0,4,4
29341,0.5323,33,62
29342,0.6346,33,52
29343,0.5728,59,103
29344,0.0,0,1
29345,0.3333,1,3
29346,0.5,3,6
29347,0.75,6,8
29348,1.0,1,1
29349,0.8889,8,9
29350,0.6571,23,35
29351,0.6471,11,17
29352,0.3704,10,27
29353,0.4767,41,86
29354,0.8571,12,14
29355,0.7273,8,11
29356,1.0,9,9
29357,0.6703,61,91
29358,0.5185,14,27
29359,0.45,9,20
29360,0.4865,18,37
29361,0.4923,32,65
29363,0.3953,51,129
29364,0.6667,4,6
29365,0.8,8,10
29366,1.0,2,2
29367,0.5333,8,15
29368,0.747,62,83
29369,0.7333,11,15
29370,1.0,7,7
29371,0.7,21,30
29372,0.3913,9,23
29373,0.2727,21,77
29374,0.1986,28,141
29375,0.6667,82,123
29376,0.6538,17,26
29377,0.55,55,100
29378,0.5517,16,29
29379,0.6087,14,23
29380,1.0,6,6
29381,1.0,9,9
29382,0.2,1,5
29383,0.9,18,20
29384,1.0,2,2
29385,0.8,12,15
29386,0.6667,6,9
29387,1.0,8,8
29388,0.5556,5,9
29389,0.3,3,10
29390,0.617,29,47
29391,0.6585,54,82
29392,0.6154,16,26
29393,0.5217,12,23
29394,1.0,1,1
29395,0.72,18,25
29396,0.8333,15,18
29397,0.6087,14,23
29398,0.2451,62,253
29399,0.7097,22,31
29400,0.5,1,2
29401,0.5294,18,34
29402,0.4,4,10
29403,0.9,9,10
29404,0.8333,10,12
29405,0.5493,39,71
29406,0.4314,22,51
29407,0.9032,28,31
29408,0.907,39,43
29409,0.5172,15,29
29410,0.4615,30,65
29411,0.7391,17,23
29412,0.7692,10,13
29413,0.5833,7,12
29414,0.5385,14,26
29415,0.76,19,25
29416,1.0,5,5
29417,0.8696,20,23
29418,0.2821,11,39
29419,0.7381,31,42
29420,0.2034,36,177
29421,1.0,16,16
29422,0.4667,7,15
29423,0.3571,10,28
29424,0.5,11,22
29425,0.4062,13,32
29426,0.5316,84,158
29427,0.6,51,85
29428,0.7794,53,68
29429,0.4386,25,57
29430,0.6087,14,23
29431,0.4231,11,26
29432,1.0,3,3
29433,0.4706,24,51
29434,0.3871,24,62
29435,0.375,6,16
29436,0.6667,4,6
29437,0.3784,14,37
29438,0.6667,2,3
29439,0.6706,57,85
29440,0.6122,30,49
29441,0.7059,12,17
29442,0.449,22,49
29443,0.5306,26,49
29444,0.3913,9,23
29445,0.25,3,12
29446,0.8333,5,6
29447,0.6667,18,27
29448,0.6667,10,15
29449,0.427,38,89
29450,0.75,3,4
29451,0.75,18,24
29452,0.4211,8,19
29453,0.5,4,8
29454,0.7143,5,7
29455,0.4,6,15
29456,0.2,8,40
29457,0.3122,59,189
29458,0.2222,10,45
29459,1.0,12,12
29460,0.75,9,12
29461,0.0,0,9
29462,0.4366,31,71
29463,0.9,9,10
29464,0.5467,41,75
29465,0.3333,3,9
29466,0.6585,27,41
29467,0.8889,24,27
29468,0.4789,34,71
29469,0.6667,2,3
29470,1.0,3,3
29471,0.625,30,48
29472,0.4262,26,61
29474,0.5909,13,22
29475,0.6,3,5
29476,0.7273,8,11
29477,0.5517,16,29
29478,0.8413,53,63
29479,0.931,27,29
29480,0.8077,21,26
29481,0.725,29,40
29482,0.5,3,6
29483,0.6667,2,3
29484,0.6,3,5
29485,0.5195,40,77
29486,0.2929,29,99
29487,1.0,21,21
29488,0.4146,17,41
29489,0.8667,26,30
29490,0.8163,40,49
29491,0.6207,18,29
29492,0.7059,12,17
29493,0.6452,20,31
29494,0.8,4,5
29495,0.4,34,85
29496,0.8333,15,18
29497,0.8,4,5
29498,0.8571,12,14
29499,0.6512,168,258
29500,0.6587,83,126
29501,1.0,5,5
29502,0.9,9,10
29503,0.2553,12,47
29504,0.5,1,2
29505,0.9091,10,11
29506,0.5,3,6
29507,0.4545,40,88
29508,0.875,14,16
29509,0.5,5,10
29510,0.5466,88,161
29511,0.3485,23,66
29512,0.3529,6,17
29513,0.4815,13,27
29514,1.0,3,3
29515,0.4444,4,9
29516,0.3333,37,111
29517,0.3958,19,48
29518,0.6522,15,23
29519,0.5294,18,34
29520,0.4714,33,70
29521,0.6765,23,34
29522,0.7857,11,14
29523,0.8837,38,43
29524,0.8333,5,6
29525,0.5833,7,12
29526,0.5405,20,37
29527,0.8889,40,45
29528,0.75,9,12
29529,0.6571,46,70
29530,0.7857,11,14
29531,0.4848,48,99
29532,0.5,33,66
29533,0.3571,10,28
29534,0.875,7,8
29535,0.75,6,8
29536,0.8,4,5
29537,1.0,2,2
29538,0.3636,4,11
29539,0.0,0,4
29540,0.6774,21,31
29541,0.4941,42,85
29542,0.7391,17,23
29543,0.6078,31,51
29544,0.8889,8,9
29545,1.0,3,3
29546,0.7143,25,35
29547,0.9143,32,35
29548,1.0,3,3
29549,0.4583,22,48
29550,0.1111,2,18
29551,0.8095,34,42
29552,0.9231,12,13
29553,0.3871,12,31
29554,0.65,26,40
29555,0.697,23,33
29556,0.2917,7,24
29557,0.5122,42,82
29558,0.9444,17,18
29559,0.5435,25,46
29560,0.3077,8,26
29561,0.4,2,5
29562,0.6364,21,33
29563,0.32,8,25
29564,0.4416,68,154
29565,0.5714,4,7
29566,0.9444,17,18
29567,0.6429,18,28
29568,0.9459,35,37
29569,0.9167,33,36
29570,0.4062,26,64
29571,0.7931,23,29
29572,0.875,7,8
29573,0.8421,16,19
29574,0.4706,16,34
29575,0.1959,67,342
29576,0.1304,6,46
29577,0.6667,16,24
29578,0.64,16,25
29579,0.8,28,35
29580,0.7273,8,11
29581,0.6667,22,33
29582,0.3333,1,3
29583,0.6364,14,22
29584,0.4167,15,36
29585,0.5714,8,14
29586,0.3224,59,183
29587,0.4444,4,9
29588,0.619,26,42
29589,0.4384,32,73
29590,0.6923,27,39
29591,0.6,3,5
29592,0.8,4,5
29593,0.5,10,20
29594,0.3529,6,17
29595,0.3014,44,146
29596,1.0,6,6
29597,0.4146,17,41
29598,0.6909,76,110
29599,0.6667,2,3
29600,0.76,19,25
29601,0.5625,18,32
29602,0.8,8,10
29603,0.6,27,45
29604,0.8966,52,58
29605,0.3529,6,17
29606,0.875,7,8
29607,0.6522,15,23
29608,0.8,4,5
29609,0.641,25,39
29610,0.6667,28,42
29611,0.3553,27,76
29612,0.875,14,16
29613,0.4474,34,76
29614,0.7556,34,45
29615,1.0,18,18
29616,0.5,13,26
29617,0.3333,6,18
29618,0.7143,5,7
29619,0.5333,16,30
29620,0.5926,16,27
29621,0.2835,36,127
29622,0.5588,19,34
29623,0.4,28,70
29624,0.6304,29,46
29625,0.8182,18,22
29626,0.7692,20,26
29627,0.5,2,4
29628,0.7857,11,14
29629,0.7857,44,56
29630,0.6197,44,71
29631,0.45,9,20
29632,0.5417,65,120
29633,0.8026,61,76
29634,0.2581,8,31
29635,0.2985,20,67
29636,0.5556,5,9
29637,0.5,44,88
29638,0.9444,17,18
29639,0.5385,7,13
29640,0.625,5,8
29641,0.6111,22,36
29642,0.4242,14,33
29643,0.8,12,15
29644,0.9167,22,24
29645,0.7143,10,14
29646,0.6429,36,56
29647,0.64,16,25
29648,1.0,6,6
29649,0.4545,5,11
29650,0.5,13,26
29651,1.0,10,10
29652,0.875,7,8
29653,0.4286,9,21
29654,0.5,3,6
29655,0.6739,31,46
29656,0.2368,27,114
29657,0.7586,44,58
29658,0.8,4,5
29659,0.4286,9,21
29660,0.8,44,55
29661,0.5778,26,45
29662,0.8611,31,36
29663,0.8333,25,30
29664,0.8,16,20
29665,0.7558,65,86
29666,0.8333,10,12
29667,0.3333,10,30
29668,1.0,11,11
29669,0.3564,36,101
29670,0.9474,18,19
29671,0.9231,12,13
29672,0.8889,8,9
29673,0.3274,55,168
29674,0.6053,23,38
29675,0.9565,22,23
29676,0.4588,39,85
29677,0.5556,5,9
29678,0.2703,10,37
29679,1.0,8,8
29680,0.7692,10,13
29681,0.8118,69,85
29682,0.7143,10,14
29683,0.8,12,15
29684,0.5227,23,44
29685,0.6,9,15
29686,0.9167,33,36
29687,0.5732,90,157
29688,0.8421,16,19
29689,0.875,7,8
29690,0.62,31,50
29691,1.0,7,7
29692,0.875,7,8
29693,0.5628,139,247
29694,0.2432,9,37
29695,0.4286,24,56
29696,0.5312,17,32
29697,0.6667,2,3
29698,0.1667,1,6
29699,0.7627,45,59
29700,0.6,3,5
29701,0.7879,26,33
29702,1.0,3,3
29703,0.2,1,5
29704,0.2,1,5
29705,0.5417,13,24
29706,0.25,1,4
29707,0.9683,61,63
29708,0.5556,5,9
29709,0.4444,4,9
29710,0.5644,57,101
29711,1.0,4,4
29712,0.0,0,4
29713,0.8333,15,18
29714,0.7619,16,21
29715,0.7,7,10
29716,0.8333,5,6
29717,0.0833,1,12
29718,0.3,3,10
29719,0.8696,20,23
29720,0.5,9,18
29721,0.463,25,54
29723,0.5926,16,27
29724,0.5938,19,32
29725,0.9,9,10
29726,0.6087,28,46
29727,0.7123,52,73
29728,0.8571,6,7
29729,0.7073,29,41
29730,0.4914,57,116
29731,0.2,4,20
29732,0.9091,10,11
29733,0.7614,67,88
29734,0.6667,2,3
29735,0.8519,23,27
29736,0.7059,12,17
29737,0.3939,26,66
29738,0.4273,94,220
29739,0.5,2,4
29740,0.4359,17,39
29741,0.6667,2,3
29742,0.4167,10,24
29743,0.8382,57,68
29744,0.5909,13,22
29745,0.2027,15,74
29746,0.3333,1,3
29747,1.0,11,11
29748,0.3529,6,17
29749,0.7524,79,105
29750,0.5,16,32
29751,0.8571,6,7
29752,0.9,9,10
29753,0.9286,13,14
29754,0.4098,25,61
29755,0.9,9,10
29756,0.5714,12,21
29757,0.7368,14,19
29758,0.5,1,2
29759,1.0,5,5
29760,1.0,9,9
29761,0.6667,12,18
29762,1.0,1,1
29763,0.8125,13,16
29764,0.5635,111,197
29765,0.3333,6,18
29766,1.0,2,2
29767,0.8571,12,14
29768,0.75,9,12
29769,0.6667,30,45
29771,0.8333,5,6
29772,0.3333,2,6
29773,0.4078,42,103
29774,0.3696,17,46
29775,0.6429,18,28
29776,0.75,15,20
29777,0.75,15,20
29778,0.9143,32,35
29779,0.8,8,10
29780,0.3289,25,76
29781,0.6154,16,26
29782,0.6923,18,26
29783,0.5275,48,91
29784,0.6316,12,19
29785,0.537,29,54
29786,0.6667,10,15
29787,0.4868,37,76
29788,0.5526,21,38
29789,0.6517,58,89
29790,0.619,13,21
29791,0.6364,14,22
29792,1.0,3,3
29793,0.6,6,10
29794,0.3431,47,137
29795,0.6522,15,23
29796,0.7447,35,47
29797,0.3987,63,158
29798,0.2941,15,51
29799,0.4762,10,21
29800,0.7143,20,28
29801,0.6429,9,14
29802,0.9231,12,13
29803,0.4231,11,26
29804,0.4194,13,31
29805,0.875,14,16
29806,0.3913,9,23
29807,0.2174,5,23
29808,0.8367,41,49
29809,0.5,9,18
29810,0.2958,42,142
29811,0.4062,13,32
29812,0.7059,12,17
29813,0.9167,11,12
29814,0.5952,25,42
29815,0.4545,10,22
29816,0.625,15,24
29817,0.7778,14,18
29818,0.6071,17,28
29819,0.7778,63,81
29820,0.3333,1,3
29821,0.6,15,25
29822,0.0,0,2
29823,0.4286,3,7
29824,0.6875,33,48
29825,0.561,23,41
29826,0.6207,36,58
29827,0.5556,5,9
29829,1.0,49,49
29830,0.84,21,25
29831,0.76,38,50
29832,0.2,2,10
29833,0.75,6,8
29834,0.7692,10,13
29835,0.8095,17,21
29836,0.875,7,8
29837,0.5098,26,51
29838,0.44,11,25
29839,1.0,2,2
29840,0.7949,31,39
29841,0.5429,19,35
29842,0.4286,12,28
29844,0.4,2,5
29845,0.5,12,24
29846,0.7778,14,18
29847,0.4894,23,47
29848,0.6667,18,27
29849,0.7778,14,18
29850,0.8667,13,15
29851,0.2637,24,91
29852,0.4533,34,75
29853,0.2783,32,115
29854,0.0481,5,104
29855,0.8333,20,24
29856,0.5,1,2
29857,0.4023,35,87
29858,0.5,2,4
29859,0.8333,5,6
29860,0.6053,23,38
29861,0.5068,37,73
29862,0.8333,10,12
29863,0.6667,2,3
29864,0.4828,14,29
29865,0.85,17,20
29866,0.8108,30,37
29867,0.6667,2,3
29868,0.7647,13,17
29869,0.5577,29,52
29870,1.0,20,20
29871,0.2609,12,46
29872,1.0,15,15
29873,0.8625,69,80
29874,0.5455,18,33
29875,0.3333,2,6
29876,0.2973,11,37
29877,0.8929,25,28
29878,0.6393,39,61
29879,0.2536,71,280
29880,0.75,36,48
29881,0.76,19,25
29882,0.2672,31,116
29883,0.119,10,84
29884,0.7143,5,7
29885,1.0,3,3
29886,1.0,9,9
29887,0.5435,50,92
29888,0.0833,1,12
29889,1.0,11,11
29890,0.6883,53,77
29891,0.4,2,5
29892,0.8182,36,44
29893,0.2353,32,136
29894,0.3056,11,36
29895,0.6111,22,36
29896,0.7778,7,9
29897,1.0,5,5
29898,0.7907,34,43
29899,0.5,3,6
29900,0.7778,7,9
29901,0.5455,18,33
29902,0.7692,10,13
29903,0.0938,3,32
29904,0.375,3,8
29905,0.7391,17,23
29906,0.7143,5,7
29907,0.9167,11,12
29908,0.8095,17,21
29909,0.4,6,15
29910,0.5,10,20
29911,0.6667,34,51
29912,0.1714,6,35
29913,0.6154,24,39
29914,0.36,9,25
29915,0.6269,42,67
29916,0.3974,31,78
29917,0.875,7,8
29918,0.3864,17,44
29919,0.4194,13,31
29920,0.6269,42,67
29921,1.0,6,6
29922,0.1786,15,84
29923,0.5,2,4
29924,0.6296,17,27
29925,0.4255,20,47
29926,0.84,21,25
29927,0.7222,13,18
29928,0.2647,9,34
29929,0.5825,60,103
29930,0.7143,5,7
29931,0.725,29,40
29932,0.0,0,1
29933,0.5686,29,51
29934,0.53,53,100
29935,0.8,48,60
29936,0.9444,17,18
29937,1.0,5,5
29938,0.6842,13,19
29939,0.3636,4,11
29940,0.9333,14,15
29941,0.7931,23,29
29942,0.38,19,50
29943,0.7333,11,15
29944,1.0,6,6
29945,0.5,3,6
29946,0.6364,14,22
29947,1.0,2,2
29948,0.04,1,25
29949,0.75,9,12
29950,0.6735,33,49
29951,0.4423,23,52
29952,0.6667,2,3
29953,0.2597,40,154
29954,0.8333,10,12
29955,0.6667,6,9
29956,0.6,18,30
29957,0.6667,2,3
29958,1.0,9,9
29959,0.6316,24,38
29960,0.375,12,32
29961,0.0,0,4
29962,0.7,14,20
29963,1.0,3,3
29964,0.8108,30,37
29965,0.8246,47,57
29966,1.0,2,2
29967,0.5556,20,36
29968,0.4286,39,91
29969,0.7143,15,21
29970,0.6562,21,32
29971,1.0,8,8
29972,1.0,15,15
29973,0.6596,31,47
29974,0.8,28,35
29975,0.5166,78,151
29976,0.7193,41,57
29977,0.3971,27,68
29978,0.8182,27,33
29979,0.3559,21,59
29980,0.84,21,25
29981,0.4235,72,170
29982,0.4,10,25
29983,0.5714,4,7
29984,0.7059,12,17
29985,0.9333,14,15
29986,0.8889,16,18
29987,1.0,11,11
29988,0.2,4,20
29989,0.6667,6,9
29990,0.5556,30,54
29991,0.1429,2,14
29992,0.6,12,20
29993,0.875,7,8
29994,0.7407,20,27
29995,0.7647,13,17
29996,0.3333,3,9
29997,0.0431,5,116
29998,0.6667,6,9
29999,1.0,7,7
30000,0.4808,50,104
